step,split,name,value
0,eval,best_return,-795.0560037607296
0,eval,collapse_rate,0.9
0,eval,failure_rate,1.0
0,eval,fraction_return_ge_-100,0.0
0,eval,fraction_return_ge_-150,0.0
0,eval,fraction_return_ge_-200,0.0
0,eval,fraction_return_ge_-250,0.0
0,eval,max_not_near_upright_streak,200.0
0,eval,mean_episode_length,200.0
0,eval,mean_min_step_reward,-12.144426649039403
0,eval,mean_return,-1508.0939273902281
0,eval,median_return,-1547.052641906187
0,eval,near_upright_fraction,0.00925
0,eval,num_collapses,18.0
0,eval,num_eval_episodes,20.0
0,eval,num_strict_successes,0.0
0,eval,num_successes,0.0
0,eval,return_failure_rate,1.0
0,eval,return_p05,-1888.4056405000126
0,eval,return_p10,-1887.0573423743533
0,eval,return_p25,-1796.9105069854131
0,eval,return_p75,-1305.4716741625832
0,eval,return_p90,-1128.9176127491112
0,eval,return_p95,-874.4299672248628
0,eval,return_reliability_nines_empirical,0.0
0,eval,return_reliability_nines_wilson95_low,0.0
0,eval,return_success_rate,0.0
0,eval,stability_success_rate,0.0
0,eval,std_return,320.2069743219592
0,eval,streak_success_rate,0.0
0,eval,strict_failure_rate,1.0
0,eval,strict_reliability_nines_empirical,0.0
0,eval,strict_reliability_nines_wilson95_low,0.0
0,eval,strict_success_rate,0.0
0,eval,strict_success_rate_wilson95_high,0.16112515805281938
0,eval,strict_success_rate_wilson95_low,0.0
0,eval,success_rate,0.0
0,eval,success_rate_wilson95_high,0.16112515805281938
0,eval,success_rate_wilson95_low,0.0
0,eval,worst_episode_near_upright_fraction,0.0
0,eval,worst_min_step_reward,-16.21671580786755
0,eval,worst_return,-1906.2635647606996
200,train_episode,collapse,1.0
200,train_episode,length,200.0
200,train_episode,return,-1071.9307048996711
200,train_episode,success,0.0
400,train_episode,collapse,1.0
400,train_episode,length,200.0
400,train_episode,return,-1508.1563816791627
400,train_episode,success,0.0
600,train_episode,collapse,1.0
600,train_episode,length,200.0
600,train_episode,return,-1264.817177206974
600,train_episode,success,0.0
800,train_episode,collapse,0.0
800,train_episode,length,200.0
800,train_episode,return,-975.6967559825594
800,train_episode,success,0.0
1000,train_episode,collapse,0.0
1000,train_episode,length,200.0
1000,train_episode,return,-972.1087893349505
1000,train_episode,success,0.0
1200,train_episode,collapse,1.0
1200,train_episode,length,200.0
1200,train_episode,return,-1525.5428927330931
1200,train_episode,success,0.0
1400,train_episode,collapse,1.0
1400,train_episode,length,200.0
1400,train_episode,return,-1512.64270396323
1400,train_episode,success,0.0
1600,train_episode,collapse,0.0
1600,train_episode,length,200.0
1600,train_episode,return,-854.8066351028133
1600,train_episode,success,0.0
1800,train_episode,collapse,1.0
1800,train_episode,length,200.0
1800,train_episode,return,-1407.302114356013
1800,train_episode,success,0.0
2000,train_episode,collapse,0.0
2000,train_episode,length,200.0
2000,train_episode,return,-963.0603301701569
2000,train_episode,success,0.0
2200,train_episode,collapse,1.0
2200,train_episode,length,200.0
2200,train_episode,return,-1558.746399563667
2200,train_episode,success,0.0
2400,train_episode,collapse,0.0
2400,train_episode,length,200.0
2400,train_episode,return,-865.6297337411968
2400,train_episode,success,0.0
2600,train_episode,collapse,1.0
2600,train_episode,length,200.0
2600,train_episode,return,-1150.5216050496647
2600,train_episode,success,0.0
2800,train_episode,collapse,1.0
2800,train_episode,length,200.0
2800,train_episode,return,-1648.4121151974336
2800,train_episode,success,0.0
3000,train_episode,collapse,0.0
3000,train_episode,length,200.0
3000,train_episode,return,-963.3070464847735
3000,train_episode,success,0.0
3200,train_episode,collapse,1.0
3200,train_episode,length,200.0
3200,train_episode,return,-1155.4358875320577
3200,train_episode,success,0.0
3400,train_episode,collapse,1.0
3400,train_episode,length,200.0
3400,train_episode,return,-1335.5468876253312
3400,train_episode,success,0.0
3600,train_episode,collapse,0.0
3600,train_episode,length,200.0
3600,train_episode,return,-876.4971890182585
3600,train_episode,success,0.0
3800,train_episode,collapse,0.0
3800,train_episode,length,200.0
3800,train_episode,return,-930.6881210875315
3800,train_episode,success,0.0
4000,train_episode,collapse,1.0
4000,train_episode,length,200.0
4000,train_episode,return,-1557.6118868425199
4000,train_episode,success,0.0
4200,train_episode,collapse,0.0
4200,train_episode,length,200.0
4200,train_episode,return,-863.793360164558
4200,train_episode,success,0.0
4400,train_episode,collapse,0.0
4400,train_episode,length,200.0
4400,train_episode,return,-964.158119046887
4400,train_episode,success,0.0
4600,train_episode,collapse,0.0
4600,train_episode,length,200.0
4600,train_episode,return,-924.4870150524173
4600,train_episode,success,0.0
4800,train_episode,collapse,1.0
4800,train_episode,length,200.0
4800,train_episode,return,-1305.0494726216175
4800,train_episode,success,0.0
5000,train_episode,collapse,1.0
5000,train_episode,length,200.0
5000,train_episode,return,-1599.0368945575553
5000,train_episode,success,0.0
5200,train_episode,collapse,1.0
5200,train_episode,length,200.0
5200,train_episode,return,-1490.0112233603497
5200,train_episode,success,0.0
5400,train_episode,collapse,1.0
5400,train_episode,length,200.0
5400,train_episode,return,-1676.254157820156
5400,train_episode,success,0.0
5600,train_episode,collapse,1.0
5600,train_episode,length,200.0
5600,train_episode,return,-1386.413283214367
5600,train_episode,success,0.0
5800,train_episode,collapse,1.0
5800,train_episode,length,200.0
5800,train_episode,return,-1324.3482395935966
5800,train_episode,success,0.0
6000,train_episode,collapse,1.0
6000,train_episode,length,200.0
6000,train_episode,return,-1564.9763574139727
6000,train_episode,success,0.0
6200,train_episode,collapse,1.0
6200,train_episode,length,200.0
6200,train_episode,return,-1289.5138460252258
6200,train_episode,success,0.0
6400,train_episode,collapse,1.0
6400,train_episode,length,200.0
6400,train_episode,return,-1301.3395142356121
6400,train_episode,success,0.0
6600,train_episode,collapse,1.0
6600,train_episode,length,200.0
6600,train_episode,return,-1066.75339788912
6600,train_episode,success,0.0
6800,train_episode,collapse,1.0
6800,train_episode,length,200.0
6800,train_episode,return,-1088.4872303487764
6800,train_episode,success,0.0
7000,train_episode,collapse,0.0
7000,train_episode,length,200.0
7000,train_episode,return,-948.564564206905
7000,train_episode,success,0.0
7200,train_episode,collapse,0.0
7200,train_episode,length,200.0
7200,train_episode,return,-772.6584556645265
7200,train_episode,success,0.0
7400,train_episode,collapse,0.0
7400,train_episode,length,200.0
7400,train_episode,return,-3.052060390705826
7400,train_episode,success,1.0
7600,train_episode,collapse,0.0
7600,train_episode,length,200.0
7600,train_episode,return,-1.0200144687034902
7600,train_episode,success,1.0
7800,train_episode,collapse,0.0
7800,train_episode,length,200.0
7800,train_episode,return,-124.92588499365509
7800,train_episode,success,1.0
8000,train_episode,collapse,0.0
8000,train_episode,length,200.0
8000,train_episode,return,-543.5775446992521
8000,train_episode,success,0.0
8200,train_episode,collapse,0.0
8200,train_episode,length,200.0
8200,train_episode,return,-126.76828898052281
8200,train_episode,success,1.0
8400,train_episode,collapse,0.0
8400,train_episode,length,200.0
8400,train_episode,return,-1.402533340729359
8400,train_episode,success,1.0
8600,train_episode,collapse,0.0
8600,train_episode,length,200.0
8600,train_episode,return,-130.03524921435525
8600,train_episode,success,1.0
8800,train_episode,collapse,0.0
8800,train_episode,length,200.0
8800,train_episode,return,-120.25533855939537
8800,train_episode,success,1.0
9000,train_episode,collapse,0.0
9000,train_episode,length,200.0
9000,train_episode,return,-246.3317743456316
9000,train_episode,success,0.0
9200,train_episode,collapse,0.0
9200,train_episode,length,200.0
9200,train_episode,return,-230.60492978508032
9200,train_episode,success,0.0
9400,train_episode,collapse,0.0
9400,train_episode,length,200.0
9400,train_episode,return,-321.9780029256585
9400,train_episode,success,0.0
9600,train_episode,collapse,0.0
9600,train_episode,length,200.0
9600,train_episode,return,-345.1617667894256
9600,train_episode,success,0.0
9800,train_episode,collapse,0.0
9800,train_episode,length,200.0
9800,train_episode,return,-248.6026966903412
9800,train_episode,success,0.0
10000,train_episode,collapse,0.0
10000,train_episode,length,200.0
10000,train_episode,return,-235.50557446801344
10000,train_episode,success,0.0
10000,update,actor_grad_norm,1.023173451423645
10000,update,actor_grad_norm_max,11.950898170471191
10000,update,actor_grad_norm_mean,1.102294820547104
10000,update,actor_grad_norm_min,0.3137817084789276
10000,update,actor_loss,75.18766021728516
10000,update,actor_loss_max,82.39215087890625
10000,update,actor_loss_mean,50.02866796120405
10000,update,actor_loss_min,0.1624194085597992
10000,update,actor_param_norm,17.90065574645996
10000,update,actor_param_norm_max,17.90065574645996
10000,update,actor_param_norm_mean,15.687317494392396
10000,update,actor_param_norm_min,14.218192100524902
10000,update,actor_update_norm,0.01886964775621891
10000,update,actor_update_norm_max,0.06123574078083038
10000,update,actor_update_norm_mean,0.013434578579105436
10000,update,actor_update_norm_min,0.005198279395699501
10000,update,actor_update_norm_ratio,0.0010542055603325227
10000,update,actor_update_norm_ratio_max,0.004306817717638398
10000,update,actor_update_norm_ratio_mean,0.0008534282080133966
10000,update,actor_update_norm_ratio_min,0.0003653665492675229
10000,update,alpha,0.11479328572750092
10000,update,alpha_loss,0.0699889287352562
10000,update,alpha_loss_max,2.304898262023926
10000,update,alpha_loss_mean,0.49466549083068967
10000,update,alpha_loss_min,0.018238304182887077
10000,update,alpha_max,1.0
10000,update,alpha_mean,0.3104970547914505
10000,update,alpha_min,0.11479328572750092
10000,update,num_optimizer_updates,5000.0
10000,update,policy_entropy_estimate,-0.3905070126056671
10000,update,policy_entropy_estimate_max,1.4223800897598267
10000,update,policy_entropy_estimate_mean,0.19414037075452506
10000,update,policy_entropy_estimate_min,-0.8915365934371948
10000,update,policy_log_prob_mean,0.3905070126056671
10000,update,policy_log_prob_mean_max,0.8915365934371948
10000,update,policy_log_prob_mean_mean,-0.19414037075452506
10000,update,policy_log_prob_mean_min,-1.4223800897598267
10000,update,q1_loss,1.6043756008148193
10000,update,q1_loss_max,43.73772048950195
10000,update,q1_loss_mean,0.4512014807932079
10000,update,q1_loss_min,0.04795551300048828
10000,update,q1_mean,-77.40550231933594
10000,update,q1_mean_max,0.08424259722232819
10000,update,q1_mean_mean,-51.361134688684345
10000,update,q1_mean_min,-84.509521484375
10000,update,q2_loss,0.7883011698722839
10000,update,q2_loss_max,44.43975830078125
10000,update,q2_loss_mean,0.37988037038221956
10000,update,q2_loss_min,0.048561953008174896
10000,update,q2_mean,-77.39055633544922
10000,update,q2_mean_max,0.12338528782129288
10000,update,q2_mean_mean,-51.36154845510572
10000,update,q2_mean_min,-84.26541137695312
10000,update,q_grad_norm,52.17539978027344
10000,update,q_grad_norm_max,256.3388671875
10000,update,q_grad_norm_mean,31.057996973705293
10000,update,q_grad_norm_min,0.9707655906677246
10000,update,q_loss,2.392676830291748
10000,update,q_loss_cleanrl_logged,1.196338415145874
10000,update,q_loss_cleanrl_logged_max,44.08873748779297
10000,update,q_loss_cleanrl_logged_mean,0.415540925154835
10000,update,q_loss_cleanrl_logged_min,0.04988332837820053
10000,update,q_loss_max,88.17747497558594
10000,update,q_loss_mean,0.83108185030967
10000,update,q_loss_min,0.09976665675640106
10000,update,q_param_norm,81.9044075012207
10000,update,q_param_norm_max,81.9044075012207
10000,update,q_param_norm_mean,53.36531881408691
10000,update,q_param_norm_min,27.76756000518799
10000,update,q_update_norm,0.03175251930952072
10000,update,q_update_norm_max,0.35625559091567993
10000,update,q_update_norm_mean,0.0349716317910701
10000,update,q_update_norm_min,0.01651580259203911
10000,update,q_update_norm_ratio,0.0005482966405129413
10000,update,q_update_norm_ratio_max,0.018145567808544694
10000,update,q_update_norm_ratio_mean,0.0010135565860095058
10000,update,q_update_norm_ratio_min,0.0003973919373310279
10000,update,target_q_mean,-77.33880615234375
10000,update,target_q_mean_max,-4.59895133972168
10000,update,target_q_mean_mean,-51.36833034820557
10000,update,target_q_mean_min,-84.26858520507812
10200,train_episode,collapse,0.0
10200,train_episode,length,200.0
10200,train_episode,return,-1.0984200307393002
10200,train_episode,success,1.0
10400,train_episode,collapse,0.0
10400,train_episode,length,200.0
10400,train_episode,return,-114.718913167416
10400,train_episode,success,1.0
10600,train_episode,collapse,0.0
10600,train_episode,length,200.0
10600,train_episode,return,-118.85633874721444
10600,train_episode,success,1.0
10800,train_episode,collapse,0.0
10800,train_episode,length,200.0
10800,train_episode,return,-1.968184012761098
10800,train_episode,success,1.0
11000,train_episode,collapse,0.0
11000,train_episode,length,200.0
11000,train_episode,return,-294.7700579821868
11000,train_episode,success,0.0
11200,train_episode,collapse,0.0
11200,train_episode,length,200.0
11200,train_episode,return,-128.01906492404572
11200,train_episode,success,1.0
11400,train_episode,collapse,0.0
11400,train_episode,length,200.0
11400,train_episode,return,-120.87746120632973
11400,train_episode,success,1.0
11600,train_episode,collapse,0.0
11600,train_episode,length,200.0
11600,train_episode,return,-117.51013149710485
11600,train_episode,success,1.0
11800,train_episode,collapse,0.0
11800,train_episode,length,200.0
11800,train_episode,return,-287.07273500824016
11800,train_episode,success,0.0
12000,train_episode,collapse,0.0
12000,train_episode,length,200.0
12000,train_episode,return,-125.69925332021857
12000,train_episode,success,1.0
12200,train_episode,collapse,0.0
12200,train_episode,length,200.0
12200,train_episode,return,-123.25839370058853
12200,train_episode,success,1.0
12400,train_episode,collapse,0.0
12400,train_episode,length,200.0
12400,train_episode,return,-243.77918560339668
12400,train_episode,success,0.0
12600,train_episode,collapse,0.0
12600,train_episode,length,200.0
12600,train_episode,return,-117.02171362216846
12600,train_episode,success,1.0
12800,train_episode,collapse,0.0
12800,train_episode,length,200.0
12800,train_episode,return,-243.7114287553062
12800,train_episode,success,0.0
13000,train_episode,collapse,0.0
13000,train_episode,length,200.0
13000,train_episode,return,-227.51233579548534
13000,train_episode,success,0.0
13200,train_episode,collapse,0.0
13200,train_episode,length,200.0
13200,train_episode,return,-125.20451205993861
13200,train_episode,success,1.0
13400,train_episode,collapse,0.0
13400,train_episode,length,200.0
13400,train_episode,return,-116.97681754930402
13400,train_episode,success,1.0
13600,train_episode,collapse,0.0
13600,train_episode,length,200.0
13600,train_episode,return,-118.78176965372798
13600,train_episode,success,1.0
13800,train_episode,collapse,0.0
13800,train_episode,length,200.0
13800,train_episode,return,-116.52178242473362
13800,train_episode,success,1.0
14000,train_episode,collapse,0.0
14000,train_episode,length,200.0
14000,train_episode,return,-253.16242005999666
14000,train_episode,success,0.0
14200,train_episode,collapse,0.0
14200,train_episode,length,200.0
14200,train_episode,return,-2.660018245750152
14200,train_episode,success,1.0
14400,train_episode,collapse,0.0
14400,train_episode,length,200.0
14400,train_episode,return,-246.5238572439382
14400,train_episode,success,0.0
14600,train_episode,collapse,0.0
14600,train_episode,length,200.0
14600,train_episode,return,-4.361552050086695
14600,train_episode,success,1.0
14800,train_episode,collapse,0.0
14800,train_episode,length,200.0
14800,train_episode,return,-302.50819482228616
14800,train_episode,success,0.0
15000,train_episode,collapse,0.0
15000,train_episode,length,200.0
15000,train_episode,return,-3.6105484617988446
15000,train_episode,success,1.0
15000,update,actor_grad_norm,1.9069440364837646
15000,update,actor_grad_norm_max,6.043944835662842
15000,update,actor_grad_norm_mean,1.0750215743422509
15000,update,actor_grad_norm_min,0.27125465869903564
15000,update,actor_loss,54.4577751159668
15000,update,actor_loss_max,83.74526977539062
15000,update,actor_loss_mean,68.34422157592773
15000,update,actor_loss_min,50.22987365722656
15000,update,actor_param_norm,23.100244522094727
15000,update,actor_param_norm_max,23.100244522094727
15000,update,actor_param_norm_mean,20.55575389022827
15000,update,actor_param_norm_min,17.90065574645996
15000,update,actor_update_norm,0.015142738819122314
15000,update,actor_update_norm_max,0.036649636924266815
15000,update,actor_update_norm_mean,0.015507898560911417
15000,update,actor_update_norm_min,0.00828579068183899
15000,update,actor_update_norm_ratio,0.0006555345172300871
15000,update,actor_update_norm_ratio_max,0.0018200956779823813
15000,update,actor_update_norm_ratio_mean,0.000759488186266049
15000,update,actor_update_norm_ratio_min,0.0003591009660197658
15000,update,alpha,0.03911035507917404
15000,update,alpha_loss,0.004801490344107151
15000,update,alpha_loss_max,0.0988711342215538
15000,update,alpha_loss_mean,0.018541835396143142
15000,update,alpha_loss_min,-0.024589061737060547
15000,update,alpha_max,0.11479328572750092
15000,update,alpha_mean,0.06905321656763554
15000,update,alpha_min,0.03911035507917404
15000,update,num_optimizer_updates,5000.0
15000,update,policy_entropy_estimate,-0.8772728443145752
15000,update,policy_entropy_estimate_max,-0.06915938854217529
15000,update,policy_entropy_estimate_mean,-0.7653736409306526
15000,update,policy_entropy_estimate_min,-1.6170072555541992
15000,update,policy_log_prob_mean,0.8772728443145752
15000,update,policy_log_prob_mean_max,1.6170072555541992
15000,update,policy_log_prob_mean_mean,0.7653736409306526
15000,update,policy_log_prob_mean_min,0.06915938854217529
15000,update,q1_loss,2.462800979614258
15000,update,q1_loss_max,5.245686054229736
15000,update,q1_loss_mean,1.8466985694408418
15000,update,q1_loss_min,0.5766074061393738
15000,update,q1_mean,-56.4666633605957
15000,update,q1_mean_max,-49.50880813598633
15000,update,q1_mean_mean,-70.67938728027343
15000,update,q1_mean_min,-90.40123748779297
15000,update,q2_loss,0.925101637840271
15000,update,q2_loss_max,3.8327643871307373
15000,update,q2_loss_mean,1.2652606703460216
15000,update,q2_loss_min,0.32676568627357483
15000,update,q2_mean,-57.05303192138672
15000,update,q2_mean_max,-49.61776351928711
15000,update,q2_mean_mean,-70.67856329956055
15000,update,q2_mean_min,-90.72076416015625
15000,update,q_grad_norm,229.10638427734375
15000,update,q_grad_norm_max,419.5103454589844
15000,update,q_grad_norm_mean,121.60149855155944
15000,update,q_grad_norm_min,28.88947296142578
15000,update,q_loss,3.3879027366638184
15000,update,q_loss_cleanrl_logged,1.6939513683319092
15000,update,q_loss_cleanrl_logged_max,4.208484649658203
15000,update,q_loss_cleanrl_logged_mean,1.5559796197295188
15000,update,q_loss_cleanrl_logged_min,0.5098450183868408
15000,update,q_loss_max,8.416969299316406
15000,update,q_loss_mean,3.1119592394590376
15000,update,q_loss_min,1.0196900367736816
15000,update,q_param_norm,126.84890365600586
15000,update,q_param_norm_max,126.84890365600586
15000,update,q_param_norm_mean,107.52706926879883
15000,update,q_param_norm_min,81.91689682006836
15000,update,q_update_norm,0.029566017910838127
15000,update,q_update_norm_max,0.0725846141576767
15000,update,q_update_norm_mean,0.033033506615459916
15000,update,q_update_norm_min,0.017843719571828842
15000,update,q_update_norm_ratio,0.0003296218524945508
15000,update,q_update_norm_ratio_max,0.0010561540235052803
15000,update,q_update_norm_ratio_mean,0.00044484635178097316
15000,update,q_update_norm_ratio_min,0.00020191217341367586
15000,update,target_q_mean,-57.480316162109375
15000,update,target_q_mean_max,-49.4406852722168
15000,update,target_q_mean_mean,-70.67726301574707
15000,update,target_q_mean_min,-90.1968002319336
15200,train_episode,collapse,0.0
15200,train_episode,length,200.0
15200,train_episode,return,-357.26919425304067
15200,train_episode,success,0.0
15400,train_episode,collapse,0.0
15400,train_episode,length,200.0
15400,train_episode,return,-236.75830855023034
15400,train_episode,success,0.0
15600,train_episode,collapse,0.0
15600,train_episode,length,200.0
15600,train_episode,return,-120.65705906330699
15600,train_episode,success,1.0
15800,train_episode,collapse,0.0
15800,train_episode,length,200.0
15800,train_episode,return,-280.9607449242226
15800,train_episode,success,0.0
16000,train_episode,collapse,0.0
16000,train_episode,length,200.0
16000,train_episode,return,-250.0197051827446
16000,train_episode,success,0.0
16200,train_episode,collapse,0.0
16200,train_episode,length,200.0
16200,train_episode,return,-125.40032968587533
16200,train_episode,success,1.0
16400,train_episode,collapse,0.0
16400,train_episode,length,200.0
16400,train_episode,return,-1.6832583380872106
16400,train_episode,success,1.0
16600,train_episode,collapse,0.0
16600,train_episode,length,200.0
16600,train_episode,return,-119.08543841499257
16600,train_episode,success,1.0
16800,train_episode,collapse,0.0
16800,train_episode,length,200.0
16800,train_episode,return,-121.59473125546491
16800,train_episode,success,1.0
17000,train_episode,collapse,0.0
17000,train_episode,length,200.0
17000,train_episode,return,-238.10871419061877
17000,train_episode,success,0.0
17200,train_episode,collapse,0.0
17200,train_episode,length,200.0
17200,train_episode,return,-128.12278163513807
17200,train_episode,success,1.0
17400,train_episode,collapse,0.0
17400,train_episode,length,200.0
17400,train_episode,return,-122.33912940185157
17400,train_episode,success,1.0
17600,train_episode,collapse,0.0
17600,train_episode,length,200.0
17600,train_episode,return,-231.8064339182288
17600,train_episode,success,0.0
17800,train_episode,collapse,0.0
17800,train_episode,length,200.0
17800,train_episode,return,-123.15262203139818
17800,train_episode,success,1.0
18000,train_episode,collapse,0.0
18000,train_episode,length,200.0
18000,train_episode,return,-228.71789802472486
18000,train_episode,success,0.0
18200,train_episode,collapse,0.0
18200,train_episode,length,200.0
18200,train_episode,return,-244.92973913365483
18200,train_episode,success,0.0
18400,train_episode,collapse,0.0
18400,train_episode,length,200.0
18400,train_episode,return,-236.29918194497566
18400,train_episode,success,0.0
18600,train_episode,collapse,0.0
18600,train_episode,length,200.0
18600,train_episode,return,-121.84059111414126
18600,train_episode,success,1.0
18800,train_episode,collapse,0.0
18800,train_episode,length,200.0
18800,train_episode,return,-131.3931529970878
18800,train_episode,success,1.0
19000,train_episode,collapse,0.0
19000,train_episode,length,200.0
19000,train_episode,return,-129.2523881101451
19000,train_episode,success,1.0
19200,train_episode,collapse,0.0
19200,train_episode,length,200.0
19200,train_episode,return,-118.04733322057866
19200,train_episode,success,1.0
19400,train_episode,collapse,0.0
19400,train_episode,length,200.0
19400,train_episode,return,-1.5916266953566147
19400,train_episode,success,1.0
19600,train_episode,collapse,0.0
19600,train_episode,length,200.0
19600,train_episode,return,-367.85260140025434
19600,train_episode,success,0.0
19800,train_episode,collapse,0.0
19800,train_episode,length,200.0
19800,train_episode,return,-333.56215396333783
19800,train_episode,success,0.0
20000,train_episode,collapse,0.0
20000,train_episode,length,200.0
20000,train_episode,return,-241.22616262479548
20000,train_episode,success,0.0
20000,update,actor_grad_norm,1.0789259672164917
20000,update,actor_grad_norm_max,3.2292633056640625
20000,update,actor_grad_norm_mean,1.0072135475993156
20000,update,actor_grad_norm_min,0.2503785490989685
20000,update,actor_loss,45.77560806274414
20000,update,actor_loss_max,74.25485229492188
20000,update,actor_loss_mean,53.97617475128174
20000,update,actor_loss_min,34.164634704589844
20000,update,actor_param_norm,27.93355369567871
20000,update,actor_param_norm_max,27.93355369567871
20000,update,actor_param_norm_mean,25.54958412475586
20000,update,actor_param_norm_min,23.100244522094727
20000,update,actor_update_norm,0.01815733127295971
20000,update,actor_update_norm_max,0.03930261358618736
20000,update,actor_update_norm_mean,0.016738201102241872
20000,update,actor_update_norm_min,0.0072442227974534035
20000,update,actor_update_norm_ratio,0.0006500468055641765
20000,update,actor_update_norm_ratio_max,0.001445574125772293
20000,update,actor_update_norm_ratio_mean,0.0006562347952351133
20000,update,actor_update_norm_ratio_min,0.00031059604088872346
20000,update,alpha,0.01710820198059082
20000,update,alpha_loss,0.0030368431471288204
20000,update,alpha_loss_max,0.021610047668218613
20000,update,alpha_loss_mean,0.001716837568610208
20000,update,alpha_loss_min,-0.01653844490647316
20000,update,alpha_max,0.03911035507917404
20000,update,alpha_mean,0.026347607930004596
20000,update,alpha_min,0.01710820198059082
20000,update,num_optimizer_updates,5000.0
20000,update,policy_entropy_estimate,-0.8225190043449402
20000,update,policy_entropy_estimate_max,-0.40027475357055664
20000,update,policy_entropy_estimate_mean,-0.9395151508569718
20000,update,policy_entropy_estimate_min,-1.5841143131256104
20000,update,policy_log_prob_mean,0.8225190043449402
20000,update,policy_log_prob_mean_max,1.5841143131256104
20000,update,policy_log_prob_mean_mean,0.9395151508569718
20000,update,policy_log_prob_mean_min,0.40027475357055664
20000,update,q1_loss,1.1632851362228394
20000,update,q1_loss_max,4.806023597717285
20000,update,q1_loss_mean,1.5818990389704704
20000,update,q1_loss_min,0.6285351514816284
20000,update,q1_mean,-46.82403564453125
20000,update,q1_mean_max,-36.037574768066406
20000,update,q1_mean_mean,-56.09707018356323
20000,update,q1_mean_min,-77.20613098144531
20000,update,q2_loss,0.8914518356323242
20000,update,q2_loss_max,3.6506917476654053
20000,update,q2_loss_mean,1.1237880292773246
20000,update,q2_loss_min,0.43302392959594727
20000,update,q2_mean,-46.746307373046875
20000,update,q2_mean_max,-35.920108795166016
20000,update,q2_mean_mean,-56.09651695785522
20000,update,q2_mean_min,-76.73430633544922
20000,update,q_grad_norm,124.20951080322266
20000,update,q_grad_norm_max,534.2489013671875
20000,update,q_grad_norm_mean,137.28731523513795
20000,update,q_grad_norm_min,44.06786346435547
20000,update,q_loss,2.054737091064453
20000,update,q_loss_cleanrl_logged,1.0273685455322266
20000,update,q_loss_cleanrl_logged_max,4.154732704162598
20000,update,q_loss_cleanrl_logged_mean,1.352843534195423
20000,update,q_loss_cleanrl_logged_min,0.5578520894050598
20000,update,q_loss_max,8.309465408325195
20000,update,q_loss_mean,2.705687068390846
20000,update,q_loss_min,1.1157041788101196
20000,update,q_param_norm,155.37106323242188
20000,update,q_param_norm_max,155.37106323242188
20000,update,q_param_norm_mean,141.12661751556396
20000,update,q_param_norm_min,126.8558349609375
20000,update,q_update_norm,0.03352813050150871
20000,update,q_update_norm_max,0.07476235181093216
20000,update,q_update_norm_mean,0.029686792334914208
20000,update,q_update_norm_min,0.016477109864354134
20000,update,q_update_norm_ratio,0.00030514531804623566
20000,update,q_update_norm_ratio_max,0.0007380469045500228
20000,update,q_update_norm_ratio_mean,0.0002986680039897446
20000,update,q_update_norm_ratio_min,0.0001603126785474369
20000,update,target_q_mean,-46.79227066040039
20000,update,target_q_mean_max,-35.91088104248047
20000,update,target_q_mean_mean,-56.09638772506714
20000,update,target_q_mean_min,-76.56763458251953
20200,train_episode,collapse,0.0
20200,train_episode,length,200.0
20200,train_episode,return,-124.14078475044379
20200,train_episode,success,1.0
20400,train_episode,collapse,0.0
20400,train_episode,length,200.0
20400,train_episode,return,-122.88529937938262
20400,train_episode,success,1.0
20600,train_episode,collapse,0.0
20600,train_episode,length,200.0
20600,train_episode,return,-128.39211179090017
20600,train_episode,success,1.0
20800,train_episode,collapse,0.0
20800,train_episode,length,200.0
20800,train_episode,return,-269.24684952790335
20800,train_episode,success,0.0
21000,train_episode,collapse,0.0
21000,train_episode,length,200.0
21000,train_episode,return,-1.5280543817498111
21000,train_episode,success,1.0
21200,train_episode,collapse,0.0
21200,train_episode,length,200.0
21200,train_episode,return,-117.27517423369923
21200,train_episode,success,1.0
21400,train_episode,collapse,0.0
21400,train_episode,length,200.0
21400,train_episode,return,-241.3951629616645
21400,train_episode,success,0.0
21600,train_episode,collapse,0.0
21600,train_episode,length,200.0
21600,train_episode,return,-229.45014414967102
21600,train_episode,success,0.0
21800,train_episode,collapse,0.0
21800,train_episode,length,200.0
21800,train_episode,return,-228.82336218038637
21800,train_episode,success,0.0
22000,train_episode,collapse,0.0
22000,train_episode,length,200.0
22000,train_episode,return,-225.0796541928314
22000,train_episode,success,0.0
22200,train_episode,collapse,0.0
22200,train_episode,length,200.0
22200,train_episode,return,-239.7645308570297
22200,train_episode,success,0.0
22400,train_episode,collapse,0.0
22400,train_episode,length,200.0
22400,train_episode,return,-223.20323275791267
22400,train_episode,success,0.0
22600,train_episode,collapse,0.0
22600,train_episode,length,200.0
22600,train_episode,return,-225.4403701794343
22600,train_episode,success,0.0
22800,train_episode,collapse,0.0
22800,train_episode,length,200.0
22800,train_episode,return,-0.7981523729316389
22800,train_episode,success,1.0
23000,train_episode,collapse,0.0
23000,train_episode,length,200.0
23000,train_episode,return,-122.61697479333941
23000,train_episode,success,1.0
23200,train_episode,collapse,0.0
23200,train_episode,length,200.0
23200,train_episode,return,-119.25191370034787
23200,train_episode,success,1.0
23400,train_episode,collapse,0.0
23400,train_episode,length,200.0
23400,train_episode,return,-0.4367497331004765
23400,train_episode,success,1.0
23600,train_episode,collapse,0.0
23600,train_episode,length,200.0
23600,train_episode,return,-232.3812883907305
23600,train_episode,success,0.0
23800,train_episode,collapse,0.0
23800,train_episode,length,200.0
23800,train_episode,return,-118.88583871419759
23800,train_episode,success,1.0
24000,train_episode,collapse,0.0
24000,train_episode,length,200.0
24000,train_episode,return,-0.46712509909732164
24000,train_episode,success,1.0
24200,train_episode,collapse,0.0
24200,train_episode,length,200.0
24200,train_episode,return,-122.50488532735746
24200,train_episode,success,1.0
24400,train_episode,collapse,0.0
24400,train_episode,length,200.0
24400,train_episode,return,-116.76215993484821
24400,train_episode,success,1.0
24600,train_episode,collapse,0.0
24600,train_episode,length,200.0
24600,train_episode,return,-115.80519987123414
24600,train_episode,success,1.0
24800,train_episode,collapse,0.0
24800,train_episode,length,200.0
24800,train_episode,return,-121.76962447798545
24800,train_episode,success,1.0
25000,train_episode,collapse,0.0
25000,train_episode,length,200.0
25000,train_episode,return,-243.99179859498668
25000,train_episode,success,0.0
25000,update,actor_grad_norm,0.9871578216552734
25000,update,actor_grad_norm_max,3.882570505142212
25000,update,actor_grad_norm_mean,1.1573398340165615
25000,update,actor_grad_norm_min,0.19023418426513672
25000,update,actor_loss,50.84175109863281
25000,update,actor_loss_max,63.32525634765625
25000,update,actor_loss_mean,45.732098519134524
25000,update,actor_loss_min,28.638050079345703
25000,update,actor_param_norm,31.858985900878906
25000,update,actor_param_norm_max,31.858985900878906
25000,update,actor_param_norm_mean,29.917162715530395
25000,update,actor_param_norm_min,27.93355369567871
25000,update,actor_update_norm,0.015741266310214996
25000,update,actor_update_norm_max,0.036927301436662674
25000,update,actor_update_norm_mean,0.017155395283922553
25000,update,actor_update_norm_min,0.008758896961808205
25000,update,actor_update_norm_ratio,0.0004941015848482149
25000,update,actor_update_norm_ratio_max,0.0012019774590946303
25000,update,actor_update_norm_ratio_mean,0.0005739058887689806
25000,update,actor_update_norm_ratio_min,0.00029397971486046687
25000,update,alpha,0.015204042196273804
25000,update,alpha_loss,0.0011820618528872728
25000,update,alpha_loss_max,0.010380199179053307
25000,update,alpha_loss_mean,9.545531828189269e-05
25000,update,alpha_loss_min,-0.01051610428839922
25000,update,alpha_max,0.017556538805365562
25000,update,alpha_mean,0.015353031277284027
25000,update,alpha_min,0.013153165578842163
25000,update,num_optimizer_updates,5000.0
25000,update,policy_entropy_estimate,-0.9222437143325806
25000,update,policy_entropy_estimate_max,-0.375592976808548
25000,update,policy_entropy_estimate_mean,-0.9947214247465134
25000,update,policy_entropy_estimate_min,-1.7558685541152954
25000,update,policy_log_prob_mean,0.9222437143325806
25000,update,policy_log_prob_mean_max,1.7558685541152954
25000,update,policy_log_prob_mean_mean,0.9947214247465134
25000,update,policy_log_prob_mean_min,0.375592976808548
25000,update,q1_loss,1.2131088972091675
25000,update,q1_loss_max,5.660117149353027
25000,update,q1_loss_mean,1.3841944152891636
25000,update,q1_loss_min,0.37827298045158386
25000,update,q1_mean,-51.527259826660156
25000,update,q1_mean_max,-29.92095184326172
25000,update,q1_mean_mean,-47.20684629516602
25000,update,q1_mean_min,-64.87561798095703
25000,update,q2_loss,0.7261478304862976
25000,update,q2_loss_max,3.510753631591797
25000,update,q2_loss_mean,0.8819624727487564
25000,update,q2_loss_min,0.3132254481315613
25000,update,q2_mean,-52.03411102294922
25000,update,q2_mean_max,-29.905302047729492
25000,update,q2_mean_mean,-47.20655236854553
25000,update,q2_mean_min,-65.08741760253906
25000,update,q_grad_norm,171.6837921142578
25000,update,q_grad_norm_max,445.9479675292969
25000,update,q_grad_norm_mean,155.01735882415772
25000,update,q_grad_norm_min,48.295719146728516
25000,update,q_loss,1.9392566680908203
25000,update,q_loss_cleanrl_logged,0.9696283340454102
25000,update,q_loss_cleanrl_logged_max,3.8816521167755127
25000,update,q_loss_cleanrl_logged_mean,1.1330784433960914
25000,update,q_loss_cleanrl_logged_min,0.3938196897506714
25000,update,q_loss_max,7.763304233551025
25000,update,q_loss_mean,2.266156886792183
25000,update,q_loss_min,0.7876393795013428
25000,update,q_param_norm,182.71981811523438
25000,update,q_param_norm_max,182.71981811523438
25000,update,q_param_norm_mean,169.35929555206297
25000,update,q_param_norm_min,155.3768081665039
25000,update,q_update_norm,0.025868235155940056
25000,update,q_update_norm_max,0.06152817979454994
25000,update,q_update_norm_mean,0.029996363874524833
25000,update,q_update_norm_min,0.015941722318530083
25000,update,q_update_norm_ratio,0.00020017575256332283
25000,update,q_update_norm_ratio_max,0.000516836108588217
25000,update,q_update_norm_ratio_mean,0.00025111333522022925
25000,update,q_update_norm_ratio_min,0.00013745223222695653
25000,update,target_q_mean,-51.791690826416016
25000,update,target_q_mean_max,-29.569913864135742
25000,update,target_q_mean_mean,-47.20662667198181
25000,update,target_q_mean_min,-65.09217834472656
25000,replay,action_abs_max,1.9999784231185913
25000,replay,action_abs_mean,1.0155922174453735
25000,replay,action_saturation_fraction,0.09144
25000,replay,capacity,500000.0
25000,replay,done_fraction,0.0
25000,replay,fill_fraction,0.05
25000,replay,near_upright_any_transition_fraction,0.604
25000,replay,near_upright_next_obs_fraction,0.60352
25000,replay,near_upright_obs_fraction,0.6004
25000,replay,reward_max,-4.539865869901405e-07
25000,replay,reward_mean,-2.3281474113464355
25000,replay,reward_min,-16.252336502075195
25000,replay,reward_std,3.663071393966675
25000,replay,sample_count_max,489.0
25000,replay,sample_count_mean,204.8
25000,replay,size,25000.0
25000,replay,transition_age_max,24999.0
25000,replay,transition_age_mean,12499.5
25000,diagnostics,actor_layer0_activation_abs_max,4.141462802886963
25000,diagnostics,actor_layer0_activation_abs_mean,0.2551846206188202
25000,diagnostics,actor_layer0_dormant_fraction,0.0390625
25000,diagnostics,actor_layer0_effective_rank_fraction,0.05396784842014313
25000,diagnostics,actor_layer1_activation_abs_max,6.744515895843506
25000,diagnostics,actor_layer1_activation_abs_mean,0.11804613471031189
25000,diagnostics,actor_layer1_dormant_fraction,0.37890625
25000,diagnostics,actor_layer1_effective_rank_fraction,0.12706182897090912
25000,diagnostics,actor_param_norm,31.858985900878906
25000,diagnostics,alpha,0.015204042196273804
25000,diagnostics,q1_layer0_activation_abs_max,6.165830135345459
25000,diagnostics,q1_layer0_activation_abs_mean,0.4071516692638397
25000,diagnostics,q1_layer0_dormant_fraction,0.0234375
25000,diagnostics,q1_layer0_effective_rank_fraction,0.07131756842136383
25000,diagnostics,q1_layer1_activation_abs_max,27.79291343688965
25000,diagnostics,q1_layer1_activation_abs_mean,1.7247073650360107
25000,diagnostics,q1_layer1_dormant_fraction,0.4296875
25000,diagnostics,q1_layer1_effective_rank_fraction,0.06656179577112198
25000,diagnostics,q1_param_norm,89.50469207763672
25000,diagnostics,q2_layer0_activation_abs_max,7.084178924560547
25000,diagnostics,q2_layer0_activation_abs_mean,0.40704232454299927
25000,diagnostics,q2_layer0_dormant_fraction,0.03515625
25000,diagnostics,q2_layer0_effective_rank_fraction,0.06912338733673096
25000,diagnostics,q2_layer1_activation_abs_max,25.154428482055664
25000,diagnostics,q2_layer1_activation_abs_mean,2.257781505584717
25000,diagnostics,q2_layer1_dormant_fraction,0.4453125
25000,diagnostics,q2_layer1_effective_rank_fraction,0.0658566951751709
25000,diagnostics,q2_param_norm,93.21512603759766
25200,train_episode,collapse,0.0
25200,train_episode,length,200.0
25200,train_episode,return,-123.69886223928069
25200,train_episode,success,1.0
25400,train_episode,collapse,0.0
25400,train_episode,length,200.0
25400,train_episode,return,-338.79282211330275
25400,train_episode,success,0.0
25600,train_episode,collapse,0.0
25600,train_episode,length,200.0
25600,train_episode,return,-0.3369093857619054
25600,train_episode,success,1.0
25800,train_episode,collapse,0.0
25800,train_episode,length,200.0
25800,train_episode,return,-230.95154607865314
25800,train_episode,success,0.0
26000,train_episode,collapse,0.0
26000,train_episode,length,200.0
26000,train_episode,return,-117.8963243980828
26000,train_episode,success,1.0
26200,train_episode,collapse,0.0
26200,train_episode,length,200.0
26200,train_episode,return,-117.75621472256734
26200,train_episode,success,1.0
26400,train_episode,collapse,0.0
26400,train_episode,length,200.0
26400,train_episode,return,-118.53392505312789
26400,train_episode,success,1.0
26600,train_episode,collapse,0.0
26600,train_episode,length,200.0
26600,train_episode,return,-121.83764135097309
26600,train_episode,success,1.0
26800,train_episode,collapse,0.0
26800,train_episode,length,200.0
26800,train_episode,return,-0.8117988546791087
26800,train_episode,success,1.0
27000,train_episode,collapse,0.0
27000,train_episode,length,200.0
27000,train_episode,return,-125.02170552249808
27000,train_episode,success,1.0
27200,train_episode,collapse,0.0
27200,train_episode,length,200.0
27200,train_episode,return,-116.26001047392091
27200,train_episode,success,1.0
27400,train_episode,collapse,0.0
27400,train_episode,length,200.0
27400,train_episode,return,-228.63221549419904
27400,train_episode,success,0.0
27600,train_episode,collapse,0.0
27600,train_episode,length,200.0
27600,train_episode,return,-112.96456671806223
27600,train_episode,success,1.0
27800,train_episode,collapse,0.0
27800,train_episode,length,200.0
27800,train_episode,return,-120.65117423451238
27800,train_episode,success,1.0
28000,train_episode,collapse,0.0
28000,train_episode,length,200.0
28000,train_episode,return,-222.25547345558928
28000,train_episode,success,0.0
28200,train_episode,collapse,0.0
28200,train_episode,length,200.0
28200,train_episode,return,-0.28153673916670113
28200,train_episode,success,1.0
28400,train_episode,collapse,0.0
28400,train_episode,length,200.0
28400,train_episode,return,-230.86908617152338
28400,train_episode,success,0.0
28600,train_episode,collapse,0.0
28600,train_episode,length,200.0
28600,train_episode,return,-221.08382616181353
28600,train_episode,success,0.0
28800,train_episode,collapse,0.0
28800,train_episode,length,200.0
28800,train_episode,return,-119.51592743774304
28800,train_episode,success,1.0
29000,train_episode,collapse,0.0
29000,train_episode,length,200.0
29000,train_episode,return,-1.7116522253854607
29000,train_episode,success,1.0
29200,train_episode,collapse,0.0
29200,train_episode,length,200.0
29200,train_episode,return,-124.79763327288897
29200,train_episode,success,1.0
29400,train_episode,collapse,0.0
29400,train_episode,length,200.0
29400,train_episode,return,-0.4540199358287322
29400,train_episode,success,1.0
29600,train_episode,collapse,0.0
29600,train_episode,length,200.0
29600,train_episode,return,-128.8110168696996
29600,train_episode,success,1.0
29800,train_episode,collapse,0.0
29800,train_episode,length,200.0
29800,train_episode,return,-234.58235658574958
29800,train_episode,success,0.0
30000,train_episode,collapse,0.0
30000,train_episode,length,200.0
30000,train_episode,return,-119.49247159237557
30000,train_episode,success,1.0
30000,update,actor_grad_norm,2.7496705055236816
30000,update,actor_grad_norm_max,5.234572410583496
30000,update,actor_grad_norm_mean,1.2509799259126186
30000,update,actor_grad_norm_min,0.1989273726940155
30000,update,actor_loss,35.63190460205078
30000,update,actor_loss_max,58.36421203613281
30000,update,actor_loss_mean,40.041380569458006
30000,update,actor_loss_min,25.671836853027344
30000,update,actor_param_norm,35.631961822509766
30000,update,actor_param_norm_max,35.631961822509766
30000,update,actor_param_norm_mean,33.77555950927734
30000,update,actor_param_norm_min,31.858985900878906
30000,update,actor_update_norm,0.012320835143327713
30000,update,actor_update_norm_max,0.045036833733320236
30000,update,actor_update_norm_mean,0.01721042182892561
30000,update,actor_update_norm_min,0.008293366990983486
30000,update,actor_update_norm_ratio,0.00034578298606352927
30000,update,actor_update_norm_ratio_max,0.0013122194773753668
30000,update,actor_update_norm_ratio_mean,0.0005103255325795074
30000,update,actor_update_norm_ratio_min,0.000240528990347047
30000,update,alpha,0.009347992949187756
30000,update,alpha_loss,-0.0008861682144924998
30000,update,alpha_loss_max,0.008507817052304745
30000,update,alpha_loss_mean,0.000227548947345349
30000,update,alpha_loss_min,-0.011535180732607841
30000,update,alpha_max,0.01602020673453808
30000,update,alpha_mean,0.012874441867507995
30000,update,alpha_min,0.009321562014520168
30000,update,num_optimizer_updates,5000.0
30000,update,policy_entropy_estimate,-1.0948330163955688
30000,update,policy_entropy_estimate_max,-0.2627633512020111
30000,update,policy_entropy_estimate_mean,-0.9812593606114387
30000,update,policy_entropy_estimate_min,-1.7642537355422974
30000,update,policy_log_prob_mean,1.0948330163955688
30000,update,policy_log_prob_mean_max,1.7642537355422974
30000,update,policy_log_prob_mean_mean,0.9812593606114387
30000,update,policy_log_prob_mean_min,0.2627633512020111
30000,update,q1_loss,1.415144920349121
30000,update,q1_loss_max,8.717996597290039
30000,update,q1_loss_mean,1.1927424532711506
30000,update,q1_loss_min,0.35376793146133423
30000,update,q1_mean,-36.94544982910156
30000,update,q1_mean_max,-22.65279769897461
30000,update,q1_mean_mean,-41.20539941596985
30000,update,q1_mean_min,-58.74522018432617
30000,update,q2_loss,0.6612329483032227
30000,update,q2_loss_max,7.36248779296875
30000,update,q2_loss_mean,0.8496313040196896
30000,update,q2_loss_min,0.2689523994922638
30000,update,q2_mean,-37.227821350097656
30000,update,q2_mean_max,-23.220565795898438
30000,update,q2_mean_mean,-41.205191650390624
30000,update,q2_mean_min,-58.73842239379883
30000,update,q_grad_norm,181.88702392578125
30000,update,q_grad_norm_max,503.1105041503906
30000,update,q_grad_norm_mean,166.8151785522461
30000,update,q_grad_norm_min,55.36890411376953
30000,update,q_loss,2.0763778686523438
30000,update,q_loss_cleanrl_logged,1.0381889343261719
30000,update,q_loss_cleanrl_logged_max,8.040242195129395
30000,update,q_loss_cleanrl_logged_mean,1.0211868788301945
30000,update,q_loss_cleanrl_logged_min,0.33145779371261597
30000,update,q_loss_max,16.08048439025879
30000,update,q_loss_mean,2.042373757660389
30000,update,q_loss_min,0.6629155874252319
30000,update,q_param_norm,205.6757049560547
30000,update,q_param_norm_max,205.6757049560547
30000,update,q_param_norm_mean,194.57308359832763
30000,update,q_param_norm_min,182.7235336303711
30000,update,q_update_norm,0.03152460977435112
30000,update,q_update_norm_max,0.0789453312754631
30000,update,q_update_norm_mean,0.030226855905726553
30000,update,q_update_norm_min,0.013758612796664238
30000,update,q_update_norm_ratio,0.00021671543920208684
30000,update,q_update_norm_ratio_max,0.0005478770405595709
30000,update,q_update_norm_ratio_mean,0.00021991796743370942
30000,update,q_update_norm_ratio_min,9.701443322960211e-05
30000,update,target_q_mean,-37.168575286865234
30000,update,target_q_mean_max,-22.802396774291992
30000,update,target_q_mean_mean,-41.20534323272705
30000,update,target_q_mean_min,-59.009918212890625
30200,train_episode,collapse,0.0
30200,train_episode,length,200.0
30200,train_episode,return,-226.9146305932126
30200,train_episode,success,0.0
30400,train_episode,collapse,0.0
30400,train_episode,length,200.0
30400,train_episode,return,-247.31796059215867
30400,train_episode,success,0.0
30600,train_episode,collapse,0.0
30600,train_episode,length,200.0
30600,train_episode,return,-125.21456304300627
30600,train_episode,success,1.0
30800,train_episode,collapse,0.0
30800,train_episode,length,200.0
30800,train_episode,return,-1.3235957787464574
30800,train_episode,success,1.0
31000,train_episode,collapse,0.0
31000,train_episode,length,200.0
31000,train_episode,return,-396.82350208623967
31000,train_episode,success,0.0
31200,train_episode,collapse,0.0
31200,train_episode,length,200.0
31200,train_episode,return,-116.47631016695864
31200,train_episode,success,1.0
31400,train_episode,collapse,0.0
31400,train_episode,length,200.0
31400,train_episode,return,-117.081716303362
31400,train_episode,success,1.0
31600,train_episode,collapse,0.0
31600,train_episode,length,200.0
31600,train_episode,return,-3.1602649896450634
31600,train_episode,success,1.0
31800,train_episode,collapse,0.0
31800,train_episode,length,200.0
31800,train_episode,return,-118.69299259960884
31800,train_episode,success,1.0
32000,train_episode,collapse,0.0
32000,train_episode,length,200.0
32000,train_episode,return,-119.53313938051723
32000,train_episode,success,1.0
32200,train_episode,collapse,0.0
32200,train_episode,length,200.0
32200,train_episode,return,-2.9960523716854075
32200,train_episode,success,1.0
32400,train_episode,collapse,0.0
32400,train_episode,length,200.0
32400,train_episode,return,-233.29889373729839
32400,train_episode,success,0.0
32600,train_episode,collapse,0.0
32600,train_episode,length,200.0
32600,train_episode,return,-120.40744873615026
32600,train_episode,success,1.0
32800,train_episode,collapse,0.0
32800,train_episode,length,200.0
32800,train_episode,return,-118.97621064568976
32800,train_episode,success,1.0
33000,train_episode,collapse,0.0
33000,train_episode,length,200.0
33000,train_episode,return,-123.67169612493564
33000,train_episode,success,1.0
33200,train_episode,collapse,0.0
33200,train_episode,length,200.0
33200,train_episode,return,-243.22090803372163
33200,train_episode,success,0.0
33400,train_episode,collapse,0.0
33400,train_episode,length,200.0
33400,train_episode,return,-0.45306266316945154
33400,train_episode,success,1.0
33600,train_episode,collapse,0.0
33600,train_episode,length,200.0
33600,train_episode,return,-124.78177324213371
33600,train_episode,success,1.0
33800,train_episode,collapse,0.0
33800,train_episode,length,200.0
33800,train_episode,return,-116.44419669274133
33800,train_episode,success,1.0
34000,train_episode,collapse,0.0
34000,train_episode,length,200.0
34000,train_episode,return,-116.83297105330513
34000,train_episode,success,1.0
34200,train_episode,collapse,0.0
34200,train_episode,length,200.0
34200,train_episode,return,-301.84579867559773
34200,train_episode,success,0.0
34400,train_episode,collapse,0.0
34400,train_episode,length,200.0
34400,train_episode,return,-118.27605684529406
34400,train_episode,success,1.0
34600,train_episode,collapse,0.0
34600,train_episode,length,200.0
34600,train_episode,return,-127.87253409472308
34600,train_episode,success,1.0
34800,train_episode,collapse,0.0
34800,train_episode,length,200.0
34800,train_episode,return,-117.34521099336816
34800,train_episode,success,1.0
35000,train_episode,collapse,0.0
35000,train_episode,length,200.0
35000,train_episode,return,-132.53263513648386
35000,train_episode,success,1.0
35000,update,actor_grad_norm,1.9986990690231323
35000,update,actor_grad_norm_max,7.225221157073975
35000,update,actor_grad_norm_mean,1.2255956058084965
35000,update,actor_grad_norm_min,0.20006197690963745
35000,update,actor_loss,26.47445297241211
35000,update,actor_loss_max,52.27845001220703
35000,update,actor_loss_mean,35.464389280700686
35000,update,actor_loss_min,20.08159065246582
35000,update,actor_param_norm,38.97064971923828
35000,update,actor_param_norm_max,38.97064971923828
35000,update,actor_param_norm_mean,37.33171427078247
35000,update,actor_param_norm_min,35.631961822509766
35000,update,actor_update_norm,0.01825988106429577
35000,update,actor_update_norm_max,0.04755213484168053
35000,update,actor_update_norm_mean,0.017098594919219612
35000,update,actor_update_norm_min,0.008808515034615993
35000,update,actor_update_norm_ratio,0.00046856543208041886
35000,update,actor_update_norm_ratio_max,0.0013130911854911588
35000,update,actor_update_norm_ratio_mean,0.00045861617463216546
35000,update,actor_update_norm_ratio_min,0.00023205202698464784
35000,update,alpha,0.008330345153808594
35000,update,alpha_loss,0.002205559052526951
35000,update,alpha_loss_max,0.005371116567403078
35000,update,alpha_loss_mean,3.863256610929966e-05
35000,update,alpha_loss_min,-0.005931824445724487
35000,update,alpha_max,0.009828115813434124
35000,update,alpha_mean,0.008606391015090049
35000,update,alpha_min,0.007510138209909201
35000,update,num_optimizer_updates,5000.0
35000,update,policy_entropy_estimate,-0.7352691292762756
35000,update,policy_entropy_estimate_max,-0.38226330280303955
35000,update,policy_entropy_estimate_mean,-0.9962417499899864
35000,update,policy_entropy_estimate_min,-1.7799516916275024
35000,update,policy_log_prob_mean,0.7352691292762756
35000,update,policy_log_prob_mean_max,1.7799516916275024
35000,update,policy_log_prob_mean_mean,0.9962417499899864
35000,update,policy_log_prob_mean_min,0.38226330280303955
35000,update,q1_loss,2.48667311668396
35000,update,q1_loss_max,5.123263359069824
35000,update,q1_loss_mean,1.0927864838898182
35000,update,q1_loss_min,0.28151851892471313
35000,update,q1_mean,-26.53921127319336
35000,update,q1_mean_max,-21.338041305541992
35000,update,q1_mean_mean,-36.46360283203125
35000,update,q1_mean_min,-53.728336334228516
35000,update,q2_loss,2.5560569763183594
35000,update,q2_loss_max,5.889184474945068
35000,update,q2_loss_mean,0.7980038138717412
35000,update,q2_loss_min,0.22560086846351624
35000,update,q2_mean,-26.671817779541016
35000,update,q2_mean_max,-21.156326293945312
35000,update,q2_mean_mean,-36.46345854988098
35000,update,q2_mean_min,-53.52614212036133
35000,update,q_grad_norm,338.5462951660156
35000,update,q_grad_norm_max,599.0093994140625
35000,update,q_grad_norm_mean,168.63759093399048
35000,update,q_grad_norm_min,53.01677703857422
35000,update,q_loss,5.042730331420898
35000,update,q_loss_cleanrl_logged,2.521365165710449
35000,update,q_loss_cleanrl_logged_max,5.406515121459961
35000,update,q_loss_cleanrl_logged_mean,0.9453951487004757
35000,update,q_loss_cleanrl_logged_min,0.33240851759910583
35000,update,q_loss_max,10.813030242919922
35000,update,q_loss_mean,1.8907902974009514
35000,update,q_loss_min,0.6648170351982117
35000,update,q_param_norm,225.91841888427734
35000,update,q_param_norm_max,225.91890716552734
35000,update,q_param_norm_mean,215.96270643615722
35000,update,q_param_norm_min,205.6820297241211
35000,update,q_update_norm,0.04329654201865196
35000,update,q_update_norm_max,0.07863125205039978
35000,update,q_update_norm_mean,0.030369891820475458
35000,update,q_update_norm_min,0.015677182003855705
35000,update,q_update_norm_ratio,0.00027096301746830766
35000,update,q_update_norm_ratio_max,0.0005065663334606341
35000,update,q_update_norm_ratio_mean,0.00019897201436438206
35000,update,q_update_norm_ratio_min,9.99937906361413e-05
35000,update,target_q_mean,-26.928565979003906
35000,update,target_q_mean_max,-20.9564208984375
35000,update,target_q_mean_mean,-36.46357673454285
35000,update,target_q_mean_min,-53.41397476196289
35200,train_episode,collapse,0.0
35200,train_episode,length,200.0
35200,train_episode,return,-237.72968752553558
35200,train_episode,success,0.0
35400,train_episode,collapse,0.0
35400,train_episode,length,200.0
35400,train_episode,return,-125.62143587469225
35400,train_episode,success,1.0
35600,train_episode,collapse,0.0
35600,train_episode,length,200.0
35600,train_episode,return,-220.26529603131763
35600,train_episode,success,0.0
35800,train_episode,collapse,0.0
35800,train_episode,length,200.0
35800,train_episode,return,-118.21878448576828
35800,train_episode,success,1.0
36000,train_episode,collapse,0.0
36000,train_episode,length,200.0
36000,train_episode,return,-122.31833825205905
36000,train_episode,success,1.0
36200,train_episode,collapse,0.0
36200,train_episode,length,200.0
36200,train_episode,return,-117.25034846087264
36200,train_episode,success,1.0
36400,train_episode,collapse,0.0
36400,train_episode,length,200.0
36400,train_episode,return,-1.271503121012828
36400,train_episode,success,1.0
36600,train_episode,collapse,0.0
36600,train_episode,length,200.0
36600,train_episode,return,-219.7564071462804
36600,train_episode,success,0.0
36800,train_episode,collapse,0.0
36800,train_episode,length,200.0
36800,train_episode,return,-3.1469431199403903
36800,train_episode,success,1.0
37000,train_episode,collapse,0.0
37000,train_episode,length,200.0
37000,train_episode,return,-279.8420720725916
37000,train_episode,success,0.0
37200,train_episode,collapse,0.0
37200,train_episode,length,200.0
37200,train_episode,return,-1.9806521198996652
37200,train_episode,success,1.0
37400,train_episode,collapse,0.0
37400,train_episode,length,200.0
37400,train_episode,return,-118.78750493704192
37400,train_episode,success,1.0
37600,train_episode,collapse,0.0
37600,train_episode,length,200.0
37600,train_episode,return,-123.04891344324672
37600,train_episode,success,1.0
37800,train_episode,collapse,0.0
37800,train_episode,length,200.0
37800,train_episode,return,-226.08294158889598
37800,train_episode,success,0.0
38000,train_episode,collapse,0.0
38000,train_episode,length,200.0
38000,train_episode,return,-0.9488557940416491
38000,train_episode,success,1.0
38200,train_episode,collapse,0.0
38200,train_episode,length,200.0
38200,train_episode,return,-229.39745751623653
38200,train_episode,success,0.0
38400,train_episode,collapse,0.0
38400,train_episode,length,200.0
38400,train_episode,return,-244.96912846954632
38400,train_episode,success,0.0
38600,train_episode,collapse,0.0
38600,train_episode,length,200.0
38600,train_episode,return,-227.527141366521
38600,train_episode,success,0.0
38800,train_episode,collapse,0.0
38800,train_episode,length,200.0
38800,train_episode,return,-125.90021775861999
38800,train_episode,success,1.0
39000,train_episode,collapse,0.0
39000,train_episode,length,200.0
39000,train_episode,return,-116.60420967287955
39000,train_episode,success,1.0
39200,train_episode,collapse,0.0
39200,train_episode,length,200.0
39200,train_episode,return,-116.554447542042
39200,train_episode,success,1.0
39400,train_episode,collapse,0.0
39400,train_episode,length,200.0
39400,train_episode,return,-119.65255018881241
39400,train_episode,success,1.0
39600,train_episode,collapse,0.0
39600,train_episode,length,200.0
39600,train_episode,return,-122.32282260908849
39600,train_episode,success,1.0
39800,train_episode,collapse,0.0
39800,train_episode,length,200.0
39800,train_episode,return,-120.30222697168463
39800,train_episode,success,1.0
40000,train_episode,collapse,0.0
40000,train_episode,length,200.0
40000,train_episode,return,-129.10380549080907
40000,train_episode,success,1.0
40000,update,actor_grad_norm,0.47040313482284546
40000,update,actor_grad_norm_max,6.011975288391113
40000,update,actor_grad_norm_mean,1.1567644641816617
40000,update,actor_grad_norm_min,0.1633712351322174
40000,update,actor_loss,29.193336486816406
40000,update,actor_loss_max,46.884056091308594
40000,update,actor_loss_mean,32.50703711013794
40000,update,actor_loss_min,18.629188537597656
40000,update,actor_param_norm,42.11845016479492
40000,update,actor_param_norm_max,42.11845016479492
40000,update,actor_param_norm_mean,40.56501589279175
40000,update,actor_param_norm_min,38.97064971923828
40000,update,actor_update_norm,0.016893869265913963
40000,update,actor_update_norm_max,0.057532232254743576
40000,update,actor_update_norm_mean,0.017002728789299728
40000,update,actor_update_norm_min,0.00841476395726204
40000,update,actor_update_norm_ratio,0.0004011116198626278
40000,update,actor_update_norm_ratio_max,0.001468233474940041
40000,update,actor_update_norm_ratio_mean,0.0004194250673382535
40000,update,actor_update_norm_ratio_min,0.00020327789941236956
40000,update,alpha,0.0070570530369877815
40000,update,alpha_loss,0.0011247048387303948
40000,update,alpha_loss_max,0.006023077759891748
40000,update,alpha_loss_mean,5.884859213256277e-05
40000,update,alpha_loss_min,-0.006110273767262697
40000,update,alpha_max,0.01122847106307745
40000,update,alpha_mean,0.008398517516255378
40000,update,alpha_min,0.0066123479045927525
40000,update,num_optimizer_updates,5000.0
40000,update,policy_entropy_estimate,-0.8406890630722046
40000,update,policy_entropy_estimate_max,-0.4002814292907715
40000,update,policy_entropy_estimate_mean,-0.9930511298537255
40000,update,policy_entropy_estimate_min,-1.639756679534912
40000,update,policy_log_prob_mean,0.8406890630722046
40000,update,policy_log_prob_mean_max,1.639756679534912
40000,update,policy_log_prob_mean_mean,0.9930511298537255
40000,update,policy_log_prob_mean_min,0.4002814292907715
40000,update,q1_loss,0.8386998176574707
40000,update,q1_loss_max,17.097789764404297
40000,update,q1_loss_mean,1.003466749727726
40000,update,q1_loss_min,0.26742100715637207
40000,update,q1_mean,-29.11089324951172
40000,update,q1_mean_max,-18.92119598388672
40000,update,q1_mean_mean,-33.31404027023316
40000,update,q1_mean_min,-48.13715744018555
40000,update,q2_loss,1.135520100593567
40000,update,q2_loss_max,12.429777145385742
40000,update,q2_loss_mean,0.7932669273734093
40000,update,q2_loss_min,0.18310904502868652
40000,update,q2_mean,-29.399452209472656
40000,update,q2_mean_max,-18.76958465576172
40000,update,q2_mean_mean,-33.31387778739929
40000,update,q2_mean_min,-48.83325958251953
40000,update,q_grad_norm,159.8031005859375
40000,update,q_grad_norm_max,1010.6514892578125
40000,update,q_grad_norm_mean,165.634714667511
40000,update,q_grad_norm_min,36.63543701171875
40000,update,q_loss,1.9742199182510376
40000,update,q_loss_cleanrl_logged,0.9871099591255188
40000,update,q_loss_cleanrl_logged_max,14.76378345489502
40000,update,q_loss_cleanrl_logged_mean,0.8983668386638165
40000,update,q_loss_cleanrl_logged_min,0.2547594904899597
40000,update,q_loss_max,29.52756690979004
40000,update,q_loss_mean,1.796733677327633
40000,update,q_loss_min,0.5095189809799194
40000,update,q_param_norm,242.94486236572266
40000,update,q_param_norm_max,242.94486236572266
40000,update,q_param_norm_mean,234.80220233917237
40000,update,q_param_norm_min,225.9165802001953
40000,update,q_update_norm,0.043269455432891846
40000,update,q_update_norm_max,0.09352468699216843
40000,update,q_update_norm_mean,0.030776284574344753
40000,update,q_update_norm_min,0.01580694690346718
40000,update,q_update_norm_ratio,0.0002518314980193751
40000,update,q_update_norm_ratio_max,0.0005777590108885602
40000,update,q_update_norm_ratio_mean,0.00018544360119064328
40000,update,q_update_norm_ratio_min,9.480179017686649e-05
40000,update,target_q_mean,-29.44780731201172
40000,update,target_q_mean_max,-18.883285522460938
40000,update,target_q_mean_mean,-33.314058359527586
40000,update,target_q_mean_min,-48.56254196166992
40200,train_episode,collapse,0.0
40200,train_episode,length,200.0
40200,train_episode,return,-119.88347205137508
40200,train_episode,success,1.0
40400,train_episode,collapse,0.0
40400,train_episode,length,200.0
40400,train_episode,return,-217.75617272273453
40400,train_episode,success,0.0
40600,train_episode,collapse,0.0
40600,train_episode,length,200.0
40600,train_episode,return,-122.38477084235377
40600,train_episode,success,1.0
40800,train_episode,collapse,0.0
40800,train_episode,length,200.0
40800,train_episode,return,-119.56819844882662
40800,train_episode,success,1.0
41000,train_episode,collapse,0.0
41000,train_episode,length,200.0
41000,train_episode,return,-118.47897802382705
41000,train_episode,success,1.0
41200,train_episode,collapse,0.0
41200,train_episode,length,200.0
41200,train_episode,return,-229.8479307506824
41200,train_episode,success,0.0
41400,train_episode,collapse,0.0
41400,train_episode,length,200.0
41400,train_episode,return,-241.571584103483
41400,train_episode,success,0.0
41600,train_episode,collapse,0.0
41600,train_episode,length,200.0
41600,train_episode,return,-229.516008414753
41600,train_episode,success,0.0
41800,train_episode,collapse,0.0
41800,train_episode,length,200.0
41800,train_episode,return,-115.20745260468811
41800,train_episode,success,1.0
42000,train_episode,collapse,0.0
42000,train_episode,length,200.0
42000,train_episode,return,-125.07688392874302
42000,train_episode,success,1.0
42200,train_episode,collapse,0.0
42200,train_episode,length,200.0
42200,train_episode,return,-1.096081526058647
42200,train_episode,success,1.0
42400,train_episode,collapse,0.0
42400,train_episode,length,200.0
42400,train_episode,return,-119.70128739011024
42400,train_episode,success,1.0
42600,train_episode,collapse,0.0
42600,train_episode,length,200.0
42600,train_episode,return,-127.00181682278705
42600,train_episode,success,1.0
42800,train_episode,collapse,0.0
42800,train_episode,length,200.0
42800,train_episode,return,-122.09153418913222
42800,train_episode,success,1.0
43000,train_episode,collapse,0.0
43000,train_episode,length,200.0
43000,train_episode,return,-228.33927835136595
43000,train_episode,success,0.0
43200,train_episode,collapse,0.0
43200,train_episode,length,200.0
43200,train_episode,return,-128.245462178585
43200,train_episode,success,1.0
43400,train_episode,collapse,0.0
43400,train_episode,length,200.0
43400,train_episode,return,-120.69969867024119
43400,train_episode,success,1.0
43600,train_episode,collapse,0.0
43600,train_episode,length,200.0
43600,train_episode,return,-118.82578776661815
43600,train_episode,success,1.0
43800,train_episode,collapse,0.0
43800,train_episode,length,200.0
43800,train_episode,return,-2.2717364476938253
43800,train_episode,success,1.0
44000,train_episode,collapse,0.0
44000,train_episode,length,200.0
44000,train_episode,return,-118.14645541325682
44000,train_episode,success,1.0
44200,train_episode,collapse,0.0
44200,train_episode,length,200.0
44200,train_episode,return,-121.28160394534568
44200,train_episode,success,1.0
44400,train_episode,collapse,0.0
44400,train_episode,length,200.0
44400,train_episode,return,-234.18229106553653
44400,train_episode,success,0.0
44600,train_episode,collapse,0.0
44600,train_episode,length,200.0
44600,train_episode,return,-2.064318400746593
44600,train_episode,success,1.0
44800,train_episode,collapse,0.0
44800,train_episode,length,200.0
44800,train_episode,return,-0.8111020087665959
44800,train_episode,success,1.0
45000,train_episode,collapse,0.0
45000,train_episode,length,200.0
45000,train_episode,return,-116.71603129362045
45000,train_episode,success,1.0
45000,update,actor_grad_norm,1.762159824371338
45000,update,actor_grad_norm_max,8.013416290283203
45000,update,actor_grad_norm_mean,1.1117175232589245
45000,update,actor_grad_norm_min,0.155744269490242
45000,update,actor_loss,28.804264068603516
45000,update,actor_loss_max,43.978904724121094
45000,update,actor_loss_mean,30.215397414398193
45000,update,actor_loss_min,18.62833023071289
45000,update,actor_param_norm,44.73974609375
45000,update,actor_param_norm_max,44.73974609375
45000,update,actor_param_norm_mean,43.52760992202759
45000,update,actor_param_norm_min,42.11845016479492
45000,update,actor_update_norm,0.014305699616670609
45000,update,actor_update_norm_max,0.06375730037689209
45000,update,actor_update_norm_mean,0.016815846662223338
45000,update,actor_update_norm_min,0.008168037049472332
45000,update,actor_update_norm_ratio,0.0003197590224260003
45000,update,actor_update_norm_ratio_max,0.0014324598763926948
45000,update,actor_update_norm_ratio_mean,0.0003866091077106669
45000,update,actor_update_norm_ratio_min,0.0001857955136382585
45000,update,alpha,0.0066101569682359695
45000,update,alpha_loss,-0.00020589560153894126
45000,update,alpha_loss_max,0.004816303960978985
45000,update,alpha_loss_mean,3.315295136999339e-05
45000,update,alpha_loss_min,-0.006621411070227623
45000,update,alpha_max,0.009167523123323917
45000,update,alpha_mean,0.0074063334016129375
45000,update,alpha_min,0.006222146097570658
45000,update,num_optimizer_updates,5000.0
45000,update,policy_entropy_estimate,-1.0311307907104492
45000,update,policy_entropy_estimate_max,-0.29296737909317017
45000,update,policy_entropy_estimate_mean,-0.9961556412100792
45000,update,policy_entropy_estimate_min,-1.8368011713027954
45000,update,policy_log_prob_mean,1.0311307907104492
45000,update,policy_log_prob_mean_max,1.8368011713027954
45000,update,policy_log_prob_mean_mean,0.9961556412100792
45000,update,policy_log_prob_mean_min,0.29296737909317017
45000,update,q1_loss,1.6564719676971436
45000,update,q1_loss_max,14.305675506591797
45000,update,q1_loss_mean,0.9719901011645794
45000,update,q1_loss_min,0.23919740319252014
45000,update,q1_mean,-30.295948028564453
45000,update,q1_mean_max,-18.812973022460938
45000,update,q1_mean_mean,-30.853355263137818
45000,update,q1_mean_min,-45.66676330566406
45000,update,q2_loss,0.8792837858200073
45000,update,q2_loss_max,13.293688774108887
45000,update,q2_loss_mean,0.75106683870852
45000,update,q2_loss_min,0.15678298473358154
45000,update,q2_mean,-29.921031951904297
45000,update,q2_mean_max,-19.172182083129883
45000,update,q2_mean_mean,-30.85312017173767
45000,update,q2_mean_min,-45.77207946777344
45000,update,q_grad_norm,182.18540954589844
45000,update,q_grad_norm_max,1427.3607177734375
45000,update,q_grad_norm_mean,167.70949177703858
45000,update,q_grad_norm_min,45.610206604003906
45000,update,q_loss,2.5357556343078613
45000,update,q_loss_cleanrl_logged,1.2678778171539307
45000,update,q_loss_cleanrl_logged_max,13.7996826171875
45000,update,q_loss_cleanrl_logged_mean,0.8615284696996212
45000,update,q_loss_cleanrl_logged_min,0.21575865149497986
45000,update,q_loss_max,27.599365234375
45000,update,q_loss_mean,1.7230569393992423
45000,update,q_loss_min,0.4315173029899597
45000,update,q_param_norm,257.5553512573242
45000,update,q_param_norm_max,257.5553512573242
45000,update,q_param_norm_mean,250.38645439453126
45000,update,q_param_norm_min,242.9452896118164
45000,update,q_update_norm,0.027287058532238007
45000,update,q_update_norm_max,0.1079445332288742
45000,update,q_update_norm_mean,0.03150991433337331
45000,update,q_update_norm_min,0.01587488502264023
45000,update,q_update_norm_ratio,0.00014980555753550697
45000,update,q_update_norm_ratio_max,0.0005959747389281262
45000,update,q_update_norm_ratio_mean,0.0001779964471976811
45000,update,q_update_norm_ratio_min,8.768515904758177e-05
45000,update,target_q_mean,-30.02935791015625
45000,update,target_q_mean_max,-19.176170349121094
45000,update,target_q_mean_mean,-30.85335954589844
45000,update,target_q_mean_min,-45.736602783203125
45200,train_episode,collapse,0.0
45200,train_episode,length,200.0
45200,train_episode,return,-119.31498969097828
45200,train_episode,success,1.0
45400,train_episode,collapse,0.0
45400,train_episode,length,200.0
45400,train_episode,return,-121.52154942121118
45400,train_episode,success,1.0
45600,train_episode,collapse,0.0
45600,train_episode,length,200.0
45600,train_episode,return,-127.5193425469154
45600,train_episode,success,1.0
45800,train_episode,collapse,0.0
45800,train_episode,length,200.0
45800,train_episode,return,-234.89486069300753
45800,train_episode,success,0.0
46000,train_episode,collapse,0.0
46000,train_episode,length,200.0
46000,train_episode,return,-125.12889430640992
46000,train_episode,success,1.0
46200,train_episode,collapse,0.0
46200,train_episode,length,200.0
46200,train_episode,return,-230.9543490801468
46200,train_episode,success,0.0
46400,train_episode,collapse,0.0
46400,train_episode,length,200.0
46400,train_episode,return,-118.23824974574228
46400,train_episode,success,1.0
46600,train_episode,collapse,0.0
46600,train_episode,length,200.0
46600,train_episode,return,-116.42890243872743
46600,train_episode,success,1.0
46800,train_episode,collapse,0.0
46800,train_episode,length,200.0
46800,train_episode,return,-114.40919655379312
46800,train_episode,success,1.0
47000,train_episode,collapse,0.0
47000,train_episode,length,200.0
47000,train_episode,return,-0.7685241261873546
47000,train_episode,success,1.0
47200,train_episode,collapse,0.0
47200,train_episode,length,200.0
47200,train_episode,return,-114.13710773191727
47200,train_episode,success,1.0
47400,train_episode,collapse,0.0
47400,train_episode,length,200.0
47400,train_episode,return,-1.6165134439273334
47400,train_episode,success,1.0
47600,train_episode,collapse,0.0
47600,train_episode,length,200.0
47600,train_episode,return,-237.74544838523772
47600,train_episode,success,0.0
47800,train_episode,collapse,0.0
47800,train_episode,length,200.0
47800,train_episode,return,-118.78167988367824
47800,train_episode,success,1.0
48000,train_episode,collapse,0.0
48000,train_episode,length,200.0
48000,train_episode,return,-119.13740243755161
48000,train_episode,success,1.0
48200,train_episode,collapse,0.0
48200,train_episode,length,200.0
48200,train_episode,return,-123.82125585511443
48200,train_episode,success,1.0
48400,train_episode,collapse,0.0
48400,train_episode,length,200.0
48400,train_episode,return,-0.9740992088371492
48400,train_episode,success,1.0
48600,train_episode,collapse,0.0
48600,train_episode,length,200.0
48600,train_episode,return,-123.42057369713798
48600,train_episode,success,1.0
48800,train_episode,collapse,0.0
48800,train_episode,length,200.0
48800,train_episode,return,-2.097600411950456
48800,train_episode,success,1.0
49000,train_episode,collapse,0.0
49000,train_episode,length,200.0
49000,train_episode,return,-124.62539477779059
49000,train_episode,success,1.0
49200,train_episode,collapse,0.0
49200,train_episode,length,200.0
49200,train_episode,return,-121.98671717369787
49200,train_episode,success,1.0
49400,train_episode,collapse,0.0
49400,train_episode,length,200.0
49400,train_episode,return,-2.106761648230544
49400,train_episode,success,1.0
49600,train_episode,collapse,0.0
49600,train_episode,length,200.0
49600,train_episode,return,-125.51591095175947
49600,train_episode,success,1.0
49800,train_episode,collapse,0.0
49800,train_episode,length,200.0
49800,train_episode,return,-125.93436212167126
49800,train_episode,success,1.0
50000,train_episode,collapse,0.0
50000,train_episode,length,200.0
50000,train_episode,return,-2.552057732722637
50000,train_episode,success,1.0
50000,update,actor_grad_norm,1.0147415399551392
50000,update,actor_grad_norm_max,8.775408744812012
50000,update,actor_grad_norm_mean,1.0037691353619098
50000,update,actor_grad_norm_min,0.13696397840976715
50000,update,actor_loss,28.597761154174805
50000,update,actor_loss_max,42.0720100402832
50000,update,actor_loss_mean,28.128604801940917
50000,update,actor_loss_min,16.93070411682129
50000,update,actor_param_norm,46.889957427978516
50000,update,actor_param_norm_max,46.89003372192383
50000,update,actor_param_norm_mean,45.810525029754636
50000,update,actor_param_norm_min,44.73974609375
50000,update,actor_update_norm,0.019159503281116486
50000,update,actor_update_norm_max,0.04483997821807861
50000,update,actor_update_norm_mean,0.015809651216864586
50000,update,actor_update_norm_min,0.0072249118238687515
50000,update,actor_update_norm_ratio,0.00040860801421405124
50000,update,actor_update_norm_ratio_max,0.000962354770125581
50000,update,actor_update_norm_ratio_mean,0.000345096778869797
50000,update,actor_update_norm_ratio_min,0.00015995944064209285
50000,update,alpha,0.007679497357457876
50000,update,alpha_loss,0.00010517527698539197
50000,update,alpha_loss_max,0.004214108921587467
50000,update,alpha_loss_mean,-2.756313280406175e-05
50000,update,alpha_loss_min,-0.006360082421451807
50000,update,alpha_max,0.008400819264352322
50000,update,alpha_mean,0.006999760798644275
50000,update,alpha_min,0.0059245917946100235
50000,update,num_optimizer_updates,5000.0
50000,update,policy_entropy_estimate,-0.9863120317459106
50000,update,policy_entropy_estimate_max,-0.4387317895889282
50000,update,policy_entropy_estimate_mean,-1.0043158610105514
50000,update,policy_entropy_estimate_min,-1.9086405038833618
50000,update,policy_log_prob_mean,0.9863120317459106
50000,update,policy_log_prob_mean_max,1.9086405038833618
50000,update,policy_log_prob_mean_mean,1.0043158610105514
50000,update,policy_log_prob_mean_min,0.4387317895889282
50000,update,q1_loss,1.9192075729370117
50000,update,q1_loss_max,29.894027709960938
50000,update,q1_loss_mean,0.849887723004818
50000,update,q1_loss_min,0.20876088738441467
50000,update,q1_mean,-29.282594680786133
50000,update,q1_mean_max,-17.140886306762695
50000,update,q1_mean_mean,-28.666268634796143
50000,update,q1_mean_min,-42.61873245239258
50000,update,q2_loss,0.9187443852424622
50000,update,q2_loss_max,20.447336196899414
50000,update,q2_loss_mean,0.6731317007273435
50000,update,q2_loss_min,0.15811774134635925
50000,update,q2_mean,-29.435197830200195
50000,update,q2_mean_max,-17.01163101196289
50000,update,q2_mean_mean,-28.66606131019592
50000,update,q2_mean_min,-42.54652404785156
50000,update,q_grad_norm,244.692626953125
50000,update,q_grad_norm_max,1321.3145751953125
50000,update,q_grad_norm_mean,156.39824902801513
50000,update,q_grad_norm_min,35.619998931884766
50000,update,q_loss,2.837951898574829
50000,update,q_loss_cleanrl_logged,1.4189759492874146
50000,update,q_loss_cleanrl_logged_max,25.17068099975586
50000,update,q_loss_cleanrl_logged_mean,0.7615097115814686
50000,update,q_loss_cleanrl_logged_min,0.18353012204170227
50000,update,q_loss_max,50.34136199951172
50000,update,q_loss_mean,1.5230194231629373
50000,update,q_loss_min,0.36706024408340454
50000,update,q_param_norm,269.74537658691406
50000,update,q_param_norm_max,269.74537658691406
50000,update,q_param_norm_mean,263.88805475769044
50000,update,q_param_norm_min,257.5611343383789
50000,update,q_update_norm,0.036448683589696884
50000,update,q_update_norm_max,0.0804840698838234
50000,update,q_update_norm_mean,0.031171630407497288
50000,update,q_update_norm_min,0.016372378915548325
50000,update,q_update_norm_ratio,0.00019105315603777767
50000,update,q_update_norm_ratio_max,0.00042917583758450025
50000,update,q_update_norm_ratio_mean,0.0001669984471959861
50000,update,q_update_norm_ratio_min,8.739123807533916e-05
50000,update,target_q_mean,-29.48952293395996
50000,update,target_q_mean_max,-16.92331886291504
50000,update,target_q_mean_mean,-28.66635347480774
50000,update,target_q_mean_min,-42.82557678222656
50000,replay,action_abs_max,1.9999996423721313
50000,replay,action_abs_mean,0.7967830300331116
50000,replay,action_saturation_fraction,0.07526
50000,replay,capacity,500000.0
50000,replay,done_fraction,0.0
50000,replay,fill_fraction,0.1
50000,replay,near_upright_any_transition_fraction,0.73766
50000,replay,near_upright_next_obs_fraction,0.73738
50000,replay,near_upright_obs_fraction,0.73364
50000,replay,reward_max,-4.539865869901405e-07
50000,replay,reward_mean,-1.4855235815048218
50000,replay,reward_min,-16.252336502075195
50000,replay,reward_std,3.1371726989746094
50000,replay,sample_count_max,680.0
50000,replay,sample_count_mean,230.4
50000,replay,size,50000.0
50000,replay,transition_age_max,49999.0
50000,replay,transition_age_mean,24999.5
50000,diagnostics,actor_layer0_activation_abs_max,4.216591835021973
50000,diagnostics,actor_layer0_activation_abs_mean,0.17719696462154388
50000,diagnostics,actor_layer0_dormant_fraction,0.03515625
50000,diagnostics,actor_layer0_effective_rank_fraction,0.055236317217350006
50000,diagnostics,actor_layer1_activation_abs_max,5.201581954956055
50000,diagnostics,actor_layer1_activation_abs_mean,0.05791924521327019
50000,diagnostics,actor_layer1_dormant_fraction,0.40234375
50000,diagnostics,actor_layer1_effective_rank_fraction,0.12996499240398407
50000,diagnostics,actor_param_norm,46.889957427978516
50000,diagnostics,alpha,0.007679497357457876
50000,diagnostics,q1_layer0_activation_abs_max,5.897382736206055
50000,diagnostics,q1_layer0_activation_abs_mean,0.3748275637626648
50000,diagnostics,q1_layer0_dormant_fraction,0.03515625
50000,diagnostics,q1_layer0_effective_rank_fraction,0.06235932931303978
50000,diagnostics,q1_layer1_activation_abs_max,28.72512435913086
50000,diagnostics,q1_layer1_activation_abs_mean,1.9584434032440186
50000,diagnostics,q1_layer1_dormant_fraction,0.43359375
50000,diagnostics,q1_layer1_effective_rank_fraction,0.064689502120018
50000,diagnostics,q1_param_norm,132.08412170410156
50000,diagnostics,q2_layer0_activation_abs_max,5.164979934692383
50000,diagnostics,q2_layer0_activation_abs_mean,0.36883220076560974
50000,diagnostics,q2_layer0_dormant_fraction,0.0546875
50000,diagnostics,q2_layer0_effective_rank_fraction,0.05940218269824982
50000,diagnostics,q2_layer1_activation_abs_max,29.33995819091797
50000,diagnostics,q2_layer1_activation_abs_mean,2.657092571258545
50000,diagnostics,q2_layer1_dormant_fraction,0.453125
50000,diagnostics,q2_layer1_effective_rank_fraction,0.0645710676908493
50000,diagnostics,q2_param_norm,137.6612548828125
50200,train_episode,collapse,0.0
50200,train_episode,length,200.0
50200,train_episode,return,-235.31873940417842
50200,train_episode,success,0.0
50400,train_episode,collapse,0.0
50400,train_episode,length,200.0
50400,train_episode,return,-239.6209529993145
50400,train_episode,success,0.0
50600,train_episode,collapse,0.0
50600,train_episode,length,200.0
50600,train_episode,return,-354.02672837763566
50600,train_episode,success,0.0
50800,train_episode,collapse,0.0
50800,train_episode,length,200.0
50800,train_episode,return,-121.15148370382573
50800,train_episode,success,1.0
51000,train_episode,collapse,0.0
51000,train_episode,length,200.0
51000,train_episode,return,-217.11631551346161
51000,train_episode,success,0.0
51200,train_episode,collapse,0.0
51200,train_episode,length,200.0
51200,train_episode,return,-125.4396185078348
51200,train_episode,success,1.0
51400,train_episode,collapse,0.0
51400,train_episode,length,200.0
51400,train_episode,return,-117.3133479293006
51400,train_episode,success,1.0
51600,train_episode,collapse,0.0
51600,train_episode,length,200.0
51600,train_episode,return,-119.60676693160065
51600,train_episode,success,1.0
51800,train_episode,collapse,0.0
51800,train_episode,length,200.0
51800,train_episode,return,-1.8042580999410585
51800,train_episode,success,1.0
52000,train_episode,collapse,0.0
52000,train_episode,length,200.0
52000,train_episode,return,-0.9286185615253496
52000,train_episode,success,1.0
52200,train_episode,collapse,0.0
52200,train_episode,length,200.0
52200,train_episode,return,-119.54879599000766
52200,train_episode,success,1.0
52400,train_episode,collapse,0.0
52400,train_episode,length,200.0
52400,train_episode,return,-224.8548947469393
52400,train_episode,success,0.0
52600,train_episode,collapse,0.0
52600,train_episode,length,200.0
52600,train_episode,return,-2.0921499275252806
52600,train_episode,success,1.0
52800,train_episode,collapse,0.0
52800,train_episode,length,200.0
52800,train_episode,return,-126.28288092720095
52800,train_episode,success,1.0
53000,train_episode,collapse,0.0
53000,train_episode,length,200.0
53000,train_episode,return,-119.44418946934843
53000,train_episode,success,1.0
53200,train_episode,collapse,0.0
53200,train_episode,length,200.0
53200,train_episode,return,-310.7339232162787
53200,train_episode,success,0.0
53400,train_episode,collapse,0.0
53400,train_episode,length,200.0
53400,train_episode,return,-120.85022637760933
53400,train_episode,success,1.0
53600,train_episode,collapse,0.0
53600,train_episode,length,200.0
53600,train_episode,return,-116.86606837250706
53600,train_episode,success,1.0
53800,train_episode,collapse,0.0
53800,train_episode,length,200.0
53800,train_episode,return,-129.6468764089277
53800,train_episode,success,1.0
54000,train_episode,collapse,0.0
54000,train_episode,length,200.0
54000,train_episode,return,-119.28502856588013
54000,train_episode,success,1.0
54200,train_episode,collapse,0.0
54200,train_episode,length,200.0
54200,train_episode,return,-226.43210819906872
54200,train_episode,success,0.0
54400,train_episode,collapse,0.0
54400,train_episode,length,200.0
54400,train_episode,return,-0.46926472841472766
54400,train_episode,success,1.0
54600,train_episode,collapse,0.0
54600,train_episode,length,200.0
54600,train_episode,return,-119.94009241744119
54600,train_episode,success,1.0
54800,train_episode,collapse,0.0
54800,train_episode,length,200.0
54800,train_episode,return,-118.76705299945924
54800,train_episode,success,1.0
55000,train_episode,collapse,0.0
55000,train_episode,length,200.0
55000,train_episode,return,-127.15562726116575
55000,train_episode,success,1.0
55000,update,actor_grad_norm,0.3830910921096802
55000,update,actor_grad_norm_max,14.196858406066895
55000,update,actor_grad_norm_mean,0.9809267762959003
55000,update,actor_grad_norm_min,0.14032526314258575
55000,update,actor_loss,29.741933822631836
55000,update,actor_loss_max,39.12517547607422
55000,update,actor_loss_mean,26.761424451828002
55000,update,actor_loss_min,14.457246780395508
55000,update,actor_param_norm,48.995975494384766
55000,update,actor_param_norm_max,48.995975494384766
55000,update,actor_param_norm_mean,47.94465711517334
55000,update,actor_param_norm_min,46.889957427978516
55000,update,actor_update_norm,0.013916362076997757
55000,update,actor_update_norm_max,0.06168026104569435
55000,update,actor_update_norm_mean,0.01619538365676999
55000,update,actor_update_norm_min,0.00807583425194025
55000,update,actor_update_norm_ratio,0.00028403567115128984
55000,update,actor_update_norm_ratio_max,0.0012888645818669732
55000,update,actor_update_norm_ratio_mean,0.0003377809585732191
55000,update,actor_update_norm_ratio_min,0.00016931026361148894
55000,update,alpha,0.006158160045742989
55000,update,alpha_loss,0.0010033565340563655
55000,update,alpha_loss_max,0.0032831267453730106
55000,update,alpha_loss_mean,5.6991460085555446e-05
55000,update,alpha_loss_min,-0.0039753676392138
55000,update,alpha_max,0.008244210854172707
55000,update,alpha_mean,0.006822101550828665
55000,update,alpha_min,0.0052901506423950195
55000,update,num_optimizer_updates,5000.0
55000,update,policy_entropy_estimate,-0.8372629880905151
55000,update,policy_entropy_estimate_max,-0.44892963767051697
55000,update,policy_entropy_estimate_mean,-0.9920789721608162
55000,update,policy_entropy_estimate_min,-1.6375066041946411
55000,update,policy_log_prob_mean,0.8372629880905151
55000,update,policy_log_prob_mean_max,1.6375066041946411
55000,update,policy_log_prob_mean_mean,0.9920789721608162
55000,update,policy_log_prob_mean_min,0.44892963767051697
55000,update,q1_loss,0.6284484267234802
55000,update,q1_loss_max,9.639272689819336
55000,update,q1_loss_mean,0.8430545529156923
55000,update,q1_loss_min,0.1697894036769867
55000,update,q1_mean,-29.95629119873047
55000,update,q1_mean_max,-14.209388732910156
55000,update,q1_mean_mean,-27.235609863471986
55000,update,q1_mean_min,-39.889793395996094
55000,update,q2_loss,0.865263819694519
55000,update,q2_loss_max,8.828813552856445
55000,update,q2_loss_mean,0.6614186249524355
55000,update,q2_loss_min,0.1264488250017166
55000,update,q2_mean,-29.910194396972656
55000,update,q2_mean_max,-14.010449409484863
55000,update,q2_mean_mean,-27.23535475063324
55000,update,q2_mean_min,-39.88246536254883
55000,update,q_grad_norm,191.5441131591797
55000,update,q_grad_norm_max,911.3382568359375
55000,update,q_grad_norm_mean,154.89784868850708
55000,update,q_grad_norm_min,35.92684555053711
55000,update,q_loss,1.4937121868133545
55000,update,q_loss_cleanrl_logged,0.7468560934066772
55000,update,q_loss_cleanrl_logged_max,9.23404312133789
55000,update,q_loss_cleanrl_logged_mean,0.7522365888148547
55000,update,q_loss_cleanrl_logged_min,0.19526407122612
55000,update,q_loss_max,18.46808624267578
55000,update,q_loss_mean,1.5044731776297093
55000,update,q_loss_min,0.39052814245224
55000,update,q_param_norm,281.2181091308594
55000,update,q_param_norm_max,281.2181091308594
55000,update,q_param_norm_mean,275.4115587097168
55000,update,q_param_norm_min,269.74815368652344
55000,update,q_update_norm,0.026819437742233276
55000,update,q_update_norm_max,0.07987961173057556
55000,update,q_update_norm_mean,0.03207451966200024
55000,update,q_update_norm_min,0.015407240949571133
55000,update,q_update_norm_ratio,0.00013484086480337304
55000,update,q_update_norm_ratio_max,0.00041280098920825015
55000,update,q_update_norm_ratio_mean,0.00016469060308598488
55000,update,q_update_norm_ratio_min,7.904512769458453e-05
55000,update,target_q_mean,-29.81597900390625
55000,update,target_q_mean_max,-14.22623348236084
55000,update,target_q_mean_mean,-27.235693660545348
55000,update,target_q_mean_min,-39.80723571777344
55200,train_episode,collapse,0.0
55200,train_episode,length,200.0
55200,train_episode,return,-2.22692622207796
55200,train_episode,success,1.0
55400,train_episode,collapse,0.0
55400,train_episode,length,200.0
55400,train_episode,return,-119.30131426727148
55400,train_episode,success,1.0
55600,train_episode,collapse,0.0
55600,train_episode,length,200.0
55600,train_episode,return,-122.52896305769673
55600,train_episode,success,1.0
55800,train_episode,collapse,0.0
55800,train_episode,length,200.0
55800,train_episode,return,-228.0299207331316
55800,train_episode,success,0.0
56000,train_episode,collapse,0.0
56000,train_episode,length,200.0
56000,train_episode,return,-121.88941222938412
56000,train_episode,success,1.0
56200,train_episode,collapse,0.0
56200,train_episode,length,200.0
56200,train_episode,return,-122.89722080160881
56200,train_episode,success,1.0
56400,train_episode,collapse,0.0
56400,train_episode,length,200.0
56400,train_episode,return,-114.40120347919658
56400,train_episode,success,1.0
56600,train_episode,collapse,0.0
56600,train_episode,length,200.0
56600,train_episode,return,-216.45383543299158
56600,train_episode,success,0.0
56800,train_episode,collapse,0.0
56800,train_episode,length,200.0
56800,train_episode,return,-0.6695947509085592
56800,train_episode,success,1.0
57000,train_episode,collapse,0.0
57000,train_episode,length,200.0
57000,train_episode,return,-120.55007977942934
57000,train_episode,success,1.0
57200,train_episode,collapse,0.0
57200,train_episode,length,200.0
57200,train_episode,return,-124.82140828375908
57200,train_episode,success,1.0
57400,train_episode,collapse,0.0
57400,train_episode,length,200.0
57400,train_episode,return,-115.93654880372812
57400,train_episode,success,1.0
57600,train_episode,collapse,0.0
57600,train_episode,length,200.0
57600,train_episode,return,-116.04135199074818
57600,train_episode,success,1.0
57800,train_episode,collapse,0.0
57800,train_episode,length,200.0
57800,train_episode,return,-230.56804482411246
57800,train_episode,success,0.0
58000,train_episode,collapse,0.0
58000,train_episode,length,200.0
58000,train_episode,return,-126.51578734104177
58000,train_episode,success,1.0
58200,train_episode,collapse,0.0
58200,train_episode,length,200.0
58200,train_episode,return,-121.84205666782064
58200,train_episode,success,1.0
58400,train_episode,collapse,0.0
58400,train_episode,length,200.0
58400,train_episode,return,-230.413380585903
58400,train_episode,success,0.0
58600,train_episode,collapse,0.0
58600,train_episode,length,200.0
58600,train_episode,return,-117.4699715625196
58600,train_episode,success,1.0
58800,train_episode,collapse,0.0
58800,train_episode,length,200.0
58800,train_episode,return,-3.384305402152424
58800,train_episode,success,1.0
59000,train_episode,collapse,0.0
59000,train_episode,length,200.0
59000,train_episode,return,-223.08552058067116
59000,train_episode,success,0.0
59200,train_episode,collapse,0.0
59200,train_episode,length,200.0
59200,train_episode,return,-229.91862857580512
59200,train_episode,success,0.0
59400,train_episode,collapse,0.0
59400,train_episode,length,200.0
59400,train_episode,return,-224.51667454785257
59400,train_episode,success,0.0
59600,train_episode,collapse,0.0
59600,train_episode,length,200.0
59600,train_episode,return,-117.08349479025048
59600,train_episode,success,1.0
59800,train_episode,collapse,0.0
59800,train_episode,length,200.0
59800,train_episode,return,-119.42024377760323
59800,train_episode,success,1.0
60000,train_episode,collapse,0.0
60000,train_episode,length,200.0
60000,train_episode,return,-227.61742173542973
60000,train_episode,success,0.0
60000,update,actor_grad_norm,0.22719302773475647
60000,update,actor_grad_norm_max,13.635188102722168
60000,update,actor_grad_norm_mean,0.9398372978746891
60000,update,actor_grad_norm_min,0.13576176762580872
60000,update,actor_loss,24.517549514770508
60000,update,actor_loss_max,39.97978973388672
60000,update,actor_loss_mean,25.372978814697266
60000,update,actor_loss_min,14.61001205444336
60000,update,actor_param_norm,50.888675689697266
60000,update,actor_param_norm_max,50.888675689697266
60000,update,actor_param_norm_mean,49.97740238952637
60000,update,actor_param_norm_min,48.995975494384766
60000,update,actor_update_norm,0.0101326247677207
60000,update,actor_update_norm_max,0.05867559462785721
60000,update,actor_update_norm_mean,0.015893582655675708
60000,update,actor_update_norm_min,0.006856162566691637
60000,update,actor_update_norm_ratio,0.00019911372707376619
60000,update,actor_update_norm_ratio_max,0.001172992239630174
60000,update,actor_update_norm_ratio_mean,0.00031808362947190113
60000,update,actor_update_norm_ratio_min,0.00013538441396438431
60000,update,alpha,0.005021112971007824
60000,update,alpha_loss,-0.0006393544608727098
60000,update,alpha_loss_max,0.0029021771624684334
60000,update,alpha_loss_mean,4.893148421688238e-05
60000,update,alpha_loss_min,-0.003687266493216157
60000,update,alpha_max,0.006835365667939186
60000,update,alpha_mean,0.005523248569108546
60000,update,alpha_min,0.004389483947306871
60000,update,num_optimizer_updates,5000.0
60000,update,policy_entropy_estimate,-1.1273890733718872
60000,update,policy_entropy_estimate_max,-0.4926665127277374
60000,update,policy_entropy_estimate_mean,-0.9917111162543297
60000,update,policy_entropy_estimate_min,-1.6210895776748657
60000,update,policy_log_prob_mean,1.1273890733718872
60000,update,policy_log_prob_mean_max,1.6210895776748657
60000,update,policy_log_prob_mean_mean,0.9917111162543297
60000,update,policy_log_prob_mean_min,0.4926665127277374
60000,update,q1_loss,0.6787992715835571
60000,update,q1_loss_max,17.82662582397461
60000,update,q1_loss_mean,0.9262763397961855
60000,update,q1_loss_min,0.1656847596168518
60000,update,q1_mean,-25.123014450073242
60000,update,q1_mean_max,-13.486135482788086
60000,update,q1_mean_mean,-25.837633244514464
60000,update,q1_mean_min,-40.489383697509766
60000,update,q2_loss,0.47836920619010925
60000,update,q2_loss_max,18.856691360473633
60000,update,q2_loss_mean,0.749927561853826
60000,update,q2_loss_min,0.12280257791280746
60000,update,q2_mean,-24.986488342285156
60000,update,q2_mean_max,-13.529073715209961
60000,update,q2_mean_mean,-25.837379480934143
60000,update,q2_mean_min,-40.534759521484375
60000,update,q_grad_norm,157.37379455566406
60000,update,q_grad_norm_max,1507.7381591796875
60000,update,q_grad_norm_mean,163.36911993789673
60000,update,q_grad_norm_min,38.33297348022461
60000,update,q_loss,1.1571685075759888
60000,update,q_loss_cleanrl_logged,0.5785842537879944
60000,update,q_loss_cleanrl_logged_max,18.226055145263672
60000,update,q_loss_cleanrl_logged_mean,0.8381019518911839
60000,update,q_loss_cleanrl_logged_min,0.1619720458984375
60000,update,q_loss_max,36.452110290527344
60000,update,q_loss_mean,1.6762039037823677
60000,update,q_loss_min,0.323944091796875
60000,update,q_param_norm,291.49452209472656
60000,update,q_param_norm_max,291.49452209472656
60000,update,q_param_norm_mean,286.6015507049561
60000,update,q_param_norm_min,281.21934509277344
60000,update,q_update_norm,0.021208569407463074
60000,update,q_update_norm_max,0.10532588511705399
60000,update,q_update_norm_mean,0.03355034364107996
60000,update,q_update_norm_min,0.014462059363722801
60000,update,q_update_norm_ratio,0.00010286924542640055
60000,update,q_update_norm_ratio_max,0.0005123561446874826
60000,update,q_update_norm_ratio_mean,0.00016549871476177538
60000,update,q_update_norm_ratio_min,7.196291783801334e-05
60000,update,target_q_mean,-25.18552017211914
60000,update,target_q_mean_max,-13.465890884399414
60000,update,target_q_mean_mean,-25.83776409626007
60000,update,target_q_mean_min,-40.46967315673828
60200,train_episode,collapse,0.0
60200,train_episode,length,200.0
60200,train_episode,return,-301.1065037244446
60200,train_episode,success,0.0
60400,train_episode,collapse,0.0
60400,train_episode,length,200.0
60400,train_episode,return,-120.88070782101498
60400,train_episode,success,1.0
60600,train_episode,collapse,0.0
60600,train_episode,length,200.0
60600,train_episode,return,-120.91952100857046
60600,train_episode,success,1.0
60800,train_episode,collapse,0.0
60800,train_episode,length,200.0
60800,train_episode,return,-226.2665650388897
60800,train_episode,success,0.0
61000,train_episode,collapse,0.0
61000,train_episode,length,200.0
61000,train_episode,return,-353.62495713162815
61000,train_episode,success,0.0
61200,train_episode,collapse,0.0
61200,train_episode,length,200.0
61200,train_episode,return,-127.43872080128688
61200,train_episode,success,1.0
61400,train_episode,collapse,0.0
61400,train_episode,length,200.0
61400,train_episode,return,-221.75694025204044
61400,train_episode,success,0.0
61600,train_episode,collapse,0.0
61600,train_episode,length,200.0
61600,train_episode,return,-125.17310026989955
61600,train_episode,success,1.0
61800,train_episode,collapse,0.0
61800,train_episode,length,200.0
61800,train_episode,return,-120.34849243279038
61800,train_episode,success,1.0
62000,train_episode,collapse,0.0
62000,train_episode,length,200.0
62000,train_episode,return,-231.9022173751644
62000,train_episode,success,0.0
62200,train_episode,collapse,0.0
62200,train_episode,length,200.0
62200,train_episode,return,-121.59105690110951
62200,train_episode,success,1.0
62400,train_episode,collapse,0.0
62400,train_episode,length,200.0
62400,train_episode,return,-224.7949590090599
62400,train_episode,success,0.0
62600,train_episode,collapse,0.0
62600,train_episode,length,200.0
62600,train_episode,return,-119.21678171796789
62600,train_episode,success,1.0
62800,train_episode,collapse,0.0
62800,train_episode,length,200.0
62800,train_episode,return,-121.05508974142077
62800,train_episode,success,1.0
63000,train_episode,collapse,0.0
63000,train_episode,length,200.0
63000,train_episode,return,-221.29762181401082
63000,train_episode,success,0.0
63200,train_episode,collapse,0.0
63200,train_episode,length,200.0
63200,train_episode,return,-119.31874792754184
63200,train_episode,success,1.0
63400,train_episode,collapse,0.0
63400,train_episode,length,200.0
63400,train_episode,return,-229.4211665476206
63400,train_episode,success,0.0
63600,train_episode,collapse,0.0
63600,train_episode,length,200.0
63600,train_episode,return,-118.16957181373286
63600,train_episode,success,1.0
63800,train_episode,collapse,0.0
63800,train_episode,length,200.0
63800,train_episode,return,-0.4774573401334774
63800,train_episode,success,1.0
64000,train_episode,collapse,0.0
64000,train_episode,length,200.0
64000,train_episode,return,-117.97465318603808
64000,train_episode,success,1.0
64200,train_episode,collapse,0.0
64200,train_episode,length,200.0
64200,train_episode,return,-219.24294953453327
64200,train_episode,success,0.0
64400,train_episode,collapse,0.0
64400,train_episode,length,200.0
64400,train_episode,return,-117.66766505147875
64400,train_episode,success,1.0
64600,train_episode,collapse,0.0
64600,train_episode,length,200.0
64600,train_episode,return,-221.455057641524
64600,train_episode,success,0.0
64800,train_episode,collapse,0.0
64800,train_episode,length,200.0
64800,train_episode,return,-118.89150009852509
64800,train_episode,success,1.0
65000,train_episode,collapse,0.0
65000,train_episode,length,200.0
65000,train_episode,return,-119.23093562610109
65000,train_episode,success,1.0
65000,update,actor_grad_norm,1.7315881252288818
65000,update,actor_grad_norm_max,15.974235534667969
65000,update,actor_grad_norm_mean,0.8839302755415439
65000,update,actor_grad_norm_min,0.1554802656173706
65000,update,actor_loss,30.15973663330078
65000,update,actor_loss_max,36.05925750732422
65000,update,actor_loss_mean,24.476982551193238
65000,update,actor_loss_min,14.00292682647705
65000,update,actor_param_norm,52.70744323730469
65000,update,actor_param_norm_max,52.70744323730469
65000,update,actor_param_norm_mean,51.80239906539917
65000,update,actor_param_norm_min,50.888587951660156
65000,update,actor_update_norm,0.015568059869110584
65000,update,actor_update_norm_max,0.04573184624314308
65000,update,actor_update_norm_mean,0.015753715290501714
65000,update,actor_update_norm_min,0.007326296530663967
65000,update,actor_update_norm_ratio,0.00029537198477411436
65000,update,actor_update_norm_ratio_max,0.0008745620180119595
65000,update,actor_update_norm_ratio_mean,0.0003040819298608676
65000,update,actor_update_norm_ratio_min,0.0001411675684912772
65000,update,alpha,0.004575899802148342
65000,update,alpha_loss,-0.00010755434050224721
65000,update,alpha_loss_max,0.0030369937885552645
65000,update,alpha_loss_mean,2.602140023955144e-05
65000,update,alpha_loss_min,-0.0038531646132469177
65000,update,alpha_max,0.007171159610152245
65000,update,alpha_mean,0.005002530166041106
65000,update,alpha_min,0.003757334779947996
65000,update,num_optimizer_updates,5000.0
65000,update,policy_entropy_estimate,-1.023500680923462
65000,update,policy_entropy_estimate_max,-0.3755512535572052
65000,update,policy_entropy_estimate_mean,-0.9951960519075393
65000,update,policy_entropy_estimate_min,-1.692508578300476
65000,update,policy_log_prob_mean,1.023500680923462
65000,update,policy_log_prob_mean_max,1.692508578300476
65000,update,policy_log_prob_mean_mean,0.9951960519075393
65000,update,policy_log_prob_mean_min,0.3755512535572052
65000,update,q1_loss,1.2522467374801636
65000,update,q1_loss_max,14.203287124633789
65000,update,q1_loss_mean,0.8388986127257347
65000,update,q1_loss_min,0.1544957458972931
65000,update,q1_mean,-30.047393798828125
65000,update,q1_mean_max,-11.9229154586792
65000,update,q1_mean_mean,-24.920663138961793
65000,update,q1_mean_min,-36.88782501220703
65000,update,q2_loss,0.41929891705513
65000,update,q2_loss_max,17.535612106323242
65000,update,q2_loss_mean,0.6381561312586069
65000,update,q2_loss_min,0.09927861392498016
65000,update,q2_mean,-30.049875259399414
65000,update,q2_mean_max,-12.023029327392578
65000,update,q2_mean_mean,-24.920456831741333
65000,update,q2_mean_min,-37.076148986816406
65000,update,q_grad_norm,225.0716552734375
65000,update,q_grad_norm_max,1207.9700927734375
65000,update,q_grad_norm_mean,153.5606206588745
65000,update,q_grad_norm_min,35.25247573852539
65000,update,q_loss,1.6715456247329712
65000,update,q_loss_cleanrl_logged,0.8357728123664856
65000,update,q_loss_cleanrl_logged_max,15.85490608215332
65000,update,q_loss_cleanrl_logged_mean,0.738527372276783
65000,update,q_loss_cleanrl_logged_min,0.1658686399459839
65000,update,q_loss_max,31.70981216430664
65000,update,q_loss_mean,1.477054744553566
65000,update,q_loss_min,0.3317372798919678
65000,update,q_param_norm,300.6995086669922
65000,update,q_param_norm_max,300.7001037597656
65000,update,q_param_norm_mean,296.0310492126465
65000,update,q_param_norm_min,291.497802734375
65000,update,q_update_norm,0.02846602164208889
65000,update,q_update_norm_max,0.12863297760486603
65000,update,q_update_norm_mean,0.03286869033388794
65000,update,q_update_norm_min,0.013417859561741352
65000,update,q_update_norm_ratio,0.00013384150830745626
65000,update,q_update_norm_ratio_max,0.0006052386118770444
65000,update,q_update_norm_ratio_mean,0.000156916129647087
65000,update,q_update_norm_ratio_min,6.502928465786995e-05
65000,update,target_q_mean,-30.125192642211914
65000,update,target_q_mean_max,-11.934826850891113
65000,update,target_q_mean_mean,-24.920809691238404
65000,update,target_q_mean_min,-36.79148864746094
65200,train_episode,collapse,0.0
65200,train_episode,length,200.0
65200,train_episode,return,-0.4196982322631842
65200,train_episode,success,1.0
65400,train_episode,collapse,0.0
65400,train_episode,length,200.0
65400,train_episode,return,-123.26213032717422
65400,train_episode,success,1.0
65600,train_episode,collapse,0.0
65600,train_episode,length,200.0
65600,train_episode,return,-117.77503368801061
65600,train_episode,success,1.0
65800,train_episode,collapse,0.0
65800,train_episode,length,200.0
65800,train_episode,return,-216.39864922786833
65800,train_episode,success,0.0
66000,train_episode,collapse,0.0
66000,train_episode,length,200.0
66000,train_episode,return,-118.85862780178056
66000,train_episode,success,1.0
66200,train_episode,collapse,0.0
66200,train_episode,length,200.0
66200,train_episode,return,-272.74535880479885
66200,train_episode,success,0.0
66400,train_episode,collapse,0.0
66400,train_episode,length,200.0
66400,train_episode,return,-117.29963020522221
66400,train_episode,success,1.0
66600,train_episode,collapse,0.0
66600,train_episode,length,200.0
66600,train_episode,return,-220.4986583982137
66600,train_episode,success,0.0
66800,train_episode,collapse,0.0
66800,train_episode,length,200.0
66800,train_episode,return,-125.05820527753012
66800,train_episode,success,1.0
67000,train_episode,collapse,0.0
67000,train_episode,length,200.0
67000,train_episode,return,-118.40146924175457
67000,train_episode,success,1.0
67200,train_episode,collapse,0.0
67200,train_episode,length,200.0
67200,train_episode,return,-239.96317334592302
67200,train_episode,success,0.0
67400,train_episode,collapse,0.0
67400,train_episode,length,200.0
67400,train_episode,return,-246.75812442368857
67400,train_episode,success,0.0
67600,train_episode,collapse,0.0
67600,train_episode,length,200.0
67600,train_episode,return,-217.66798031988793
67600,train_episode,success,0.0
67800,train_episode,collapse,0.0
67800,train_episode,length,200.0
67800,train_episode,return,-122.52605147595256
67800,train_episode,success,1.0
68000,train_episode,collapse,0.0
68000,train_episode,length,200.0
68000,train_episode,return,-126.38920665588587
68000,train_episode,success,1.0
68200,train_episode,collapse,0.0
68200,train_episode,length,200.0
68200,train_episode,return,-121.35527484404567
68200,train_episode,success,1.0
68400,train_episode,collapse,0.0
68400,train_episode,length,200.0
68400,train_episode,return,-118.769542519206
68400,train_episode,success,1.0
68600,train_episode,collapse,0.0
68600,train_episode,length,200.0
68600,train_episode,return,-115.61812321662083
68600,train_episode,success,1.0
68800,train_episode,collapse,0.0
68800,train_episode,length,200.0
68800,train_episode,return,-116.81439776291484
68800,train_episode,success,1.0
69000,train_episode,collapse,0.0
69000,train_episode,length,200.0
69000,train_episode,return,-222.2855504770728
69000,train_episode,success,0.0
69200,train_episode,collapse,0.0
69200,train_episode,length,200.0
69200,train_episode,return,-116.48126274382264
69200,train_episode,success,1.0
69400,train_episode,collapse,0.0
69400,train_episode,length,200.0
69400,train_episode,return,-0.7762449291581699
69400,train_episode,success,1.0
69600,train_episode,collapse,0.0
69600,train_episode,length,200.0
69600,train_episode,return,-123.42124124782724
69600,train_episode,success,1.0
69800,train_episode,collapse,0.0
69800,train_episode,length,200.0
69800,train_episode,return,-117.00268986594523
69800,train_episode,success,1.0
70000,train_episode,collapse,0.0
70000,train_episode,length,200.0
70000,train_episode,return,-251.19251589833993
70000,train_episode,success,0.0
70000,update,actor_grad_norm,0.932665228843689
70000,update,actor_grad_norm_max,11.159716606140137
70000,update,actor_grad_norm_mean,0.8484922016143799
70000,update,actor_grad_norm_min,0.10794900357723236
70000,update,actor_loss,22.457305908203125
70000,update,actor_loss_max,35.862613677978516
70000,update,actor_loss_mean,23.597075761413574
70000,update,actor_loss_min,12.810355186462402
70000,update,actor_param_norm,54.5523567199707
70000,update,actor_param_norm_max,54.5523567199707
70000,update,actor_param_norm_mean,53.63989437637329
70000,update,actor_param_norm_min,52.70744323730469
70000,update,actor_update_norm,0.013033850118517876
70000,update,actor_update_norm_max,0.04709954559803009
70000,update,actor_update_norm_mean,0.015649656595289708
70000,update,actor_update_norm_min,0.007551893591880798
70000,update,actor_update_norm_ratio,0.00023892423680985125
70000,update,actor_update_norm_ratio_max,0.0008899502251785686
70000,update,actor_update_norm_ratio_mean,0.00029180035287812347
70000,update,actor_update_norm_ratio_min,0.0001389478836715056
70000,update,alpha,0.005497603211551905
70000,update,alpha_loss,0.0010340360458940268
70000,update,alpha_loss_max,0.0029066670686006546
70000,update,alpha_loss_mean,-3.0023363067448373e-05
70000,update,alpha_loss_min,-0.00328542641364038
70000,update,alpha_max,0.0056792390532791615
70000,update,alpha_mean,0.004488188925012946
70000,update,alpha_min,0.0035829718690365553
70000,update,num_optimizer_updates,5000.0
70000,update,policy_entropy_estimate,-0.8121150732040405
70000,update,policy_entropy_estimate_max,-0.35019177198410034
70000,update,policy_entropy_estimate_mean,-1.0065640720486642
70000,update,policy_entropy_estimate_min,-1.7180689573287964
70000,update,policy_log_prob_mean,0.8121150732040405
70000,update,policy_log_prob_mean_max,1.7180689573287964
70000,update,policy_log_prob_mean_mean,1.0065640720486642
70000,update,policy_log_prob_mean_min,0.35019177198410034
70000,update,q1_loss,0.6058676838874817
70000,update,q1_loss_max,15.92630672454834
70000,update,q1_loss_mean,0.7774219012409449
70000,update,q1_loss_min,0.14838479459285736
70000,update,q1_mean,-22.46329689025879
70000,update,q1_mean_max,-12.727923393249512
70000,update,q1_mean_mean,-23.888809388923644
70000,update,q1_mean_min,-36.72484588623047
70000,update,q2_loss,0.528614342212677
70000,update,q2_loss_max,12.927971839904785
70000,update,q2_loss_mean,0.5753177731022239
70000,update,q2_loss_min,0.09886776655912399
70000,update,q2_mean,-22.028745651245117
70000,update,q2_mean_max,-12.654205322265625
70000,update,q2_mean_mean,-23.888581151390074
70000,update,q2_mean_min,-36.844573974609375
70000,update,q_grad_norm,134.98570251464844
70000,update,q_grad_norm_max,1204.59033203125
70000,update,q_grad_norm_mean,144.81263437423706
70000,update,q_grad_norm_min,34.94742965698242
70000,update,q_loss,1.1344820261001587
70000,update,q_loss_cleanrl_logged,0.5672410130500793
70000,update,q_loss_cleanrl_logged_max,13.856426239013672
70000,update,q_loss_cleanrl_logged_mean,0.6763698370277882
70000,update,q_loss_cleanrl_logged_min,0.18432699143886566
70000,update,q_loss_max,27.712852478027344
70000,update,q_loss_mean,1.3527396740555764
70000,update,q_loss_min,0.3686539828777313
70000,update,q_param_norm,309.47998046875
70000,update,q_param_norm_max,309.47998046875
70000,update,q_param_norm_mean,305.06606635131834
70000,update,q_param_norm_min,300.69886779785156
70000,update,q_update_norm,0.027106672525405884
70000,update,q_update_norm_max,0.1334138810634613
70000,update,q_update_norm_mean,0.032375786301866175
70000,update,q_update_norm_min,0.014863897114992142
70000,update,q_update_norm_ratio,0.00012383343992537632
70000,update,q_update_norm_ratio_max,0.0006213499884928108
70000,update,q_update_norm_ratio_mean,0.00015001312508158967
70000,update,q_update_norm_ratio_min,6.878057445358326e-05
70000,update,target_q_mean,-22.44390869140625
70000,update,target_q_mean_max,-12.601621627807617
70000,update,target_q_mean_mean,-23.88893339958191
70000,update,target_q_mean_min,-36.64192581176758
70200,train_episode,collapse,0.0
70200,train_episode,length,200.0
70200,train_episode,return,-128.31876907336402
70200,train_episode,success,1.0
70400,train_episode,collapse,0.0
70400,train_episode,length,200.0
70400,train_episode,return,-118.7701443415471
70400,train_episode,success,1.0
70600,train_episode,collapse,0.0
70600,train_episode,length,200.0
70600,train_episode,return,-0.18901330006057182
70600,train_episode,success,1.0
70800,train_episode,collapse,0.0
70800,train_episode,length,200.0
70800,train_episode,return,-235.21170174447084
70800,train_episode,success,0.0
71000,train_episode,collapse,0.0
71000,train_episode,length,200.0
71000,train_episode,return,-127.87898275531232
71000,train_episode,success,1.0
71200,train_episode,collapse,0.0
71200,train_episode,length,200.0
71200,train_episode,return,-223.19925007021146
71200,train_episode,success,0.0
71400,train_episode,collapse,0.0
71400,train_episode,length,200.0
71400,train_episode,return,-117.17570141491423
71400,train_episode,success,1.0
71600,train_episode,collapse,0.0
71600,train_episode,length,200.0
71600,train_episode,return,-225.64570636104207
71600,train_episode,success,0.0
71800,train_episode,collapse,0.0
71800,train_episode,length,200.0
71800,train_episode,return,-216.12342309222916
71800,train_episode,success,0.0
72000,train_episode,collapse,0.0
72000,train_episode,length,200.0
72000,train_episode,return,-119.21339329491552
72000,train_episode,success,1.0
72200,train_episode,collapse,0.0
72200,train_episode,length,200.0
72200,train_episode,return,-222.62058378771766
72200,train_episode,success,0.0
72400,train_episode,collapse,0.0
72400,train_episode,length,200.0
72400,train_episode,return,-116.79120810125913
72400,train_episode,success,1.0
72600,train_episode,collapse,0.0
72600,train_episode,length,200.0
72600,train_episode,return,-119.87149704823038
72600,train_episode,success,1.0
72800,train_episode,collapse,0.0
72800,train_episode,length,200.0
72800,train_episode,return,-252.96868359826692
72800,train_episode,success,0.0
73000,train_episode,collapse,0.0
73000,train_episode,length,200.0
73000,train_episode,return,-0.19038639113091121
73000,train_episode,success,1.0
73200,train_episode,collapse,0.0
73200,train_episode,length,200.0
73200,train_episode,return,-116.88326579502007
73200,train_episode,success,1.0
73400,train_episode,collapse,0.0
73400,train_episode,length,200.0
73400,train_episode,return,-117.12256150417501
73400,train_episode,success,1.0
73600,train_episode,collapse,0.0
73600,train_episode,length,200.0
73600,train_episode,return,-248.23210918029653
73600,train_episode,success,0.0
73800,train_episode,collapse,0.0
73800,train_episode,length,200.0
73800,train_episode,return,-366.72050175171876
73800,train_episode,success,0.0
74000,train_episode,collapse,0.0
74000,train_episode,length,200.0
74000,train_episode,return,-119.12627690536335
74000,train_episode,success,1.0
74200,train_episode,collapse,0.0
74200,train_episode,length,200.0
74200,train_episode,return,-118.08014934584368
74200,train_episode,success,1.0
74400,train_episode,collapse,0.0
74400,train_episode,length,200.0
74400,train_episode,return,-122.30682724753814
74400,train_episode,success,1.0
74600,train_episode,collapse,0.0
74600,train_episode,length,200.0
74600,train_episode,return,-264.54054557258235
74600,train_episode,success,0.0
74800,train_episode,collapse,0.0
74800,train_episode,length,200.0
74800,train_episode,return,-120.07597703726034
74800,train_episode,success,1.0
75000,train_episode,collapse,0.0
75000,train_episode,length,200.0
75000,train_episode,return,-251.74603842568806
75000,train_episode,success,0.0
75000,update,actor_grad_norm,0.8097915053367615
75000,update,actor_grad_norm_max,6.898406505584717
75000,update,actor_grad_norm_mean,0.8152855457663536
75000,update,actor_grad_norm_min,0.13305386900901794
75000,update,actor_loss,22.81439208984375
75000,update,actor_loss_max,32.90772247314453
75000,update,actor_loss_mean,22.56714398956299
75000,update,actor_loss_min,11.598788261413574
75000,update,actor_param_norm,56.06599426269531
75000,update,actor_param_norm_max,56.06599426269531
75000,update,actor_param_norm_mean,55.282624729156495
75000,update,actor_param_norm_min,54.5523567199707
75000,update,actor_update_norm,0.01327175460755825
75000,update,actor_update_norm_max,0.05618016794323921
75000,update,actor_update_norm_mean,0.01564726330637932
75000,update,actor_update_norm_min,0.0072471704334020615
75000,update,actor_update_norm_ratio,0.00023671839422568063
75000,update,actor_update_norm_ratio_max,0.0010066267723141743
75000,update,actor_update_norm_ratio_mean,0.0002829820783409598
75000,update,actor_update_norm_ratio_min,0.00013030820247899094
75000,update,alpha,0.005267682485282421
75000,update,alpha_loss,-0.0006625473615713418
75000,update,alpha_loss_max,0.003292371518909931
75000,update,alpha_loss_mean,8.24653374729678e-07
75000,update,alpha_loss_min,-0.00542065454646945
75000,update,alpha_max,0.006447458174079657
75000,update,alpha_mean,0.0054737759002484385
75000,update,alpha_min,0.0042598131112754345
75000,update,num_optimizer_updates,5000.0
75000,update,policy_entropy_estimate,-1.1258513927459717
75000,update,policy_entropy_estimate_max,-0.3947801887989044
75000,update,policy_entropy_estimate_mean,-1.0008140857815742
75000,update,policy_entropy_estimate_min,-2.1895506381988525
75000,update,policy_log_prob_mean,1.1258513927459717
75000,update,policy_log_prob_mean_max,2.1895506381988525
75000,update,policy_log_prob_mean_mean,1.0008140857815742
75000,update,policy_log_prob_mean_min,0.3947801887989044
75000,update,q1_loss,0.9695119857788086
75000,update,q1_loss_max,34.655086517333984
75000,update,q1_loss_mean,0.8411311427980661
75000,update,q1_loss_min,0.1575266271829605
75000,update,q1_mean,-23.421772003173828
75000,update,q1_mean_max,-11.463315963745117
75000,update,q1_mean_mean,-22.869660502433778
75000,update,q1_mean_min,-34.399383544921875
75000,update,q2_loss,1.1977314949035645
75000,update,q2_loss_max,34.0805778503418
75000,update,q2_loss_mean,0.6660351188600063
75000,update,q2_loss_min,0.09956972301006317
75000,update,q2_mean,-23.297456741333008
75000,update,q2_mean_max,-11.554793357849121
75000,update,q2_mean_mean,-22.869508390045166
75000,update,q2_mean_min,-34.79556655883789
75000,update,q_grad_norm,197.8590850830078
75000,update,q_grad_norm_max,1373.5950927734375
75000,update,q_grad_norm_mean,154.17348226623534
75000,update,q_grad_norm_min,34.29601287841797
75000,update,q_loss,2.167243480682373
75000,update,q_loss_cleanrl_logged,1.0836217403411865
75000,update,q_loss_cleanrl_logged_max,34.36783218383789
75000,update,q_loss_cleanrl_logged_mean,0.7535831314593554
75000,update,q_loss_cleanrl_logged_min,0.13297949731349945
75000,update,q_loss_max,68.73566436767578
75000,update,q_loss_mean,1.5071662629187108
75000,update,q_loss_min,0.2659589946269989
75000,update,q_param_norm,317.6618957519531
75000,update,q_param_norm_max,317.6618957519531
75000,update,q_param_norm_mean,313.5371153594971
75000,update,q_param_norm_min,309.4816436767578
75000,update,q_update_norm,0.02928275428712368
75000,update,q_update_norm_max,0.12553538382053375
75000,update,q_update_norm_mean,0.034359870534017685
75000,update,q_update_norm_min,0.015805331990122795
75000,update,q_update_norm_ratio,0.000130327362613605
75000,update,q_update_norm_ratio_max,0.0005614308079879494
75000,update,q_update_norm_ratio_mean,0.00015494583344380342
75000,update,q_update_norm_ratio_min,7.168186637142909e-05
75000,update,target_q_mean,-23.2336368560791
75000,update,target_q_mean_max,-11.818572044372559
75000,update,target_q_mean_mean,-22.869832787895202
75000,update,target_q_mean_min,-34.65589904785156
75000,replay,action_abs_max,2.0
75000,replay,action_abs_mean,0.7052422165870667
75000,replay,action_saturation_fraction,0.07706666666666667
75000,replay,capacity,500000.0
75000,replay,done_fraction,0.0
75000,replay,fill_fraction,0.15
75000,replay,near_upright_any_transition_fraction,0.7742266666666666
75000,replay,near_upright_next_obs_fraction,0.77404
75000,replay,near_upright_obs_fraction,0.7699866666666667
75000,replay,reward_max,-4.539865869901405e-07
75000,replay,reward_mean,-1.2424589395523071
75000,replay,reward_min,-16.252336502075195
75000,replay,reward_std,2.922637462615967
75000,replay,sample_count_max,786.0
75000,replay,sample_count_mean,238.93333333333334
75000,replay,size,75000.0
75000,replay,transition_age_max,74999.0
75000,replay,transition_age_mean,37499.5
75000,diagnostics,actor_layer0_activation_abs_max,3.504657506942749
75000,diagnostics,actor_layer0_activation_abs_mean,0.15394718945026398
75000,diagnostics,actor_layer0_dormant_fraction,0.0234375
75000,diagnostics,actor_layer0_effective_rank_fraction,0.053318481892347336
75000,diagnostics,actor_layer1_activation_abs_max,6.25853157043457
75000,diagnostics,actor_layer1_activation_abs_mean,0.03826391324400902
75000,diagnostics,actor_layer1_dormant_fraction,0.4609375
75000,diagnostics,actor_layer1_effective_rank_fraction,0.12787722051143646
75000,diagnostics,actor_param_norm,56.06599426269531
75000,diagnostics,alpha,0.005267682485282421
75000,diagnostics,q1_layer0_activation_abs_max,6.024816989898682
75000,diagnostics,q1_layer0_activation_abs_mean,0.36814790964126587
75000,diagnostics,q1_layer0_dormant_fraction,0.05078125
75000,diagnostics,q1_layer0_effective_rank_fraction,0.05754275992512703
75000,diagnostics,q1_layer1_activation_abs_max,31.087669372558594
75000,diagnostics,q1_layer1_activation_abs_mean,2.303837776184082
75000,diagnostics,q1_layer1_dormant_fraction,0.4375
75000,diagnostics,q1_layer1_effective_rank_fraction,0.06239856034517288
75000,diagnostics,q1_param_norm,154.97976684570312
75000,diagnostics,q2_layer0_activation_abs_max,6.527803897857666
75000,diagnostics,q2_layer0_activation_abs_mean,0.359002023935318
75000,diagnostics,q2_layer0_dormant_fraction,0.06640625
75000,diagnostics,q2_layer0_effective_rank_fraction,0.05512440204620361
75000,diagnostics,q2_layer1_activation_abs_max,30.576404571533203
75000,diagnostics,q2_layer1_activation_abs_mean,3.1454524993896484
75000,diagnostics,q2_layer1_dormant_fraction,0.453125
75000,diagnostics,q2_layer1_effective_rank_fraction,0.06201823428273201
75000,diagnostics,q2_param_norm,162.68212890625
75200,train_episode,collapse,0.0
75200,train_episode,length,200.0
75200,train_episode,return,-118.18784184096852
75200,train_episode,success,1.0
75400,train_episode,collapse,0.0
75400,train_episode,length,200.0
75400,train_episode,return,-115.36167401859844
75400,train_episode,success,1.0
75600,train_episode,collapse,0.0
75600,train_episode,length,200.0
75600,train_episode,return,-224.98025198597483
75600,train_episode,success,0.0
75800,train_episode,collapse,0.0
75800,train_episode,length,200.0
75800,train_episode,return,-0.7096255789908527
75800,train_episode,success,1.0
76000,train_episode,collapse,0.0
76000,train_episode,length,200.0
76000,train_episode,return,-116.32595192937744
76000,train_episode,success,1.0
76200,train_episode,collapse,0.0
76200,train_episode,length,200.0
76200,train_episode,return,-119.65838997893832
76200,train_episode,success,1.0
76400,train_episode,collapse,0.0
76400,train_episode,length,200.0
76400,train_episode,return,-335.0015127208051
76400,train_episode,success,0.0
76600,train_episode,collapse,0.0
76600,train_episode,length,200.0
76600,train_episode,return,-118.91705348856007
76600,train_episode,success,1.0
76800,train_episode,collapse,0.0
76800,train_episode,length,200.0
76800,train_episode,return,-232.55381250714782
76800,train_episode,success,0.0
77000,train_episode,collapse,0.0
77000,train_episode,length,200.0
77000,train_episode,return,-118.09564557573721
77000,train_episode,success,1.0
77200,train_episode,collapse,0.0
77200,train_episode,length,200.0
77200,train_episode,return,-118.31741188793052
77200,train_episode,success,1.0
77400,train_episode,collapse,0.0
77400,train_episode,length,200.0
77400,train_episode,return,-123.29597118880334
77400,train_episode,success,1.0
77600,train_episode,collapse,0.0
77600,train_episode,length,200.0
77600,train_episode,return,-129.47029842338418
77600,train_episode,success,1.0
77800,train_episode,collapse,0.0
77800,train_episode,length,200.0
77800,train_episode,return,-128.06951216331498
77800,train_episode,success,1.0
78000,train_episode,collapse,0.0
78000,train_episode,length,200.0
78000,train_episode,return,-216.77201987772185
78000,train_episode,success,0.0
78200,train_episode,collapse,0.0
78200,train_episode,length,200.0
78200,train_episode,return,-123.32139356290557
78200,train_episode,success,1.0
78400,train_episode,collapse,0.0
78400,train_episode,length,200.0
78400,train_episode,return,-235.6121164712531
78400,train_episode,success,0.0
78600,train_episode,collapse,0.0
78600,train_episode,length,200.0
78600,train_episode,return,-117.20269502897062
78600,train_episode,success,1.0
78800,train_episode,collapse,0.0
78800,train_episode,length,200.0
78800,train_episode,return,-235.32841533606796
78800,train_episode,success,0.0
79000,train_episode,collapse,0.0
79000,train_episode,length,200.0
79000,train_episode,return,-127.49713603910999
79000,train_episode,success,1.0
79200,train_episode,collapse,0.0
79200,train_episode,length,200.0
79200,train_episode,return,-249.33319579891705
79200,train_episode,success,0.0
79400,train_episode,collapse,0.0
79400,train_episode,length,200.0
79400,train_episode,return,-229.44808174150404
79400,train_episode,success,0.0
79600,train_episode,collapse,0.0
79600,train_episode,length,200.0
79600,train_episode,return,-120.88753924798348
79600,train_episode,success,1.0
79800,train_episode,collapse,0.0
79800,train_episode,length,200.0
79800,train_episode,return,-116.14014175118854
79800,train_episode,success,1.0
80000,train_episode,collapse,0.0
80000,train_episode,length,200.0
80000,train_episode,return,-1.368785050740786
80000,train_episode,success,1.0
80000,update,actor_grad_norm,0.4829424023628235
80000,update,actor_grad_norm_max,12.438727378845215
80000,update,actor_grad_norm_mean,0.8384454956680536
80000,update,actor_grad_norm_min,0.11192577332258224
80000,update,actor_loss,21.730743408203125
80000,update,actor_loss_max,35.381805419921875
80000,update,actor_loss_mean,21.739178591156005
80000,update,actor_loss_min,11.343391418457031
80000,update,actor_param_norm,57.65408706665039
80000,update,actor_param_norm_max,57.65408706665039
80000,update,actor_param_norm_mean,56.88357247543335
80000,update,actor_param_norm_min,56.06599426269531
80000,update,actor_update_norm,0.01308764610439539
80000,update,actor_update_norm_max,0.046699490398168564
80000,update,actor_update_norm_mean,0.01607513003014028
80000,update,actor_update_norm_min,0.007216787897050381
80000,update,actor_update_norm_ratio,0.0002270045419721042
80000,update,actor_update_norm_ratio_max,0.000816495815868623
80000,update,actor_update_norm_ratio_mean,0.00028256757802445513
80000,update,actor_update_norm_ratio_min,0.00012647805644603566
80000,update,alpha,0.0032109557650983334
80000,update,alpha_loss,-0.0005923757562413812
80000,update,alpha_loss_max,0.0030060275457799435
80000,update,alpha_loss_mean,9.767193877050886e-05
80000,update,alpha_loss_min,-0.0028878101147711277
80000,update,alpha_max,0.005394247826188803
80000,update,alpha_mean,0.004106223102007062
80000,update,alpha_min,0.003200492588803172
80000,update,num_optimizer_updates,5000.0
80000,update,policy_entropy_estimate,-1.1845529079437256
80000,update,policy_entropy_estimate_max,-0.3210846483707428
80000,update,policy_entropy_estimate_mean,-0.9774592922329902
80000,update,policy_entropy_estimate_min,-1.7360330820083618
80000,update,policy_log_prob_mean,1.1845529079437256
80000,update,policy_log_prob_mean_max,1.7360330820083618
80000,update,policy_log_prob_mean_mean,0.9774592922329902
80000,update,policy_log_prob_mean_min,0.3210846483707428
80000,update,q1_loss,0.7953064441680908
80000,update,q1_loss_max,15.515802383422852
80000,update,q1_loss_mean,0.8168598015055061
80000,update,q1_loss_min,0.11206214874982834
80000,update,q1_mean,-22.283061981201172
80000,update,q1_mean_max,-12.039201736450195
80000,update,q1_mean_mean,-22.035968195343017
80000,update,q1_mean_min,-35.44164276123047
80000,update,q2_loss,0.6594565510749817
80000,update,q2_loss_max,22.182126998901367
80000,update,q2_loss_mean,0.6150888609573245
80000,update,q2_loss_min,0.08103436231613159
80000,update,q2_mean,-22.232894897460938
80000,update,q2_mean_max,-11.980071067810059
80000,update,q2_mean_mean,-22.035811485671996
80000,update,q2_mean_min,-35.76294708251953
80000,update,q_grad_norm,146.39576721191406
80000,update,q_grad_norm_max,1455.3492431640625
80000,update,q_grad_norm_mean,150.62392660446167
80000,update,q_grad_norm_min,25.389463424682617
80000,update,q_loss,1.4547629356384277
80000,update,q_loss_cleanrl_logged,0.7273814678192139
80000,update,q_loss_cleanrl_logged_max,18.84896469116211
80000,update,q_loss_cleanrl_logged_mean,0.7159743309497834
80000,update,q_loss_cleanrl_logged_min,0.12772537767887115
80000,update,q_loss_max,37.69792938232422
80000,update,q_loss_mean,1.4319486618995667
80000,update,q_loss_min,0.2554507553577423
80000,update,q_param_norm,325.51710510253906
80000,update,q_param_norm_max,325.51710510253906
80000,update,q_param_norm_mean,321.7264075592041
80000,update,q_param_norm_min,317.6627197265625
80000,update,q_update_norm,0.02906491979956627
80000,update,q_update_norm_max,0.09920086711645126
80000,update,q_update_norm_mean,0.03406380480788648
80000,update,q_update_norm_min,0.01670524664223194
80000,update,q_update_norm_ratio,0.0001262368097734439
80000,update,q_update_norm_ratio_max,0.00043708899137029887
80000,update,q_update_norm_ratio_mean,0.00014968778848719054
80000,update,q_update_norm_ratio_min,7.289015527346565e-05
80000,update,target_q_mean,-22.251216888427734
80000,update,target_q_mean_max,-11.935356140136719
80000,update,target_q_mean_mean,-22.036161091804505
80000,update,target_q_mean_min,-35.889469146728516
80200,train_episode,collapse,0.0
80200,train_episode,length,200.0
80200,train_episode,return,-221.95800619776813
80200,train_episode,success,0.0
80400,train_episode,collapse,0.0
80400,train_episode,length,200.0
80400,train_episode,return,-117.96736841282059
80400,train_episode,success,1.0
80600,train_episode,collapse,0.0
80600,train_episode,length,200.0
80600,train_episode,return,-118.91770449465032
80600,train_episode,success,1.0
80800,train_episode,collapse,0.0
80800,train_episode,length,200.0
80800,train_episode,return,-124.95408411992017
80800,train_episode,success,1.0
81000,train_episode,collapse,0.0
81000,train_episode,length,200.0
81000,train_episode,return,-126.63810874990897
81000,train_episode,success,1.0
81200,train_episode,collapse,0.0
81200,train_episode,length,200.0
81200,train_episode,return,-116.44645097025884
81200,train_episode,success,1.0
81400,train_episode,collapse,0.0
81400,train_episode,length,200.0
81400,train_episode,return,-295.88823246173075
81400,train_episode,success,0.0
81600,train_episode,collapse,0.0
81600,train_episode,length,200.0
81600,train_episode,return,-124.10123628552562
81600,train_episode,success,1.0
81800,train_episode,collapse,0.0
81800,train_episode,length,200.0
81800,train_episode,return,-5.6245040651375655
81800,train_episode,success,1.0
82000,train_episode,collapse,0.0
82000,train_episode,length,200.0
82000,train_episode,return,-1.3192535873294058
82000,train_episode,success,1.0
82200,train_episode,collapse,0.0
82200,train_episode,length,200.0
82200,train_episode,return,-128.3453947932903
82200,train_episode,success,1.0
82400,train_episode,collapse,0.0
82400,train_episode,length,200.0
82400,train_episode,return,-118.61384639183319
82400,train_episode,success,1.0
82600,train_episode,collapse,0.0
82600,train_episode,length,200.0
82600,train_episode,return,-123.91529112104377
82600,train_episode,success,1.0
82800,train_episode,collapse,0.0
82800,train_episode,length,200.0
82800,train_episode,return,-216.45403669510182
82800,train_episode,success,0.0
83000,train_episode,collapse,0.0
83000,train_episode,length,200.0
83000,train_episode,return,-225.81224032065677
83000,train_episode,success,0.0
83200,train_episode,collapse,0.0
83200,train_episode,length,200.0
83200,train_episode,return,-113.86578986328138
83200,train_episode,success,1.0
83400,train_episode,collapse,0.0
83400,train_episode,length,200.0
83400,train_episode,return,-114.03565806876446
83400,train_episode,success,1.0
83600,train_episode,collapse,0.0
83600,train_episode,length,200.0
83600,train_episode,return,-119.31563473199533
83600,train_episode,success,1.0
83800,train_episode,collapse,0.0
83800,train_episode,length,200.0
83800,train_episode,return,-354.7903294638017
83800,train_episode,success,0.0
84000,train_episode,collapse,0.0
84000,train_episode,length,200.0
84000,train_episode,return,-118.8739265433506
84000,train_episode,success,1.0
84200,train_episode,collapse,0.0
84200,train_episode,length,200.0
84200,train_episode,return,-0.46992909583394027
84200,train_episode,success,1.0
84400,train_episode,collapse,0.0
84400,train_episode,length,200.0
84400,train_episode,return,-118.46677831081944
84400,train_episode,success,1.0
84600,train_episode,collapse,0.0
84600,train_episode,length,200.0
84600,train_episode,return,-246.82766955057892
84600,train_episode,success,0.0
84800,train_episode,collapse,0.0
84800,train_episode,length,200.0
84800,train_episode,return,-218.69817960121478
84800,train_episode,success,0.0
85000,train_episode,collapse,0.0
85000,train_episode,length,200.0
85000,train_episode,return,-0.20891453666654544
85000,train_episode,success,1.0
85000,update,actor_grad_norm,0.37582463026046753
85000,update,actor_grad_norm_max,25.67654800415039
85000,update,actor_grad_norm_mean,0.8357387174516916
85000,update,actor_grad_norm_min,0.10508104413747787
85000,update,actor_loss,20.27888298034668
85000,update,actor_loss_max,34.73802947998047
85000,update,actor_loss_mean,21.206351195907594
85000,update,actor_loss_min,11.75654125213623
85000,update,actor_param_norm,59.1390495300293
85000,update,actor_param_norm_max,59.14390182495117
85000,update,actor_param_norm_mean,58.39024859466553
85000,update,actor_param_norm_min,57.65408706665039
85000,update,actor_update_norm,0.01860480010509491
85000,update,actor_update_norm_max,0.05154354125261307
85000,update,actor_update_norm_mean,0.015414074623398482
85000,update,actor_update_norm_min,0.007341989316046238
85000,update,actor_update_norm_ratio,0.00031459254497524905
85000,update,actor_update_norm_ratio_max,0.0008892347265088404
85000,update,actor_update_norm_ratio_mean,0.00026399240402193353
85000,update,actor_update_norm_ratio_min,0.00012445340055881003
85000,update,alpha,0.004167177248746157
85000,update,alpha_loss,-0.00010112286690855399
85000,update,alpha_loss_max,0.002502181800082326
85000,update,alpha_loss_mean,-2.5886087312028395e-05
85000,update,alpha_loss_min,-0.0029147418681532145
85000,update,alpha_max,0.0050062332302331924
85000,update,alpha_mean,0.0037903095020912587
85000,update,alpha_min,0.002870528493076563
85000,update,num_optimizer_updates,5000.0
85000,update,policy_entropy_estimate,-1.0242414474487305
85000,update,policy_entropy_estimate_max,-0.3475651741027832
85000,update,policy_entropy_estimate_mean,-1.007747289454937
85000,update,policy_entropy_estimate_min,-1.7485334873199463
85000,update,policy_log_prob_mean,1.0242414474487305
85000,update,policy_log_prob_mean_max,1.7485334873199463
85000,update,policy_log_prob_mean_mean,1.007747289454937
85000,update,policy_log_prob_mean_min,0.3475651741027832
85000,update,q1_loss,2.244391441345215
85000,update,q1_loss_max,12.741647720336914
85000,update,q1_loss_mean,0.7724982829377055
85000,update,q1_loss_min,0.10447299480438232
85000,update,q1_mean,-21.198692321777344
85000,update,q1_mean_max,-10.785088539123535
85000,update,q1_mean_mean,-21.460596850013733
85000,update,q1_mean_min,-35.13434982299805
85000,update,q2_loss,1.8701696395874023
85000,update,q2_loss_max,12.636517524719238
85000,update,q2_loss_mean,0.6113368677616119
85000,update,q2_loss_min,0.06292985379695892
85000,update,q2_mean,-20.85251235961914
85000,update,q2_mean_max,-10.684158325195312
85000,update,q2_mean_mean,-21.460368423843384
85000,update,q2_mean_min,-35.362247467041016
85000,update,q_grad_norm,184.1328887939453
85000,update,q_grad_norm_max,1443.3765869140625
85000,update,q_grad_norm_mean,148.25507007980346
85000,update,q_grad_norm_min,28.395469665527344
85000,update,q_loss,4.114561080932617
85000,update,q_loss_cleanrl_logged,2.0572805404663086
85000,update,q_loss_cleanrl_logged_max,12.689083099365234
85000,update,q_loss_cleanrl_logged_mean,0.6919175754964352
85000,update,q_loss_cleanrl_logged_min,0.14373373985290527
85000,update,q_loss_max,25.37816619873047
85000,update,q_loss_mean,1.3838351509928704
85000,update,q_loss_min,0.28746747970581055
85000,update,q_param_norm,333.2486114501953
85000,update,q_param_norm_max,333.2486114501953
85000,update,q_param_norm_mean,329.40374657592776
85000,update,q_param_norm_min,325.5186309814453
85000,update,q_update_norm,0.04070856049656868
85000,update,q_update_norm_max,0.08834274858236313
85000,update,q_update_norm_mean,0.03459520437531173
85000,update,q_update_norm_min,0.016252724453806877
85000,update,q_update_norm_ratio,0.00017270575017090927
85000,update,q_update_norm_ratio_max,0.00037772264704665317
85000,update,q_update_norm_ratio_mean,0.00014849090837779148
85000,update,q_update_norm_ratio_min,6.926215422309172e-05
85000,update,target_q_mean,-21.01085662841797
85000,update,target_q_mean_max,-10.977642059326172
85000,update,target_q_mean_mean,-21.460774928474425
85000,update,target_q_mean_min,-35.114044189453125
85200,train_episode,collapse,0.0
85200,train_episode,length,200.0
85200,train_episode,return,-304.2371299054374
85200,train_episode,success,0.0
85400,train_episode,collapse,0.0
85400,train_episode,length,200.0
85400,train_episode,return,-117.21606128825452
85400,train_episode,success,1.0
85600,train_episode,collapse,0.0
85600,train_episode,length,200.0
85600,train_episode,return,-260.75869704497416
85600,train_episode,success,0.0
85800,train_episode,collapse,0.0
85800,train_episode,length,200.0
85800,train_episode,return,-123.428320835344
85800,train_episode,success,1.0
86000,train_episode,collapse,0.0
86000,train_episode,length,200.0
86000,train_episode,return,-124.00472979463626
86000,train_episode,success,1.0
86200,train_episode,collapse,0.0
86200,train_episode,length,200.0
86200,train_episode,return,-117.06641524517038
86200,train_episode,success,1.0
86400,train_episode,collapse,0.0
86400,train_episode,length,200.0
86400,train_episode,return,-0.31670534853576365
86400,train_episode,success,1.0
86600,train_episode,collapse,0.0
86600,train_episode,length,200.0
86600,train_episode,return,-216.39527106359256
86600,train_episode,success,0.0
86800,train_episode,collapse,0.0
86800,train_episode,length,200.0
86800,train_episode,return,-131.56201356662808
86800,train_episode,success,1.0
87000,train_episode,collapse,0.0
87000,train_episode,length,200.0
87000,train_episode,return,-0.987381341818896
87000,train_episode,success,1.0
87200,train_episode,collapse,0.0
87200,train_episode,length,200.0
87200,train_episode,return,-115.52014370769214
87200,train_episode,success,1.0
87400,train_episode,collapse,0.0
87400,train_episode,length,200.0
87400,train_episode,return,-114.6615784138062
87400,train_episode,success,1.0
87600,train_episode,collapse,0.0
87600,train_episode,length,200.0
87600,train_episode,return,-122.0506599567184
87600,train_episode,success,1.0
87800,train_episode,collapse,0.0
87800,train_episode,length,200.0
87800,train_episode,return,-216.53213266270097
87800,train_episode,success,0.0
88000,train_episode,collapse,0.0
88000,train_episode,length,200.0
88000,train_episode,return,-0.5800889644172501
88000,train_episode,success,1.0
88200,train_episode,collapse,0.0
88200,train_episode,length,200.0
88200,train_episode,return,-117.88073156367157
88200,train_episode,success,1.0
88400,train_episode,collapse,0.0
88400,train_episode,length,200.0
88400,train_episode,return,-119.09697501108282
88400,train_episode,success,1.0
88600,train_episode,collapse,0.0
88600,train_episode,length,200.0
88600,train_episode,return,-126.41852595529299
88600,train_episode,success,1.0
88800,train_episode,collapse,0.0
88800,train_episode,length,200.0
88800,train_episode,return,-0.9245636913427249
88800,train_episode,success,1.0
89000,train_episode,collapse,0.0
89000,train_episode,length,200.0
89000,train_episode,return,-125.70498643970534
89000,train_episode,success,1.0
89200,train_episode,collapse,0.0
89200,train_episode,length,200.0
89200,train_episode,return,-0.5288671840417294
89200,train_episode,success,1.0
89400,train_episode,collapse,0.0
89400,train_episode,length,200.0
89400,train_episode,return,-128.9617385161526
89400,train_episode,success,1.0
89600,train_episode,collapse,0.0
89600,train_episode,length,200.0
89600,train_episode,return,-1.2449669084600454
89600,train_episode,success,1.0
89800,train_episode,collapse,0.0
89800,train_episode,length,200.0
89800,train_episode,return,-117.129111032713
89800,train_episode,success,1.0
90000,train_episode,collapse,0.0
90000,train_episode,length,200.0
90000,train_episode,return,-125.18763997920549
90000,train_episode,success,1.0
90000,update,actor_grad_norm,0.520401656627655
90000,update,actor_grad_norm_max,20.670917510986328
90000,update,actor_grad_norm_mean,0.8072861728012561
90000,update,actor_grad_norm_min,0.11117324978113174
90000,update,actor_loss,14.038511276245117
90000,update,actor_loss_max,32.56479263305664
90000,update,actor_loss_mean,20.680574905014037
90000,update,actor_loss_min,11.666390419006348
90000,update,actor_param_norm,60.59259796142578
90000,update,actor_param_norm_max,60.59259796142578
90000,update,actor_param_norm_mean,59.84488168563843
90000,update,actor_param_norm_min,59.138092041015625
90000,update,actor_update_norm,0.01604001596570015
90000,update,actor_update_norm_max,0.04957237094640732
90000,update,actor_update_norm_mean,0.015606330744363368
90000,update,actor_update_norm_min,0.007191918324679136
90000,update,actor_update_norm_ratio,0.00026472044971015624
90000,update,actor_update_norm_ratio_max,0.0008367419565133825
90000,update,actor_update_norm_ratio_mean,0.00026075982165062715
90000,update,actor_update_norm_ratio_min,0.000120812873627143
90000,update,alpha,0.00525766471400857
90000,update,alpha_loss,0.0006802201387472451
90000,update,alpha_loss_max,0.002595200901851058
90000,update,alpha_loss_mean,-4.025816999928793e-05
90000,update,alpha_loss_min,-0.003179927822202444
90000,update,alpha_max,0.00555111700668931
90000,update,alpha_mean,0.0040921445989049975
90000,update,alpha_min,0.002912611933425069
90000,update,num_optimizer_updates,5000.0
90000,update,policy_entropy_estimate,-0.870538592338562
90000,update,policy_entropy_estimate_max,-0.4474518895149231
90000,update,policy_entropy_estimate_mean,-1.0094167270660401
90000,update,policy_entropy_estimate_min,-1.9900848865509033
90000,update,policy_log_prob_mean,0.870538592338562
90000,update,policy_log_prob_mean_max,1.9900848865509033
90000,update,policy_log_prob_mean_mean,1.0094167270660401
90000,update,policy_log_prob_mean_min,0.4474518895149231
90000,update,q1_loss,0.8906193375587463
90000,update,q1_loss_max,12.677882194519043
90000,update,q1_loss_mean,0.7949791217833757
90000,update,q1_loss_min,0.09830603748559952
90000,update,q1_mean,-14.379142761230469
90000,update,q1_mean_max,-8.761144638061523
90000,update,q1_mean_mean,-20.834034401893614
90000,update,q1_mean_min,-32.76863479614258
90000,update,q2_loss,0.7608200907707214
90000,update,q2_loss_max,14.877381324768066
90000,update,q2_loss_mean,0.6374013757184148
90000,update,q2_loss_min,0.09847868978977203
90000,update,q2_mean,-14.306892395019531
90000,update,q2_mean_max,-8.824433326721191
90000,update,q2_mean_mean,-20.833919625663757
90000,update,q2_mean_min,-32.96402359008789
90000,update,q_grad_norm,179.5890655517578
90000,update,q_grad_norm_max,1191.554931640625
90000,update,q_grad_norm_mean,150.87927801132201
90000,update,q_grad_norm_min,28.52513885498047
90000,update,q_loss,1.6514394283294678
90000,update,q_loss_cleanrl_logged,0.8257197141647339
90000,update,q_loss_cleanrl_logged_max,13.777631759643555
90000,update,q_loss_cleanrl_logged_mean,0.7161902487516403
90000,update,q_loss_cleanrl_logged_min,0.12675829231739044
90000,update,q_loss_max,27.55526351928711
90000,update,q_loss_mean,1.4323804975032806
90000,update,q_loss_min,0.2535165846347809
90000,update,q_param_norm,340.1166534423828
90000,update,q_param_norm_max,340.1193389892578
90000,update,q_param_norm_mean,336.6358016265869
90000,update,q_param_norm_min,333.2514343261719
90000,update,q_update_norm,0.035814400762319565
90000,update,q_update_norm_max,0.13882853090763092
90000,update,q_update_norm_mean,0.03533775235097855
90000,update,q_update_norm_min,0.015325919725000858
90000,update,q_update_norm_ratio,0.00014887607565036048
90000,update,q_update_norm_ratio_max,0.0005872742219514257
90000,update,q_update_norm_ratio_mean,0.00014842062260756584
90000,update,q_update_norm_ratio_min,6.491432423452932e-05
90000,update,target_q_mean,-14.51982307434082
90000,update,target_q_mean_max,-8.935014724731445
90000,update,target_q_mean_mean,-20.83433865261078
90000,update,target_q_mean_min,-32.897979736328125
90200,train_episode,collapse,0.0
90200,train_episode,length,200.0
90200,train_episode,return,-230.28397696920095
90200,train_episode,success,0.0
90400,train_episode,collapse,0.0
90400,train_episode,length,200.0
90400,train_episode,return,-230.01727459789197
90400,train_episode,success,0.0
90600,train_episode,collapse,0.0
90600,train_episode,length,200.0
90600,train_episode,return,-115.41263151637098
90600,train_episode,success,1.0
90800,train_episode,collapse,0.0
90800,train_episode,length,200.0
90800,train_episode,return,-0.8852357467695653
90800,train_episode,success,1.0
91000,train_episode,collapse,0.0
91000,train_episode,length,200.0
91000,train_episode,return,-123.95517821395403
91000,train_episode,success,1.0
91200,train_episode,collapse,0.0
91200,train_episode,length,200.0
91200,train_episode,return,-232.9256270483041
91200,train_episode,success,0.0
91400,train_episode,collapse,0.0
91400,train_episode,length,200.0
91400,train_episode,return,-228.78537676634275
91400,train_episode,success,0.0
91600,train_episode,collapse,0.0
91600,train_episode,length,200.0
91600,train_episode,return,-131.8580838077774
91600,train_episode,success,1.0
91800,train_episode,collapse,0.0
91800,train_episode,length,200.0
91800,train_episode,return,-123.24230442343057
91800,train_episode,success,1.0
92000,train_episode,collapse,0.0
92000,train_episode,length,200.0
92000,train_episode,return,-4.016862158610994
92000,train_episode,success,1.0
92200,train_episode,collapse,0.0
92200,train_episode,length,200.0
92200,train_episode,return,-120.73609548873182
92200,train_episode,success,1.0
92400,train_episode,collapse,0.0
92400,train_episode,length,200.0
92400,train_episode,return,-0.12790258954572614
92400,train_episode,success,1.0
92600,train_episode,collapse,0.0
92600,train_episode,length,200.0
92600,train_episode,return,-218.63307363635258
92600,train_episode,success,0.0
92800,train_episode,collapse,0.0
92800,train_episode,length,200.0
92800,train_episode,return,-114.23227623611145
92800,train_episode,success,1.0
93000,train_episode,collapse,0.0
93000,train_episode,length,200.0
93000,train_episode,return,-127.87512572555086
93000,train_episode,success,1.0
93200,train_episode,collapse,0.0
93200,train_episode,length,200.0
93200,train_episode,return,-118.42741392546408
93200,train_episode,success,1.0
93400,train_episode,collapse,0.0
93400,train_episode,length,200.0
93400,train_episode,return,-0.7543289462045446
93400,train_episode,success,1.0
93600,train_episode,collapse,0.0
93600,train_episode,length,200.0
93600,train_episode,return,-123.51483155879126
93600,train_episode,success,1.0
93800,train_episode,collapse,0.0
93800,train_episode,length,200.0
93800,train_episode,return,-116.2861815524395
93800,train_episode,success,1.0
94000,train_episode,collapse,0.0
94000,train_episode,length,200.0
94000,train_episode,return,-120.67433794267288
94000,train_episode,success,1.0
94200,train_episode,collapse,0.0
94200,train_episode,length,200.0
94200,train_episode,return,-119.04027310313077
94200,train_episode,success,1.0
94400,train_episode,collapse,0.0
94400,train_episode,length,200.0
94400,train_episode,return,-217.3639802601129
94400,train_episode,success,0.0
94600,train_episode,collapse,0.0
94600,train_episode,length,200.0
94600,train_episode,return,-232.06084062624137
94600,train_episode,success,0.0
94800,train_episode,collapse,0.0
94800,train_episode,length,200.0
94800,train_episode,return,-129.06524294478206
94800,train_episode,success,1.0
95000,train_episode,collapse,0.0
95000,train_episode,length,200.0
95000,train_episode,return,-126.6581075595386
95000,train_episode,success,1.0
95000,update,actor_grad_norm,0.23755492269992828
95000,update,actor_grad_norm_max,18.85275650024414
95000,update,actor_grad_norm_mean,0.7801390839785337
95000,update,actor_grad_norm_min,0.09902860969305038
95000,update,actor_loss,20.532596588134766
95000,update,actor_loss_max,34.711673736572266
95000,update,actor_loss_mean,20.094309486007692
95000,update,actor_loss_min,9.858443260192871
95000,update,actor_param_norm,61.93619918823242
95000,update,actor_param_norm_max,61.93619918823242
95000,update,actor_param_norm_mean,61.23698125076294
95000,update,actor_param_norm_min,60.59259796142578
95000,update,actor_update_norm,0.010386751033365726
95000,update,actor_update_norm_max,0.0526076965034008
95000,update,actor_update_norm_mean,0.0152972326554358
95000,update,actor_update_norm_min,0.007277844473719597
95000,update,actor_update_norm_ratio,0.00016770171282901803
95000,update,actor_update_norm_ratio_max,0.0008525354203603625
95000,update,actor_update_norm_ratio_mean,0.0002498416249852212
95000,update,actor_update_norm_ratio_min,0.00011918841649045677
95000,update,alpha,0.0038464393001049757
95000,update,alpha_loss,0.00010867158562177792
95000,update,alpha_loss_max,0.0028917205054312944
95000,update,alpha_loss_mean,6.906203074322548e-05
95000,update,alpha_loss_min,-0.0033816902432590723
95000,update,alpha_max,0.00616414425894618
95000,update,alpha_mean,0.004198342624725774
95000,update,alpha_min,0.0031379503197968006
95000,update,num_optimizer_updates,5000.0
95000,update,policy_entropy_estimate,-0.9717461466789246
95000,update,policy_entropy_estimate_max,-0.4115820825099945
95000,update,policy_entropy_estimate_mean,-0.9850600577950478
95000,update,policy_entropy_estimate_min,-1.8338215351104736
95000,update,policy_log_prob_mean,0.9717461466789246
95000,update,policy_log_prob_mean_max,1.8338215351104736
95000,update,policy_log_prob_mean_mean,0.9850600577950478
95000,update,policy_log_prob_mean_min,0.4115820825099945
95000,update,q1_loss,0.47593075037002563
95000,update,q1_loss_max,17.537405014038086
95000,update,q1_loss_mean,0.755155857154727
95000,update,q1_loss_min,0.1245395690202713
95000,update,q1_mean,-20.492061614990234
95000,update,q1_mean_max,-9.23696231842041
95000,update,q1_mean_mean,-20.3126216299057
95000,update,q1_mean_min,-35.55756378173828
95000,update,q2_loss,0.3965766131877899
95000,update,q2_loss_max,20.018404006958008
95000,update,q2_loss_mean,0.6274496616020798
95000,update,q2_loss_min,0.06465612351894379
95000,update,q2_mean,-20.556411743164062
95000,update,q2_mean_max,-8.95164680480957
95000,update,q2_mean_mean,-20.312464128303528
95000,update,q2_mean_min,-35.50883102416992
95000,update,q_grad_norm,97.14997863769531
95000,update,q_grad_norm_max,2006.4796142578125
95000,update,q_grad_norm_mean,143.5006085521698
95000,update,q_grad_norm_min,31.604318618774414
95000,update,q_loss,0.8725073337554932
95000,update,q_loss_cleanrl_logged,0.4362536668777466
95000,update,q_loss_cleanrl_logged_max,18.777904510498047
95000,update,q_loss_cleanrl_logged_mean,0.6913027590408921
95000,update,q_loss_cleanrl_logged_min,0.10528811067342758
95000,update,q_loss_max,37.555809020996094
95000,update,q_loss_mean,1.3826055180817842
95000,update,q_loss_min,0.21057622134685516
95000,update,q_param_norm,347.5921630859375
95000,update,q_param_norm_max,347.5921630859375
95000,update,q_param_norm_mean,344.00093713684083
95000,update,q_param_norm_min,340.11705017089844
95000,update,q_update_norm,0.03217165544629097
95000,update,q_update_norm_max,0.11229982227087021
95000,update,q_update_norm_mean,0.03484664967767894
95000,update,q_update_norm_min,0.0171482115983963
95000,update,q_update_norm_ratio,0.00013086164552795845
95000,update,q_update_norm_ratio_max,0.00046121257615389766
95000,update,q_update_norm_ratio_mean,0.0001432331634465031
95000,update,q_update_norm_ratio_min,7.02678977203274e-05
95000,update,target_q_mean,-20.744476318359375
95000,update,target_q_mean_max,-9.096281051635742
95000,update,target_q_mean_mean,-20.312845934677124
95000,update,target_q_mean_min,-35.62485885620117
95200,train_episode,collapse,0.0
95200,train_episode,length,200.0
95200,train_episode,return,-118.85577696235163
95200,train_episode,success,1.0
95400,train_episode,collapse,0.0
95400,train_episode,length,200.0
95400,train_episode,return,-121.77065208141687
95400,train_episode,success,1.0
95600,train_episode,collapse,0.0
95600,train_episode,length,200.0
95600,train_episode,return,-0.9827921339932925
95600,train_episode,success,1.0
95800,train_episode,collapse,0.0
95800,train_episode,length,200.0
95800,train_episode,return,-125.25399967804218
95800,train_episode,success,1.0
96000,train_episode,collapse,0.0
96000,train_episode,length,200.0
96000,train_episode,return,-237.51245751743662
96000,train_episode,success,0.0
96200,train_episode,collapse,0.0
96200,train_episode,length,200.0
96200,train_episode,return,-116.90537463309907
96200,train_episode,success,1.0
96400,train_episode,collapse,0.0
96400,train_episode,length,200.0
96400,train_episode,return,-116.20444334127534
96400,train_episode,success,1.0
96600,train_episode,collapse,0.0
96600,train_episode,length,200.0
96600,train_episode,return,-223.51205038239263
96600,train_episode,success,0.0
96800,train_episode,collapse,0.0
96800,train_episode,length,200.0
96800,train_episode,return,-120.29526940294794
96800,train_episode,success,1.0
97000,train_episode,collapse,0.0
97000,train_episode,length,200.0
97000,train_episode,return,-119.1934041016436
97000,train_episode,success,1.0
97200,train_episode,collapse,0.0
97200,train_episode,length,200.0
97200,train_episode,return,-124.79086404088159
97200,train_episode,success,1.0
97400,train_episode,collapse,0.0
97400,train_episode,length,200.0
97400,train_episode,return,-128.3715978565519
97400,train_episode,success,1.0
97600,train_episode,collapse,0.0
97600,train_episode,length,200.0
97600,train_episode,return,-119.78853274810308
97600,train_episode,success,1.0
97800,train_episode,collapse,0.0
97800,train_episode,length,200.0
97800,train_episode,return,-120.95637804014586
97800,train_episode,success,1.0
98000,train_episode,collapse,0.0
98000,train_episode,length,200.0
98000,train_episode,return,-120.5172465854121
98000,train_episode,success,1.0
98200,train_episode,collapse,0.0
98200,train_episode,length,200.0
98200,train_episode,return,-217.85259968735204
98200,train_episode,success,0.0
98400,train_episode,collapse,0.0
98400,train_episode,length,200.0
98400,train_episode,return,-232.66725917072102
98400,train_episode,success,0.0
98600,train_episode,collapse,0.0
98600,train_episode,length,200.0
98600,train_episode,return,-119.63248321157431
98600,train_episode,success,1.0
98800,train_episode,collapse,0.0
98800,train_episode,length,200.0
98800,train_episode,return,-116.52393068991951
98800,train_episode,success,1.0
99000,train_episode,collapse,0.0
99000,train_episode,length,200.0
99000,train_episode,return,-119.40259579996638
99000,train_episode,success,1.0
99200,train_episode,collapse,0.0
99200,train_episode,length,200.0
99200,train_episode,return,-123.41527062758469
99200,train_episode,success,1.0
99400,train_episode,collapse,0.0
99400,train_episode,length,200.0
99400,train_episode,return,-1.489328911103839
99400,train_episode,success,1.0
99600,train_episode,collapse,0.0
99600,train_episode,length,200.0
99600,train_episode,return,-125.70761995973128
99600,train_episode,success,1.0
99800,train_episode,collapse,0.0
99800,train_episode,length,200.0
99800,train_episode,return,-223.45533142318723
99800,train_episode,success,0.0
100000,train_episode,collapse,0.0
100000,train_episode,length,200.0
100000,train_episode,return,-117.19164117171948
100000,train_episode,success,1.0
100000,update,actor_grad_norm,0.8224213719367981
100000,update,actor_grad_norm_max,32.480525970458984
100000,update,actor_grad_norm_mean,0.7572290630549192
100000,update,actor_grad_norm_min,0.10812743008136749
100000,update,actor_loss,25.207611083984375
100000,update,actor_loss_max,32.30139923095703
100000,update,actor_loss_mean,19.51053659515381
100000,update,actor_loss_min,10.276595115661621
100000,update,actor_param_norm,63.42707824707031
100000,update,actor_param_norm_max,63.42707824707031
100000,update,actor_param_norm_mean,62.67092048721314
100000,update,actor_param_norm_min,61.924800872802734
100000,update,actor_update_norm,0.016400063410401344
100000,update,actor_update_norm_max,0.053537871688604355
100000,update,actor_update_norm_mean,0.015372681753896177
100000,update,actor_update_norm_min,0.007244718726724386
100000,update,actor_update_norm_ratio,0.00025856685818242373
100000,update,actor_update_norm_ratio_max,0.0008622819346942386
100000,update,actor_update_norm_ratio_mean,0.00024530061860079916
100000,update,actor_update_norm_ratio_min,0.00011549099409497376
100000,update,alpha,0.004544108174741268
100000,update,alpha_loss,-0.0010947585105895996
100000,update,alpha_loss_max,0.0023463580291718245
100000,update,alpha_loss_mean,-1.8257148186967242e-05
100000,update,alpha_loss_min,-0.0030836071819067
100000,update,alpha_max,0.0055597927421331406
100000,update,alpha_mean,0.004275668614404276
100000,update,alpha_min,0.003291300032287836
100000,update,num_optimizer_updates,5000.0
100000,update,policy_entropy_estimate,-1.241033673286438
100000,update,policy_entropy_estimate_max,-0.4719449281692505
100000,update,policy_entropy_estimate_mean,-1.005036136484146
100000,update,policy_entropy_estimate_min,-1.7631475925445557
100000,update,policy_log_prob_mean,1.241033673286438
100000,update,policy_log_prob_mean_max,1.7631475925445557
100000,update,policy_log_prob_mean_mean,1.005036136484146
100000,update,policy_log_prob_mean_min,0.4719449281692505
100000,update,q1_loss,0.8328437209129333
100000,update,q1_loss_max,25.86048698425293
100000,update,q1_loss_mean,0.7819519933462143
100000,update,q1_loss_min,0.1009664535522461
100000,update,q1_mean,-25.63111114501953
100000,update,q1_mean_max,-9.791187286376953
100000,update,q1_mean_mean,-19.721310781669615
100000,update,q1_mean_min,-32.13390350341797
100000,update,q2_loss,0.8610066771507263
100000,update,q2_loss_max,27.41351890563965
100000,update,q2_loss_mean,0.6897721600532531
100000,update,q2_loss_min,0.0715675950050354
100000,update,q2_mean,-25.360172271728516
100000,update,q2_mean_max,-9.79646110534668
100000,update,q2_mean_mean,-19.721044464302064
100000,update,q2_mean_min,-32.08485794067383
100000,update,q_grad_norm,141.4446258544922
100000,update,q_grad_norm_max,1556.1075439453125
100000,update,q_grad_norm_mean,144.20015305633544
100000,update,q_grad_norm_min,30.48480224609375
100000,update,q_loss,1.6938503980636597
100000,update,q_loss_cleanrl_logged,0.8469251990318298
100000,update,q_loss_cleanrl_logged_max,26.63700294494629
100000,update,q_loss_cleanrl_logged_mean,0.7358620771110058
100000,update,q_loss_cleanrl_logged_min,0.10638503730297089
100000,update,q_loss_max,53.27400588989258
100000,update,q_loss_mean,1.4717241542220116
100000,update,q_loss_min,0.21277007460594177
100000,update,q_param_norm,354.2983856201172
100000,update,q_param_norm_max,354.299560546875
100000,update,q_param_norm_mean,350.9117367767334
100000,update,q_param_norm_min,347.59510803222656
100000,update,q_update_norm,0.035739798098802567
100000,update,q_update_norm_max,0.13917121291160583
100000,update,q_update_norm_mean,0.03638175602369011
100000,update,q_update_norm_min,0.015859445556998253
100000,update,q_update_norm_ratio,0.00014262312620805278
100000,update,q_update_norm_ratio_max,0.0005562598479369218
100000,update,q_update_norm_ratio_mean,0.00014657218729811653
100000,update,q_update_norm_ratio_min,6.424828945769467e-05
100000,update,target_q_mean,-25.49375343322754
100000,update,target_q_mean_max,-9.845569610595703
100000,update,target_q_mean_mean,-19.721547472190856
100000,update,target_q_mean_min,-32.06016540527344
100000,replay,action_abs_max,2.0
100000,replay,action_abs_mean,0.6387588977813721
100000,replay,action_saturation_fraction,0.07283
100000,replay,capacity,500000.0
100000,replay,done_fraction,0.0
100000,replay,fill_fraction,0.2
100000,replay,near_upright_any_transition_fraction,0.79631
100000,replay,near_upright_next_obs_fraction,0.79616
100000,replay,near_upright_obs_fraction,0.792
100000,replay,reward_max,-4.539865869901405e-07
100000,replay,reward_mean,-1.0987626314163208
100000,replay,reward_min,-16.252336502075195
100000,replay,reward_std,2.78129506111145
100000,replay,sample_count_max,862.0
100000,replay,sample_count_mean,243.2
100000,replay,size,100000.0
100000,replay,transition_age_max,99999.0
100000,replay,transition_age_mean,49999.5
100000,diagnostics,actor_layer0_activation_abs_max,3.530780076980591
100000,diagnostics,actor_layer0_activation_abs_mean,0.1273670196533203
100000,diagnostics,actor_layer0_dormant_fraction,0.05859375
100000,diagnostics,actor_layer0_effective_rank_fraction,0.05493516847491264
100000,diagnostics,actor_layer1_activation_abs_max,7.376846790313721
100000,diagnostics,actor_layer1_activation_abs_mean,0.02910991758108139
100000,diagnostics,actor_layer1_dormant_fraction,0.4609375
100000,diagnostics,actor_layer1_effective_rank_fraction,0.12492337077856064
100000,diagnostics,actor_param_norm,63.42707824707031
100000,diagnostics,alpha,0.004544108174741268
100000,diagnostics,q1_layer0_activation_abs_max,6.528395175933838
100000,diagnostics,q1_layer0_activation_abs_mean,0.3491527736186981
100000,diagnostics,q1_layer0_dormant_fraction,0.05078125
100000,diagnostics,q1_layer0_effective_rank_fraction,0.05609114468097687
100000,diagnostics,q1_layer1_activation_abs_max,33.739933013916016
100000,diagnostics,q1_layer1_activation_abs_mean,2.6253809928894043
100000,diagnostics,q1_layer1_dormant_fraction,0.4609375
100000,diagnostics,q1_layer1_effective_rank_fraction,0.06329997628927231
100000,diagnostics,q1_param_norm,173.2103271484375
100000,diagnostics,q2_layer0_activation_abs_max,6.179768085479736
100000,diagnostics,q2_layer0_activation_abs_mean,0.33777090907096863
100000,diagnostics,q2_layer0_dormant_fraction,0.08984375
100000,diagnostics,q2_layer0_effective_rank_fraction,0.05416947603225708
100000,diagnostics,q2_layer1_activation_abs_max,35.81024169921875
100000,diagnostics,q2_layer1_activation_abs_mean,3.5989291667938232
100000,diagnostics,q2_layer1_dormant_fraction,0.46484375
100000,diagnostics,q2_layer1_effective_rank_fraction,0.05901230871677399
100000,diagnostics,q2_param_norm,181.0880584716797
100000,eval,best_return,-0.8837923775322566
100000,eval,collapse_rate,0.0
100000,eval,failure_rate,0.44999999999999996
100000,eval,fraction_return_ge_-100,0.15
100000,eval,fraction_return_ge_-150,0.55
100000,eval,fraction_return_ge_-200,0.55
100000,eval,fraction_return_ge_-250,0.85
100000,eval,max_not_near_upright_streak,62.0
100000,eval,mean_episode_length,200.0
100000,eval,mean_min_step_reward,-11.557922636704072
100000,eval,mean_return,-161.2773729394208
100000,eval,median_return,-127.42131289700954
100000,eval,near_upright_fraction,0.8472500000000001
100000,eval,num_collapses,0.0
100000,eval,num_eval_episodes,20.0
100000,eval,num_strict_successes,11.0
100000,eval,num_successes,11.0
100000,eval,return_failure_rate,0.44999999999999996
100000,eval,return_p05,-287.71622222352715
100000,eval,return_p10,-259.4537479978382
100000,eval,return_p25,-241.16010979820368
100000,eval,return_p75,-119.71854911928553
100000,eval,return_p90,-0.9646443473286955
100000,eval,return_p95,-0.945789707927712
100000,eval,return_reliability_nines_empirical,0.3467874862246564
100000,eval,return_reliability_nines_wilson95_low,0.18183043793474354
100000,eval,return_success_rate,0.55
100000,eval,stability_success_rate,0.75
100000,eval,std_return,90.73252195474223
100000,eval,streak_success_rate,0.95
100000,eval,strict_failure_rate,0.44999999999999996
100000,eval,strict_reliability_nines_empirical,0.3467874862246564
100000,eval,strict_reliability_nines_wilson95_low,0.18183043793474354
100000,eval,strict_success_rate,0.55
100000,eval,strict_success_rate_wilson95_high,0.7418021417443758
100000,eval,strict_success_rate_wilson95_low,0.3420853424503424
100000,eval,success_rate,0.55
100000,eval,success_rate_wilson95_high,0.7418021417443758
100000,eval,success_rate_wilson95_low,0.3420853424503424
100000,eval,worst_episode_near_upright_fraction,0.69
100000,eval,worst_min_step_reward,-16.00557628688297
100000,eval,worst_return,-296.21625636646047
100200,train_episode,collapse,0.0
100200,train_episode,length,200.0
100200,train_episode,return,-295.0823182064697
100200,train_episode,success,0.0
100400,train_episode,collapse,0.0
100400,train_episode,length,200.0
100400,train_episode,return,-0.2893307555786863
100400,train_episode,success,1.0
100600,train_episode,collapse,0.0
100600,train_episode,length,200.0
100600,train_episode,return,-124.89280157272165
100600,train_episode,success,1.0
100800,train_episode,collapse,0.0
100800,train_episode,length,200.0
100800,train_episode,return,-117.43616397801664
100800,train_episode,success,1.0
101000,train_episode,collapse,0.0
101000,train_episode,length,200.0
101000,train_episode,return,-226.1130692652972
101000,train_episode,success,0.0
101200,train_episode,collapse,0.0
101200,train_episode,length,200.0
101200,train_episode,return,-217.0286757250672
101200,train_episode,success,0.0
101400,train_episode,collapse,0.0
101400,train_episode,length,200.0
101400,train_episode,return,-0.9272574814589429
101400,train_episode,success,1.0
101600,train_episode,collapse,0.0
101600,train_episode,length,200.0
101600,train_episode,return,-236.40432772332048
101600,train_episode,success,0.0
101800,train_episode,collapse,0.0
101800,train_episode,length,200.0
101800,train_episode,return,-116.35207492154045
101800,train_episode,success,1.0
102000,train_episode,collapse,0.0
102000,train_episode,length,200.0
102000,train_episode,return,-236.16726025673532
102000,train_episode,success,0.0
102200,train_episode,collapse,0.0
102200,train_episode,length,200.0
102200,train_episode,return,-117.69113649079945
102200,train_episode,success,1.0
102400,train_episode,collapse,0.0
102400,train_episode,length,200.0
102400,train_episode,return,-236.14523625428635
102400,train_episode,success,0.0
102600,train_episode,collapse,0.0
102600,train_episode,length,200.0
102600,train_episode,return,-127.58418322110711
102600,train_episode,success,1.0
102800,train_episode,collapse,0.0
102800,train_episode,length,200.0
102800,train_episode,return,-220.84136300906312
102800,train_episode,success,0.0
103000,train_episode,collapse,0.0
103000,train_episode,length,200.0
103000,train_episode,return,-0.3903376378198608
103000,train_episode,success,1.0
103200,train_episode,collapse,0.0
103200,train_episode,length,200.0
103200,train_episode,return,-0.39517006675551103
103200,train_episode,success,1.0
103400,train_episode,collapse,0.0
103400,train_episode,length,200.0
103400,train_episode,return,-221.85506790301696
103400,train_episode,success,0.0
103600,train_episode,collapse,0.0
103600,train_episode,length,200.0
103600,train_episode,return,-124.06404451900805
103600,train_episode,success,1.0
103800,train_episode,collapse,0.0
103800,train_episode,length,200.0
103800,train_episode,return,-120.2935025461845
103800,train_episode,success,1.0
104000,train_episode,collapse,0.0
104000,train_episode,length,200.0
104000,train_episode,return,-117.01365522598246
104000,train_episode,success,1.0
104200,train_episode,collapse,0.0
104200,train_episode,length,200.0
104200,train_episode,return,-224.91706722647172
104200,train_episode,success,0.0
104400,train_episode,collapse,0.0
104400,train_episode,length,200.0
104400,train_episode,return,-220.8569072436353
104400,train_episode,success,0.0
104600,train_episode,collapse,0.0
104600,train_episode,length,200.0
104600,train_episode,return,-119.52778454352233
104600,train_episode,success,1.0
104800,train_episode,collapse,0.0
104800,train_episode,length,200.0
104800,train_episode,return,-121.08161955205624
104800,train_episode,success,1.0
105000,train_episode,collapse,0.0
105000,train_episode,length,200.0
105000,train_episode,return,-218.7160513742241
105000,train_episode,success,0.0
105000,update,actor_grad_norm,0.3727854788303375
105000,update,actor_grad_norm_max,9.462789535522461
105000,update,actor_grad_norm_mean,0.7692894162744284
105000,update,actor_grad_norm_min,0.09017124772071838
105000,update,actor_loss,17.598251342773438
105000,update,actor_loss_max,30.395967483520508
105000,update,actor_loss_mean,19.24264615364075
105000,update,actor_loss_min,9.726868629455566
105000,update,actor_param_norm,64.59220886230469
105000,update,actor_param_norm_max,64.59220886230469
105000,update,actor_param_norm_mean,63.991053172302244
105000,update,actor_param_norm_min,63.42707824707031
105000,update,actor_update_norm,0.0171977411955595
105000,update,actor_update_norm_max,0.050593942403793335
105000,update,actor_update_norm_mean,0.015011778082326054
105000,update,actor_update_norm_min,0.006526718847453594
105000,update,actor_update_norm_ratio,0.00026625180160229703
105000,update,actor_update_norm_ratio_max,0.000788785049848528
105000,update,actor_update_norm_ratio_mean,0.0002346210080237718
105000,update,actor_update_norm_ratio_min,0.00010163427120196351
105000,update,alpha,0.004661103244870901
105000,update,alpha_loss,5.760406202170998e-05
105000,update,alpha_loss_max,0.002665034495294094
105000,update,alpha_loss_mean,1.6686014049628285e-05
105000,update,alpha_loss_min,-0.0025737835094332695
105000,update,alpha_max,0.00586608424782753
105000,update,alpha_mean,0.004102635323628783
105000,update,alpha_min,0.0029976489022374153
105000,update,num_optimizer_updates,5000.0
105000,update,policy_entropy_estimate,-0.9876416921615601
105000,update,policy_entropy_estimate_max,-0.4128754138946533
105000,update,policy_entropy_estimate_mean,-0.9966344896912575
105000,update,policy_entropy_estimate_min,-1.6845427751541138
105000,update,policy_log_prob_mean,0.9876416921615601
105000,update,policy_log_prob_mean_max,1.6845427751541138
105000,update,policy_log_prob_mean_mean,0.9966344896912575
105000,update,policy_log_prob_mean_min,0.4128754138946533
105000,update,q1_loss,2.1825389862060547
105000,update,q1_loss_max,13.439557075500488
105000,update,q1_loss_mean,0.6752712188079953
105000,update,q1_loss_min,0.09052819013595581
105000,update,q1_mean,-17.73699188232422
105000,update,q1_mean_max,-9.664336204528809
105000,update,q1_mean_mean,-19.396010096168517
105000,update,q1_mean_min,-31.137348175048828
105000,update,q2_loss,1.2283530235290527
105000,update,q2_loss_max,9.694734573364258
105000,update,q2_loss_mean,0.581305850571394
105000,update,q2_loss_min,0.0799490287899971
105000,update,q2_mean,-17.61288070678711
105000,update,q2_mean_max,-9.394306182861328
105000,update,q2_mean_mean,-19.395901683044432
105000,update,q2_mean_min,-31.10045051574707
105000,update,q_grad_norm,149.49188232421875
105000,update,q_grad_norm_max,1344.2410888671875
105000,update,q_grad_norm_mean,132.8139797016144
105000,update,q_grad_norm_min,26.225175857543945
105000,update,q_loss,3.4108920097351074
105000,update,q_loss_cleanrl_logged,1.7054460048675537
105000,update,q_loss_cleanrl_logged_max,10.782693862915039
105000,update,q_loss_cleanrl_logged_mean,0.6282885348141194
105000,update,q_loss_cleanrl_logged_min,0.12904274463653564
105000,update,q_loss_max,21.565387725830078
105000,update,q_loss_mean,1.2565770696282388
105000,update,q_loss_min,0.2580854892730713
105000,update,q_param_norm,360.44085693359375
105000,update,q_param_norm_max,360.44085693359375
105000,update,q_param_norm_mean,357.36387477722167
105000,update,q_param_norm_min,354.2961883544922
105000,update,q_update_norm,0.038184452801942825
105000,update,q_update_norm_max,0.09710361808538437
105000,update,q_update_norm_mean,0.03446377292536199
105000,update,q_update_norm_min,0.016700727865099907
105000,update,q_update_norm_ratio,0.00014978363436497753
105000,update,q_update_norm_ratio_max,0.0003841961468497889
105000,update,q_update_norm_ratio_mean,0.0001363337304670487
105000,update,q_update_norm_ratio_min,6.659696651986646e-05
105000,update,target_q_mean,-17.675031661987305
105000,update,target_q_mean_max,-9.745869636535645
105000,update,target_q_mean_mean,-19.39627908782959
105000,update,target_q_mean_min,-31.00609016418457
105200,train_episode,collapse,0.0
105200,train_episode,length,200.0
105200,train_episode,return,-0.29790933026972233
105200,train_episode,success,1.0
105400,train_episode,collapse,0.0
105400,train_episode,length,200.0
105400,train_episode,return,-118.66996266562579
105400,train_episode,success,1.0
105600,train_episode,collapse,0.0
105600,train_episode,length,200.0
105600,train_episode,return,-1.7396774172143497
105600,train_episode,success,1.0
105800,train_episode,collapse,0.0
105800,train_episode,length,200.0
105800,train_episode,return,-119.24054525002332
105800,train_episode,success,1.0
106000,train_episode,collapse,0.0
106000,train_episode,length,200.0
106000,train_episode,return,-225.62570711428975
106000,train_episode,success,0.0
106200,train_episode,collapse,0.0
106200,train_episode,length,200.0
106200,train_episode,return,-232.27978436826993
106200,train_episode,success,0.0
106400,train_episode,collapse,0.0
106400,train_episode,length,200.0
106400,train_episode,return,-222.83429845872365
106400,train_episode,success,0.0
106600,train_episode,collapse,0.0
106600,train_episode,length,200.0
106600,train_episode,return,-217.23990868200156
106600,train_episode,success,0.0
106800,train_episode,collapse,0.0
106800,train_episode,length,200.0
106800,train_episode,return,-117.24364214059717
106800,train_episode,success,1.0
107000,train_episode,collapse,0.0
107000,train_episode,length,200.0
107000,train_episode,return,-226.98387882356826
107000,train_episode,success,0.0
107200,train_episode,collapse,0.0
107200,train_episode,length,200.0
107200,train_episode,return,-226.52103118078406
107200,train_episode,success,0.0
107400,train_episode,collapse,0.0
107400,train_episode,length,200.0
107400,train_episode,return,-119.717581461409
107400,train_episode,success,1.0
107600,train_episode,collapse,0.0
107600,train_episode,length,200.0
107600,train_episode,return,-220.97175931057978
107600,train_episode,success,0.0
107800,train_episode,collapse,0.0
107800,train_episode,length,200.0
107800,train_episode,return,-118.60118058139145
107800,train_episode,success,1.0
108000,train_episode,collapse,0.0
108000,train_episode,length,200.0
108000,train_episode,return,-118.36738780466538
108000,train_episode,success,1.0
108200,train_episode,collapse,0.0
108200,train_episode,length,200.0
108200,train_episode,return,-128.32692837486627
108200,train_episode,success,1.0
108400,train_episode,collapse,0.0
108400,train_episode,length,200.0
108400,train_episode,return,-127.02637876499621
108400,train_episode,success,1.0
108600,train_episode,collapse,0.0
108600,train_episode,length,200.0
108600,train_episode,return,-0.8021324564867952
108600,train_episode,success,1.0
108800,train_episode,collapse,0.0
108800,train_episode,length,200.0
108800,train_episode,return,-123.5943146636458
108800,train_episode,success,1.0
109000,train_episode,collapse,0.0
109000,train_episode,length,200.0
109000,train_episode,return,-0.7218372289404843
109000,train_episode,success,1.0
109200,train_episode,collapse,0.0
109200,train_episode,length,200.0
109200,train_episode,return,-120.21300670896653
109200,train_episode,success,1.0
109400,train_episode,collapse,0.0
109400,train_episode,length,200.0
109400,train_episode,return,-119.66344408693371
109400,train_episode,success,1.0
109600,train_episode,collapse,0.0
109600,train_episode,length,200.0
109600,train_episode,return,-227.6116787772033
109600,train_episode,success,0.0
109800,train_episode,collapse,0.0
109800,train_episode,length,200.0
109800,train_episode,return,-118.80446406448324
109800,train_episode,success,1.0
110000,train_episode,collapse,0.0
110000,train_episode,length,200.0
110000,train_episode,return,-121.01179534409836
110000,train_episode,success,1.0
110000,update,actor_grad_norm,1.2172739505767822
110000,update,actor_grad_norm_max,9.165634155273438
110000,update,actor_grad_norm_mean,0.7159267685115337
110000,update,actor_grad_norm_min,0.09502854198217392
110000,update,actor_loss,18.722375869750977
110000,update,actor_loss_max,29.15889549255371
110000,update,actor_loss_mean,18.840322999572752
110000,update,actor_loss_min,10.568095207214355
110000,update,actor_param_norm,65.78893280029297
110000,update,actor_param_norm_max,65.7894515991211
110000,update,actor_param_norm_mean,65.1991347366333
110000,update,actor_param_norm_min,64.59062194824219
110000,update,actor_update_norm,0.02284982055425644
110000,update,actor_update_norm_max,0.04769204184412956
110000,update,actor_update_norm_mean,0.015053254785947502
110000,update,actor_update_norm_min,0.0066071185283362865
110000,update,actor_update_norm_ratio,0.00034732089317717315
110000,update,actor_update_norm_ratio_max,0.0007366554948610751
110000,update,actor_update_norm_ratio_mean,0.00023089846796286927
110000,update,actor_update_norm_ratio_min,0.00010169726418714347
110000,update,alpha,0.005407941527664661
110000,update,alpha_loss,-9.037309791892767e-05
110000,update,alpha_loss_max,0.0026714797131717205
110000,update,alpha_loss_mean,-2.4594504165361286e-05
110000,update,alpha_loss_min,-0.0029846648685634136
110000,update,alpha_max,0.005838947836309671
110000,update,alpha_mean,0.004225702478643506
110000,update,alpha_min,0.00325440289452672
110000,update,num_optimizer_updates,5000.0
110000,update,policy_entropy_estimate,-1.016721248626709
110000,update,policy_entropy_estimate_max,-0.3782305419445038
110000,update,policy_entropy_estimate_mean,-1.0058840960025788
110000,update,policy_entropy_estimate_min,-1.7335811853408813
110000,update,policy_log_prob_mean,1.016721248626709
110000,update,policy_log_prob_mean_max,1.7335811853408813
110000,update,policy_log_prob_mean_mean,1.0058840960025788
110000,update,policy_log_prob_mean_min,0.3782305419445038
110000,update,q1_loss,1.041848063468933
110000,update,q1_loss_max,13.170626640319824
110000,update,q1_loss_mean,0.7244783906549215
110000,update,q1_loss_min,0.09147427976131439
110000,update,q1_mean,-18.88926887512207
110000,update,q1_mean_max,-10.247377395629883
110000,update,q1_mean_mean,-18.999784484291077
110000,update,q1_mean_min,-32.0665397644043
110000,update,q2_loss,0.7827159762382507
110000,update,q2_loss_max,16.128690719604492
110000,update,q2_loss_mean,0.6169327146336436
110000,update,q2_loss_min,0.06801164895296097
110000,update,q2_mean,-19.043739318847656
110000,update,q2_mean_max,-10.214280128479004
110000,update,q2_mean_mean,-18.999605251312257
110000,update,q2_mean_min,-32.178871154785156
110000,update,q_grad_norm,127.0662841796875
110000,update,q_grad_norm_max,1299.92578125
110000,update,q_grad_norm_mean,139.0844310562134
110000,update,q_grad_norm_min,24.699941635131836
110000,update,q_loss,1.824563980102539
110000,update,q_loss_cleanrl_logged,0.9122819900512695
110000,update,q_loss_cleanrl_logged_max,14.649658203125
110000,update,q_loss_cleanrl_logged_mean,0.6707055528149009
110000,update,q_loss_cleanrl_logged_min,0.08238182216882706
110000,update,q_loss_max,29.29931640625
110000,update,q_loss_mean,1.3414111056298017
110000,update,q_loss_min,0.1647636443376541
110000,update,q_param_norm,366.81019592285156
110000,update,q_param_norm_max,366.81019592285156
110000,update,q_param_norm_mean,363.57901765747073
110000,update,q_param_norm_min,360.4417724609375
110000,update,q_update_norm,0.03698860853910446
110000,update,q_update_norm_max,0.12421352416276932
110000,update,q_update_norm_mean,0.03629541909061372
110000,update,q_update_norm_min,0.016323061659932137
110000,update,q_update_norm_ratio,0.00014257397229896837
110000,update,q_update_norm_ratio_max,0.0004838254774079425
110000,update,q_update_norm_ratio_mean,0.0001411266395011273
110000,update,q_update_norm_ratio_min,6.341516698626617e-05
110000,update,target_q_mean,-18.794857025146484
110000,update,target_q_mean_max,-10.258255958557129
110000,update,target_q_mean_mean,-18.99995901966095
110000,update,target_q_mean_min,-32.04533767700195
110200,train_episode,collapse,0.0
110200,train_episode,length,200.0
110200,train_episode,return,-224.12069872058672
110200,train_episode,success,0.0
110400,train_episode,collapse,0.0
110400,train_episode,length,200.0
110400,train_episode,return,-218.29551136736586
110400,train_episode,success,0.0
110600,train_episode,collapse,0.0
110600,train_episode,length,200.0
110600,train_episode,return,-118.17653040760659
110600,train_episode,success,1.0
110800,train_episode,collapse,0.0
110800,train_episode,length,200.0
110800,train_episode,return,-232.39705255313694
110800,train_episode,success,0.0
111000,train_episode,collapse,0.0
111000,train_episode,length,200.0
111000,train_episode,return,-242.6672571988903
111000,train_episode,success,0.0
111200,train_episode,collapse,0.0
111200,train_episode,length,200.0
111200,train_episode,return,-118.70017163649312
111200,train_episode,success,1.0
111400,train_episode,collapse,0.0
111400,train_episode,length,200.0
111400,train_episode,return,-218.60347728508637
111400,train_episode,success,0.0
111600,train_episode,collapse,0.0
111600,train_episode,length,200.0
111600,train_episode,return,-113.83351375693042
111600,train_episode,success,1.0
111800,train_episode,collapse,0.0
111800,train_episode,length,200.0
111800,train_episode,return,-117.29110378543992
111800,train_episode,success,1.0
112000,train_episode,collapse,0.0
112000,train_episode,length,200.0
112000,train_episode,return,-125.43804834961723
112000,train_episode,success,1.0
112200,train_episode,collapse,0.0
112200,train_episode,length,200.0
112200,train_episode,return,-0.44614744731380807
112200,train_episode,success,1.0
112400,train_episode,collapse,0.0
112400,train_episode,length,200.0
112400,train_episode,return,-127.79142706345249
112400,train_episode,success,1.0
112600,train_episode,collapse,0.0
112600,train_episode,length,200.0
112600,train_episode,return,-120.06195038326517
112600,train_episode,success,1.0
112800,train_episode,collapse,0.0
112800,train_episode,length,200.0
112800,train_episode,return,-116.84712043175287
112800,train_episode,success,1.0
113000,train_episode,collapse,0.0
113000,train_episode,length,200.0
113000,train_episode,return,-228.89843676084854
113000,train_episode,success,0.0
113200,train_episode,collapse,0.0
113200,train_episode,length,200.0
113200,train_episode,return,-124.61430061606201
113200,train_episode,success,1.0
113400,train_episode,collapse,0.0
113400,train_episode,length,200.0
113400,train_episode,return,-357.3468175385349
113400,train_episode,success,0.0
113600,train_episode,collapse,0.0
113600,train_episode,length,200.0
113600,train_episode,return,-231.95988205351884
113600,train_episode,success,0.0
113800,train_episode,collapse,0.0
113800,train_episode,length,200.0
113800,train_episode,return,-128.92688178584024
113800,train_episode,success,1.0
114000,train_episode,collapse,0.0
114000,train_episode,length,200.0
114000,train_episode,return,-215.28294826316923
114000,train_episode,success,0.0
114200,train_episode,collapse,0.0
114200,train_episode,length,200.0
114200,train_episode,return,-223.5327774547088
114200,train_episode,success,0.0
114400,train_episode,collapse,0.0
114400,train_episode,length,200.0
114400,train_episode,return,-116.03559552593669
114400,train_episode,success,1.0
114600,train_episode,collapse,0.0
114600,train_episode,length,200.0
114600,train_episode,return,-232.3851259727093
114600,train_episode,success,0.0
114800,train_episode,collapse,0.0
114800,train_episode,length,200.0
114800,train_episode,return,-125.4563967589049
114800,train_episode,success,1.0
115000,train_episode,collapse,0.0
115000,train_episode,length,200.0
115000,train_episode,return,-292.16514457439416
115000,train_episode,success,0.0
115000,update,actor_grad_norm,0.6376441121101379
115000,update,actor_grad_norm_max,10.631651878356934
115000,update,actor_grad_norm_mean,0.6764249253451824
115000,update,actor_grad_norm_min,0.09548056125640869
115000,update,actor_loss,17.412694931030273
115000,update,actor_loss_max,30.167133331298828
115000,update,actor_loss_mean,18.28454454536438
115000,update,actor_loss_min,9.67416000366211
115000,update,actor_param_norm,67.01703643798828
115000,update,actor_param_norm_max,67.01703643798828
115000,update,actor_param_norm_mean,66.40023206176758
115000,update,actor_param_norm_min,65.78893280029297
115000,update,actor_update_norm,0.013916565105319023
115000,update,actor_update_norm_max,0.04411448910832405
115000,update,actor_update_norm_mean,0.014659862252511084
115000,update,actor_update_norm_min,0.006844051647931337
115000,update,actor_update_norm_ratio,0.0002076584960317476
115000,update,actor_update_norm_ratio_max,0.0006632967096916577
115000,update,actor_update_norm_ratio_mean,0.00022078602137188034
115000,update,actor_update_norm_ratio_min,0.00010280589062361582
115000,update,alpha,0.002141993260011077
115000,update,alpha_loss,-5.4398231441155076e-05
115000,update,alpha_loss_max,0.0026655278634279966
115000,update,alpha_loss_mean,0.00014508322461115312
115000,update,alpha_loss_min,-0.0027084993198513985
115000,update,alpha_max,0.005541395395994186
115000,update,alpha_mean,0.003885662191128358
115000,update,alpha_min,0.0021309377625584602
115000,update,num_optimizer_updates,5000.0
115000,update,policy_entropy_estimate,-1.025408148765564
115000,update,policy_entropy_estimate_max,-0.37107229232788086
115000,update,policy_entropy_estimate_mean,-0.9585610815405846
115000,update,policy_entropy_estimate_min,-1.6377521753311157
115000,update,policy_log_prob_mean,1.025408148765564
115000,update,policy_log_prob_mean_max,1.6377521753311157
115000,update,policy_log_prob_mean_mean,0.9585610815405846
115000,update,policy_log_prob_mean_min,0.37107229232788086
115000,update,q1_loss,0.40924930572509766
115000,update,q1_loss_max,10.328661918640137
115000,update,q1_loss_mean,0.672304388485849
115000,update,q1_loss_min,0.07140833884477615
115000,update,q1_mean,-17.029144287109375
115000,update,q1_mean_max,-9.269448280334473
115000,update,q1_mean_mean,-18.487613802528383
115000,update,q1_mean_min,-31.14962387084961
115000,update,q2_loss,0.434087336063385
115000,update,q2_loss_max,11.150154113769531
115000,update,q2_loss_mean,0.5580787614122034
115000,update,q2_loss_min,0.07174161821603775
115000,update,q2_mean,-17.216642379760742
115000,update,q2_mean_max,-9.379526138305664
115000,update,q2_mean_mean,-18.487468676757814
115000,update,q2_mean_min,-31.01637077331543
115000,update,q_grad_norm,97.38626861572266
115000,update,q_grad_norm_max,1006.0537109375
115000,update,q_grad_norm_mean,131.17582818260192
115000,update,q_grad_norm_min,26.868925094604492
115000,update,q_loss,0.8433366417884827
115000,update,q_loss_cleanrl_logged,0.42166832089424133
115000,update,q_loss_cleanrl_logged_max,10.739408493041992
115000,update,q_loss_cleanrl_logged_mean,0.6151915750592947
115000,update,q_loss_cleanrl_logged_min,0.08293964713811874
115000,update,q_loss_max,21.478816986083984
115000,update,q_loss_mean,1.2303831501185893
115000,update,q_loss_min,0.1658792942762375
115000,update,q_param_norm,372.49208068847656
115000,update,q_param_norm_max,372.49208068847656
115000,update,q_param_norm_mean,369.6098734008789
115000,update,q_param_norm_min,366.8114013671875
115000,update,q_update_norm,0.04774080961942673
115000,update,q_update_norm_max,0.08983650803565979
115000,update,q_update_norm_mean,0.03463108323514461
115000,update,q_update_norm_min,0.015183655545115471
115000,update,q_update_norm_ratio,0.0001812158939180773
115000,update,q_update_norm_ratio_max,0.0003432415428636441
115000,update,q_update_norm_ratio_mean,0.0001324682612362364
115000,update,q_update_norm_ratio_min,5.845042495231735e-05
115000,update,target_q_mean,-17.235305786132812
115000,update,target_q_mean_max,-9.373842239379883
115000,update,target_q_mean_mean,-18.487847103118895
115000,update,target_q_mean_min,-31.064531326293945
115200,train_episode,collapse,0.0
115200,train_episode,length,200.0
115200,train_episode,return,-124.20690369178504
115200,train_episode,success,1.0
115400,train_episode,collapse,0.0
115400,train_episode,length,200.0
115400,train_episode,return,-1.0686900514996034
115400,train_episode,success,1.0
115600,train_episode,collapse,0.0
115600,train_episode,length,200.0
115600,train_episode,return,-130.46350126815156
115600,train_episode,success,1.0
115800,train_episode,collapse,0.0
115800,train_episode,length,200.0
115800,train_episode,return,-118.23070440298427
115800,train_episode,success,1.0
116000,train_episode,collapse,0.0
116000,train_episode,length,200.0
116000,train_episode,return,-126.10984012420197
116000,train_episode,success,1.0
116200,train_episode,collapse,0.0
116200,train_episode,length,200.0
116200,train_episode,return,-123.57756272874292
116200,train_episode,success,1.0
116400,train_episode,collapse,0.0
116400,train_episode,length,200.0
116400,train_episode,return,-118.97636140444217
116400,train_episode,success,1.0
116600,train_episode,collapse,0.0
116600,train_episode,length,200.0
116600,train_episode,return,-219.49200587226375
116600,train_episode,success,0.0
116800,train_episode,collapse,0.0
116800,train_episode,length,200.0
116800,train_episode,return,-119.5688216610386
116800,train_episode,success,1.0
117000,train_episode,collapse,0.0
117000,train_episode,length,200.0
117000,train_episode,return,-122.66361735144083
117000,train_episode,success,1.0
117200,train_episode,collapse,0.0
117200,train_episode,length,200.0
117200,train_episode,return,-0.8114905224071568
117200,train_episode,success,1.0
117400,train_episode,collapse,0.0
117400,train_episode,length,200.0
117400,train_episode,return,-215.64666976176852
117400,train_episode,success,0.0
117600,train_episode,collapse,0.0
117600,train_episode,length,200.0
117600,train_episode,return,-117.76852039183123
117600,train_episode,success,1.0
117800,train_episode,collapse,0.0
117800,train_episode,length,200.0
117800,train_episode,return,-230.66526663883448
117800,train_episode,success,0.0
118000,train_episode,collapse,0.0
118000,train_episode,length,200.0
118000,train_episode,return,-118.18315827318278
118000,train_episode,success,1.0
118200,train_episode,collapse,0.0
118200,train_episode,length,200.0
118200,train_episode,return,-119.25058003216051
118200,train_episode,success,1.0
118400,train_episode,collapse,0.0
118400,train_episode,length,200.0
118400,train_episode,return,-117.33643708184408
118400,train_episode,success,1.0
118600,train_episode,collapse,0.0
118600,train_episode,length,200.0
118600,train_episode,return,-130.74457827597456
118600,train_episode,success,1.0
118800,train_episode,collapse,0.0
118800,train_episode,length,200.0
118800,train_episode,return,-225.14827011195985
118800,train_episode,success,0.0
119000,train_episode,collapse,0.0
119000,train_episode,length,200.0
119000,train_episode,return,-123.76568608010878
119000,train_episode,success,1.0
119200,train_episode,collapse,0.0
119200,train_episode,length,200.0
119200,train_episode,return,-231.1353025453751
119200,train_episode,success,0.0
119400,train_episode,collapse,0.0
119400,train_episode,length,200.0
119400,train_episode,return,-118.03920595477105
119400,train_episode,success,1.0
119600,train_episode,collapse,0.0
119600,train_episode,length,200.0
119600,train_episode,return,-118.92242754726898
119600,train_episode,success,1.0
119800,train_episode,collapse,0.0
119800,train_episode,length,200.0
119800,train_episode,return,-228.58084626955855
119800,train_episode,success,0.0
120000,train_episode,collapse,0.0
120000,train_episode,length,200.0
120000,train_episode,return,-0.5467526548531128
120000,train_episode,success,1.0
120000,update,actor_grad_norm,0.1716221272945404
120000,update,actor_grad_norm_max,7.905128479003906
120000,update,actor_grad_norm_mean,0.6457104920238257
120000,update,actor_grad_norm_min,0.10774078220129013
120000,update,actor_loss,11.753846168518066
120000,update,actor_loss_max,29.552959442138672
120000,update,actor_loss_mean,18.05689357147217
120000,update,actor_loss_min,8.953843116760254
120000,update,actor_param_norm,68.21561431884766
120000,update,actor_param_norm_max,68.21561431884766
120000,update,actor_param_norm_mean,67.63742847595215
120000,update,actor_param_norm_min,67.01703643798828
120000,update,actor_update_norm,0.013351017609238625
120000,update,actor_update_norm_max,0.0530821792781353
120000,update,actor_update_norm_mean,0.015368044767715036
120000,update,actor_update_norm_min,0.0068807718344032764
120000,update,actor_update_norm_ratio,0.00019571865637886036
120000,update,actor_update_norm_ratio_max,0.0007790546389916511
120000,update,actor_update_norm_ratio_mean,0.00022722144179324752
120000,update,actor_update_norm_ratio_min,0.00010127072020738707
120000,update,alpha,0.0037773773074150085
120000,update,alpha_loss,-0.00010167466825805604
120000,update,alpha_loss_max,0.0024733906611800194
120000,update,alpha_loss_mean,-6.485462658456527e-05
120000,update,alpha_loss_min,-0.0031260091345757246
120000,update,alpha_max,0.005193391349166632
120000,update,alpha_mean,0.0034076620952691885
120000,update,alpha_min,0.002141993260011077
120000,update,num_optimizer_updates,5000.0
120000,update,policy_entropy_estimate,-1.026965618133545
120000,update,policy_entropy_estimate_max,-0.17675472795963287
120000,update,policy_entropy_estimate_mean,-1.0240538893282414
120000,update,policy_entropy_estimate_min,-1.847266435623169
120000,update,policy_log_prob_mean,1.026965618133545
120000,update,policy_log_prob_mean_max,1.847266435623169
120000,update,policy_log_prob_mean_mean,1.0240538893282414
120000,update,policy_log_prob_mean_min,0.17675472795963287
120000,update,q1_loss,0.8938292264938354
120000,update,q1_loss_max,36.94535446166992
120000,update,q1_loss_mean,0.838277310821414
120000,update,q1_loss_min,0.11088453233242035
120000,update,q1_mean,-11.565086364746094
120000,update,q1_mean_max,-8.847190856933594
120000,update,q1_mean_mean,-18.240293535041808
120000,update,q1_mean_min,-30.253664016723633
120000,update,q2_loss,0.7243247032165527
120000,update,q2_loss_max,38.839561462402344
120000,update,q2_loss_mean,0.6902314242213965
120000,update,q2_loss_min,0.04709640517830849
120000,update,q2_mean,-11.554702758789062
120000,update,q2_mean_max,-8.962996482849121
120000,update,q2_mean_mean,-18.240150184631347
120000,update,q2_mean_min,-30.29229164123535
120000,update,q_grad_norm,174.3192901611328
120000,update,q_grad_norm_max,2527.520751953125
120000,update,q_grad_norm_mean,142.02464659538268
120000,update,q_grad_norm_min,22.88594627380371
120000,update,q_loss,1.6181539297103882
120000,update,q_loss_cleanrl_logged,0.8090769648551941
120000,update,q_loss_cleanrl_logged_max,37.8924560546875
120000,update,q_loss_cleanrl_logged_mean,0.7642543679401278
120000,update,q_loss_cleanrl_logged_min,0.09476733207702637
120000,update,q_loss_max,75.784912109375
120000,update,q_loss_mean,1.5285087358802556
120000,update,q_loss_min,0.18953466415405273
120000,update,q_param_norm,377.9053955078125
120000,update,q_param_norm_max,377.9105224609375
120000,update,q_param_norm_mean,375.20561264953614
120000,update,q_param_norm_min,372.4958190917969
120000,update,q_update_norm,0.028626056388020515
120000,update,q_update_norm_max,0.20822887122631073
120000,update,q_update_norm_mean,0.03673477343730629
120000,update,q_update_norm_min,0.014288462698459625
120000,update,q_update_norm_ratio,0.00010710573235204388
120000,update,q_update_norm_ratio_max,0.0007794223904239847
120000,update,q_update_norm_ratio_mean,0.00013843500279674156
120000,update,q_update_norm_ratio_min,5.388920561615669e-05
120000,update,target_q_mean,-11.838064193725586
120000,update,target_q_mean_max,-8.922142028808594
120000,update,target_q_mean_mean,-18.240653720664977
120000,update,target_q_mean_min,-30.275514602661133
120200,train_episode,collapse,0.0
120200,train_episode,length,200.0
120200,train_episode,return,-119.34066592414005
120200,train_episode,success,1.0
120400,train_episode,collapse,0.0
120400,train_episode,length,200.0
120400,train_episode,return,-120.4130331765866
120400,train_episode,success,1.0
120600,train_episode,collapse,0.0
120600,train_episode,length,200.0
120600,train_episode,return,-0.6339837820150183
120600,train_episode,success,1.0
120800,train_episode,collapse,0.0
120800,train_episode,length,200.0
120800,train_episode,return,-117.51025673492671
120800,train_episode,success,1.0
121000,train_episode,collapse,0.0
121000,train_episode,length,200.0
121000,train_episode,return,-222.27966950780623
121000,train_episode,success,0.0
121200,train_episode,collapse,0.0
121200,train_episode,length,200.0
121200,train_episode,return,-126.30239530321691
121200,train_episode,success,1.0
121400,train_episode,collapse,0.0
121400,train_episode,length,200.0
121400,train_episode,return,-121.50434545740767
121400,train_episode,success,1.0
121600,train_episode,collapse,0.0
121600,train_episode,length,200.0
121600,train_episode,return,-240.37665811926502
121600,train_episode,success,0.0
121800,train_episode,collapse,0.0
121800,train_episode,length,200.0
121800,train_episode,return,-120.96431841918768
121800,train_episode,success,1.0
122000,train_episode,collapse,0.0
122000,train_episode,length,200.0
122000,train_episode,return,-246.63629818570072
122000,train_episode,success,0.0
122200,train_episode,collapse,0.0
122200,train_episode,length,200.0
122200,train_episode,return,-220.281231946468
122200,train_episode,success,0.0
122400,train_episode,collapse,0.0
122400,train_episode,length,200.0
122400,train_episode,return,-121.9918447375491
122400,train_episode,success,1.0
122600,train_episode,collapse,0.0
122600,train_episode,length,200.0
122600,train_episode,return,-118.46429182424566
122600,train_episode,success,1.0
122800,train_episode,collapse,0.0
122800,train_episode,length,200.0
122800,train_episode,return,-1.2224471711783214
122800,train_episode,success,1.0
123000,train_episode,collapse,0.0
123000,train_episode,length,200.0
123000,train_episode,return,-121.44345846239838
123000,train_episode,success,1.0
123200,train_episode,collapse,0.0
123200,train_episode,length,200.0
123200,train_episode,return,-0.9132455347591757
123200,train_episode,success,1.0
123400,train_episode,collapse,0.0
123400,train_episode,length,200.0
123400,train_episode,return,-122.66032954710884
123400,train_episode,success,1.0
123600,train_episode,collapse,0.0
123600,train_episode,length,200.0
123600,train_episode,return,-231.0590979666003
123600,train_episode,success,0.0
123800,train_episode,collapse,0.0
123800,train_episode,length,200.0
123800,train_episode,return,-0.7949173568960204
123800,train_episode,success,1.0
124000,train_episode,collapse,0.0
124000,train_episode,length,200.0
124000,train_episode,return,-116.46466058334225
124000,train_episode,success,1.0
124200,train_episode,collapse,0.0
124200,train_episode,length,200.0
124200,train_episode,return,-126.46324839371964
124200,train_episode,success,1.0
124400,train_episode,collapse,0.0
124400,train_episode,length,200.0
124400,train_episode,return,-121.02034552715904
124400,train_episode,success,1.0
124600,train_episode,collapse,0.0
124600,train_episode,length,200.0
124600,train_episode,return,-127.45692719951262
124600,train_episode,success,1.0
124800,train_episode,collapse,0.0
124800,train_episode,length,200.0
124800,train_episode,return,-257.5871370849011
124800,train_episode,success,0.0
125000,train_episode,collapse,0.0
125000,train_episode,length,200.0
125000,train_episode,return,-216.21963529251403
125000,train_episode,success,0.0
125000,update,actor_grad_norm,0.7228816151618958
125000,update,actor_grad_norm_max,10.995497703552246
125000,update,actor_grad_norm_mean,0.5524247544541955
125000,update,actor_grad_norm_min,0.05279955640435219
125000,update,actor_loss,20.57811164855957
125000,update,actor_loss_max,28.070377349853516
125000,update,actor_loss_mean,17.787549449920654
125000,update,actor_loss_min,9.499797821044922
125000,update,actor_param_norm,69.29596710205078
125000,update,actor_param_norm_max,69.30883026123047
125000,update,actor_param_norm_mean,68.77075897216797
125000,update,actor_param_norm_min,68.21561431884766
125000,update,actor_update_norm,0.02537619322538376
125000,update,actor_update_norm_max,0.040917180478572845
125000,update,actor_update_norm_mean,0.014357931052334606
125000,update,actor_update_norm_min,0.005890314932912588
125000,update,actor_update_norm_ratio,0.00036619954058511405
125000,update,actor_update_norm_ratio_max,0.0005927867104641714
125000,update,actor_update_norm_ratio_mean,0.00020875035232744405
125000,update,actor_update_norm_ratio_min,8.633180961384703e-05
125000,update,alpha,0.0036818564403802156
125000,update,alpha_loss,-0.0003001392469741404
125000,update,alpha_loss_max,0.0023476839996874332
125000,update,alpha_loss_mean,1.751244794286322e-05
125000,update,alpha_loss_min,-0.0027190851978957653
125000,update,alpha_max,0.005808437243103981
125000,update,alpha_mean,0.004284629974095151
125000,update,alpha_min,0.003380229463800788
125000,update,num_optimizer_updates,5000.0
125000,update,policy_entropy_estimate,-1.0814645290374756
125000,update,policy_entropy_estimate_max,-0.4636426568031311
125000,update,policy_entropy_estimate_mean,-0.9963237188100815
125000,update,policy_entropy_estimate_min,-1.534512996673584
125000,update,policy_log_prob_mean,1.0814645290374756
125000,update,policy_log_prob_mean_max,1.534512996673584
125000,update,policy_log_prob_mean_mean,0.9963237188100815
125000,update,policy_log_prob_mean_min,0.4636426568031311
125000,update,q1_loss,1.3985427618026733
125000,update,q1_loss_max,15.160874366760254
125000,update,q1_loss_mean,0.6506663812637329
125000,update,q1_loss_min,0.10092227160930634
125000,update,q1_mean,-21.08676528930664
125000,update,q1_mean_max,-8.87813949584961
125000,update,q1_mean_mean,-17.994923776817323
125000,update,q1_mean_min,-28.99503517150879
125000,update,q2_loss,0.7261050939559937
125000,update,q2_loss_max,21.234420776367188
125000,update,q2_loss_mean,0.5280435065075755
125000,update,q2_loss_min,0.04997524619102478
125000,update,q2_mean,-20.978757858276367
125000,update,q2_mean_max,-8.79373836517334
125000,update,q2_mean_mean,-17.994689874839782
125000,update,q2_mean_min,-28.94072151184082
125000,update,q_grad_norm,186.7182159423828
125000,update,q_grad_norm_max,1107.691650390625
125000,update,q_grad_norm_mean,125.39013801269532
125000,update,q_grad_norm_min,27.51850128173828
125000,update,q_loss,2.124647855758667
125000,update,q_loss_cleanrl_logged,1.0623239278793335
125000,update,q_loss_cleanrl_logged_max,18.197647094726562
125000,update,q_loss_cleanrl_logged_mean,0.5893549438223242
125000,update,q_loss_cleanrl_logged_min,0.0881032943725586
125000,update,q_loss_max,36.395294189453125
125000,update,q_loss_mean,1.1787098876446485
125000,update,q_loss_min,0.1762065887451172
125000,update,q_param_norm,382.9033660888672
125000,update,q_param_norm_max,382.9033660888672
125000,update,q_param_norm_mean,380.4745911682129
125000,update,q_param_norm_min,377.90000915527344
125000,update,q_update_norm,0.03809036314487457
125000,update,q_update_norm_max,0.09506871551275253
125000,update,q_update_norm_mean,0.03440074092969298
125000,update,q_update_norm_min,0.016278201714158058
125000,update,q_update_norm_ratio,0.00014065913456125874
125000,update,q_update_norm_ratio_max,0.00035121020277170857
125000,update,q_update_norm_ratio_mean,0.00012781273464709502
125000,update,q_update_norm_ratio_min,6.088852426481798e-05
125000,update,target_q_mean,-20.681655883789062
125000,update,target_q_mean_max,-8.998001098632812
125000,update,target_q_mean_mean,-17.994987431144715
125000,update,target_q_mean_min,-28.840539932250977
125000,replay,action_abs_max,2.0
125000,replay,action_abs_mean,0.598163902759552
125000,replay,action_saturation_fraction,0.07232
125000,replay,capacity,500000.0
125000,replay,done_fraction,0.0
125000,replay,fill_fraction,0.25
125000,replay,near_upright_any_transition_fraction,0.809296
125000,replay,near_upright_next_obs_fraction,0.809168
125000,replay,near_upright_obs_fraction,0.804952
125000,replay,reward_max,-4.2872531480497855e-07
125000,replay,reward_mean,-1.024196982383728
125000,replay,reward_min,-16.252336502075195
125000,replay,reward_std,2.6995849609375
125000,replay,sample_count_max,925.0
125000,replay,sample_count_mean,245.76
125000,replay,size,125000.0
125000,replay,transition_age_max,124999.0
125000,replay,transition_age_mean,62499.5
125000,diagnostics,actor_layer0_activation_abs_max,3.5454437732696533
125000,diagnostics,actor_layer0_activation_abs_mean,0.1220712959766388
125000,diagnostics,actor_layer0_dormant_fraction,0.05859375
125000,diagnostics,actor_layer0_effective_rank_fraction,0.045781273394823074
125000,diagnostics,actor_layer1_activation_abs_max,7.7934346199035645
125000,diagnostics,actor_layer1_activation_abs_mean,0.023965680971741676
125000,diagnostics,actor_layer1_dormant_fraction,0.51953125
125000,diagnostics,actor_layer1_effective_rank_fraction,0.10793070495128632
125000,diagnostics,actor_param_norm,69.29596710205078
125000,diagnostics,alpha,0.0036818564403802156
125000,diagnostics,q1_layer0_activation_abs_max,6.680951118469238
125000,diagnostics,q1_layer0_activation_abs_mean,0.34290096163749695
125000,diagnostics,q1_layer0_dormant_fraction,0.06640625
125000,diagnostics,q1_layer0_effective_rank_fraction,0.047112856060266495
125000,diagnostics,q1_layer1_activation_abs_max,32.67591094970703
125000,diagnostics,q1_layer1_activation_abs_mean,2.560725688934326
125000,diagnostics,q1_layer1_dormant_fraction,0.52734375
125000,diagnostics,q1_layer1_effective_rank_fraction,0.05422041192650795
125000,diagnostics,q1_param_norm,187.87081909179688
125000,diagnostics,q2_layer0_activation_abs_max,5.948596000671387
125000,diagnostics,q2_layer0_activation_abs_mean,0.3338119685649872
125000,diagnostics,q2_layer0_dormant_fraction,0.11328125
125000,diagnostics,q2_layer0_effective_rank_fraction,0.04620391130447388
125000,diagnostics,q2_layer1_activation_abs_max,36.381256103515625
125000,diagnostics,q2_layer1_activation_abs_mean,3.563994884490967
125000,diagnostics,q2_layer1_dormant_fraction,0.5234375
125000,diagnostics,q2_layer1_effective_rank_fraction,0.050769757479429245
125000,diagnostics,q2_param_norm,195.0325469970703
125200,train_episode,collapse,0.0
125200,train_episode,length,200.0
125200,train_episode,return,-114.47863242584631
125200,train_episode,success,1.0
125400,train_episode,collapse,0.0
125400,train_episode,length,200.0
125400,train_episode,return,-118.69674299028935
125400,train_episode,success,1.0
125600,train_episode,collapse,0.0
125600,train_episode,length,200.0
125600,train_episode,return,-122.18280617828003
125600,train_episode,success,1.0
125800,train_episode,collapse,0.0
125800,train_episode,length,200.0
125800,train_episode,return,-231.9915954414193
125800,train_episode,success,0.0
126000,train_episode,collapse,0.0
126000,train_episode,length,200.0
126000,train_episode,return,-113.90140228223075
126000,train_episode,success,1.0
126200,train_episode,collapse,0.0
126200,train_episode,length,200.0
126200,train_episode,return,-118.42248890759456
126200,train_episode,success,1.0
126400,train_episode,collapse,0.0
126400,train_episode,length,200.0
126400,train_episode,return,-0.1440686782302874
126400,train_episode,success,1.0
126600,train_episode,collapse,0.0
126600,train_episode,length,200.0
126600,train_episode,return,-118.3716844378106
126600,train_episode,success,1.0
126800,train_episode,collapse,0.0
126800,train_episode,length,200.0
126800,train_episode,return,-1.5770056782129653
126800,train_episode,success,1.0
127000,train_episode,collapse,0.0
127000,train_episode,length,200.0
127000,train_episode,return,-124.22172072185006
127000,train_episode,success,1.0
127200,train_episode,collapse,0.0
127200,train_episode,length,200.0
127200,train_episode,return,-120.4756706768147
127200,train_episode,success,1.0
127400,train_episode,collapse,0.0
127400,train_episode,length,200.0
127400,train_episode,return,-120.0629483813159
127400,train_episode,success,1.0
127600,train_episode,collapse,0.0
127600,train_episode,length,200.0
127600,train_episode,return,-122.96098728060096
127600,train_episode,success,1.0
127800,train_episode,collapse,0.0
127800,train_episode,length,200.0
127800,train_episode,return,-225.20476894395426
127800,train_episode,success,0.0
128000,train_episode,collapse,0.0
128000,train_episode,length,200.0
128000,train_episode,return,-116.82368417392877
128000,train_episode,success,1.0
128200,train_episode,collapse,0.0
128200,train_episode,length,200.0
128200,train_episode,return,-121.15379295145979
128200,train_episode,success,1.0
128400,train_episode,collapse,0.0
128400,train_episode,length,200.0
128400,train_episode,return,-119.90155628091371
128400,train_episode,success,1.0
128600,train_episode,collapse,0.0
128600,train_episode,length,200.0
128600,train_episode,return,-120.98672864848587
128600,train_episode,success,1.0
128800,train_episode,collapse,0.0
128800,train_episode,length,200.0
128800,train_episode,return,-230.49028522983548
128800,train_episode,success,0.0
129000,train_episode,collapse,0.0
129000,train_episode,length,200.0
129000,train_episode,return,-122.09603748843722
129000,train_episode,success,1.0
129200,train_episode,collapse,0.0
129200,train_episode,length,200.0
129200,train_episode,return,-1.8466088382385701
129200,train_episode,success,1.0
129400,train_episode,collapse,0.0
129400,train_episode,length,200.0
129400,train_episode,return,-119.5008498951438
129400,train_episode,success,1.0
129600,train_episode,collapse,0.0
129600,train_episode,length,200.0
129600,train_episode,return,-217.6779078064044
129600,train_episode,success,0.0
129800,train_episode,collapse,0.0
129800,train_episode,length,200.0
129800,train_episode,return,-125.42180113414136
129800,train_episode,success,1.0
130000,train_episode,collapse,0.0
130000,train_episode,length,200.0
130000,train_episode,return,-241.99947507548507
130000,train_episode,success,0.0
130000,update,actor_grad_norm,2.0313775539398193
130000,update,actor_grad_norm_max,31.412860870361328
130000,update,actor_grad_norm_mean,0.6212206857979298
130000,update,actor_grad_norm_min,0.08789236098527908
130000,update,actor_loss,19.5826416015625
130000,update,actor_loss_max,28.366466522216797
130000,update,actor_loss_mean,17.55921166229248
130000,update,actor_loss_min,8.276115417480469
130000,update,actor_param_norm,70.36712646484375
130000,update,actor_param_norm_max,70.36715698242188
130000,update,actor_param_norm_mean,69.8199031692505
130000,update,actor_param_norm_min,69.29582977294922
130000,update,actor_update_norm,0.014956449158489704
130000,update,actor_update_norm_max,0.04865902289748192
130000,update,actor_update_norm_mean,0.01497187793366611
130000,update,actor_update_norm_min,0.0066475411877036095
130000,update,actor_update_norm_ratio,0.00021255051770107777
130000,update,actor_update_norm_ratio_max,0.0007020049206794049
130000,update,actor_update_norm_ratio_mean,0.00021446351792033333
130000,update,actor_update_norm_ratio_min,9.45542887156858e-05
130000,update,alpha,0.004078768193721771
130000,update,alpha_loss,-0.0005843125400133431
130000,update,alpha_loss_max,0.0025459122844040394
130000,update,alpha_loss_mean,-4.700841878366191e-06
130000,update,alpha_loss_min,-0.002757514826953411
130000,update,alpha_max,0.005388823337852955
130000,update,alpha_mean,0.0041881327691022305
130000,update,alpha_min,0.0031233865302056074
130000,update,num_optimizer_updates,5000.0
130000,update,policy_entropy_estimate,-1.143261194229126
130000,update,policy_entropy_estimate_max,-0.35414063930511475
130000,update,policy_entropy_estimate_mean,-1.0018846376895905
130000,update,policy_entropy_estimate_min,-1.6198242902755737
130000,update,policy_log_prob_mean,1.143261194229126
130000,update,policy_log_prob_mean_max,1.6198242902755737
130000,update,policy_log_prob_mean_mean,1.0018846376895905
130000,update,policy_log_prob_mean_min,0.35414063930511475
130000,update,q1_loss,1.3897801637649536
130000,update,q1_loss_max,24.413923263549805
130000,update,q1_loss_mean,0.7538352130487561
130000,update,q1_loss_min,0.09306437522172928
130000,update,q1_mean,-20.161863327026367
130000,update,q1_mean_max,-8.111978530883789
130000,update,q1_mean_mean,-17.62209941558838
130000,update,q1_mean_min,-28.33949851989746
130000,update,q2_loss,0.7212488651275635
130000,update,q2_loss_max,23.024715423583984
130000,update,q2_loss_mean,0.6324615480273962
130000,update,q2_loss_min,0.0313233844935894
130000,update,q2_mean,-19.545244216918945
130000,update,q2_mean_max,-8.21453857421875
130000,update,q2_mean_mean,-17.621918147468566
130000,update,q2_mean_min,-28.133689880371094
130000,update,q_grad_norm,283.2115478515625
130000,update,q_grad_norm_max,2070.873779296875
130000,update,q_grad_norm_mean,132.9858903869629
130000,update,q_grad_norm_min,23.573474884033203
130000,update,q_loss,2.1110291481018066
130000,update,q_loss_cleanrl_logged,1.0555145740509033
130000,update,q_loss_cleanrl_logged_max,23.719318389892578
130000,update,q_loss_cleanrl_logged_mean,0.6931483796790242
130000,update,q_loss_cleanrl_logged_min,0.0741589143872261
130000,update,q_loss_max,47.438636779785156
130000,update,q_loss_mean,1.3862967593580484
130000,update,q_loss_min,0.1483178287744522
130000,update,q_param_norm,388.1459045410156
130000,update,q_param_norm_max,388.1482391357422
130000,update,q_param_norm_mean,385.48124609375
130000,update,q_param_norm_min,382.9051818847656
130000,update,q_update_norm,0.03379911929368973
130000,update,q_update_norm_max,0.13704080879688263
130000,update,q_update_norm_mean,0.03575690712444484
130000,update,q_update_norm_min,0.015658767893910408
130000,update,q_update_norm_ratio,0.00012312617422724126
130000,update,q_update_norm_ratio_max,0.0005036494070406055
130000,update,q_update_norm_ratio_mean,0.00013117404373716213
130000,update,q_update_norm_ratio_min,5.742326535453087e-05
130000,update,target_q_mean,-19.58322525024414
130000,update,target_q_mean_max,-8.192488670349121
130000,update,target_q_mean_mean,-17.622317067337036
130000,update,target_q_mean_min,-28.341577529907227
130200,train_episode,collapse,0.0
130200,train_episode,length,200.0
130200,train_episode,return,-117.67580864214737
130200,train_episode,success,1.0
130400,train_episode,collapse,0.0
130400,train_episode,length,200.0
130400,train_episode,return,-125.61769942367363
130400,train_episode,success,1.0
130600,train_episode,collapse,0.0
130600,train_episode,length,200.0
130600,train_episode,return,-219.1301781022413
130600,train_episode,success,0.0
130800,train_episode,collapse,0.0
130800,train_episode,length,200.0
130800,train_episode,return,-1.5201274775487637
130800,train_episode,success,1.0
131000,train_episode,collapse,0.0
131000,train_episode,length,200.0
131000,train_episode,return,-319.7109930439825
131000,train_episode,success,0.0
131200,train_episode,collapse,0.0
131200,train_episode,length,200.0
131200,train_episode,return,-126.46049515104333
131200,train_episode,success,1.0
131400,train_episode,collapse,0.0
131400,train_episode,length,200.0
131400,train_episode,return,-122.10847962274975
131400,train_episode,success,1.0
131600,train_episode,collapse,0.0
131600,train_episode,length,200.0
131600,train_episode,return,-1.9052748689633325
131600,train_episode,success,1.0
131800,train_episode,collapse,0.0
131800,train_episode,length,200.0
131800,train_episode,return,-0.7313684751735815
131800,train_episode,success,1.0
132000,train_episode,collapse,0.0
132000,train_episode,length,200.0
132000,train_episode,return,-114.778950206681
132000,train_episode,success,1.0
132200,train_episode,collapse,0.0
132200,train_episode,length,200.0
132200,train_episode,return,-222.56227663935735
132200,train_episode,success,0.0
132400,train_episode,collapse,0.0
132400,train_episode,length,200.0
132400,train_episode,return,-219.0737336029849
132400,train_episode,success,0.0
132600,train_episode,collapse,0.0
132600,train_episode,length,200.0
132600,train_episode,return,-218.82540445734398
132600,train_episode,success,0.0
132800,train_episode,collapse,0.0
132800,train_episode,length,200.0
132800,train_episode,return,-114.48733897208737
132800,train_episode,success,1.0
133000,train_episode,collapse,0.0
133000,train_episode,length,200.0
133000,train_episode,return,-268.01334084434166
133000,train_episode,success,0.0
133200,train_episode,collapse,0.0
133200,train_episode,length,200.0
133200,train_episode,return,-114.81619482116245
133200,train_episode,success,1.0
133400,train_episode,collapse,0.0
133400,train_episode,length,200.0
133400,train_episode,return,-123.49750151984095
133400,train_episode,success,1.0
133600,train_episode,collapse,0.0
133600,train_episode,length,200.0
133600,train_episode,return,-128.1124945060975
133600,train_episode,success,1.0
133800,train_episode,collapse,0.0
133800,train_episode,length,200.0
133800,train_episode,return,-231.59002648441455
133800,train_episode,success,0.0
134000,train_episode,collapse,0.0
134000,train_episode,length,200.0
134000,train_episode,return,-126.02187995559163
134000,train_episode,success,1.0
134200,train_episode,collapse,0.0
134200,train_episode,length,200.0
134200,train_episode,return,-115.1633417771754
134200,train_episode,success,1.0
134400,train_episode,collapse,0.0
134400,train_episode,length,200.0
134400,train_episode,return,-128.46817372278704
134400,train_episode,success,1.0
134600,train_episode,collapse,0.0
134600,train_episode,length,200.0
134600,train_episode,return,-228.43987701791067
134600,train_episode,success,0.0
134800,train_episode,collapse,0.0
134800,train_episode,length,200.0
134800,train_episode,return,-118.10927298726949
134800,train_episode,success,1.0
135000,train_episode,collapse,0.0
135000,train_episode,length,200.0
135000,train_episode,return,-1.4665382444217512
135000,train_episode,success,1.0
135000,update,actor_grad_norm,0.18977944552898407
135000,update,actor_grad_norm_max,8.669154167175293
135000,update,actor_grad_norm_mean,0.6416501937001944
135000,update,actor_grad_norm_min,0.07619912922382355
135000,update,actor_loss,18.40013885498047
135000,update,actor_loss_max,27.8254451751709
135000,update,actor_loss_mean,17.27617757873535
135000,update,actor_loss_min,8.129308700561523
135000,update,actor_param_norm,71.45393371582031
135000,update,actor_param_norm_max,71.46094512939453
135000,update,actor_param_norm_mean,70.92263257751465
135000,update,actor_param_norm_min,70.36712646484375
135000,update,actor_update_norm,0.009924396872520447
135000,update,actor_update_norm_max,0.051762618124485016
135000,update,actor_update_norm_mean,0.014938952432200312
135000,update,actor_update_norm_min,0.005910503212362528
135000,update,actor_update_norm_ratio,0.00013889253606820285
135000,update,actor_update_norm_ratio_max,0.0007292714780083901
135000,update,actor_update_norm_ratio_mean,0.0002106354544336371
135000,update,actor_update_norm_ratio_min,8.318156890756634e-05
135000,update,alpha,0.0037932302802801132
135000,update,alpha_loss,0.0009901960147544742
135000,update,alpha_loss_max,0.004158572293817997
135000,update,alpha_loss_mean,3.153049233660567e-05
135000,update,alpha_loss_min,-0.003177912440150976
135000,update,alpha_max,0.005602252669632435
135000,update,alpha_mean,0.004303244315180928
135000,update,alpha_min,0.0031639207154512405
135000,update,num_optimizer_updates,5000.0
135000,update,policy_entropy_estimate,-0.7391930222511292
135000,update,policy_entropy_estimate_max,0.006518542766571045
135000,update,policy_entropy_estimate_mean,-0.9933292805097997
135000,update,policy_entropy_estimate_min,-1.6131664514541626
135000,update,policy_log_prob_mean,0.7391930222511292
135000,update,policy_log_prob_mean_max,1.6131664514541626
135000,update,policy_log_prob_mean_mean,0.9933292805097997
135000,update,policy_log_prob_mean_min,-0.006518542766571045
135000,update,q1_loss,0.2665817141532898
135000,update,q1_loss_max,37.689517974853516
135000,update,q1_loss_mean,0.691592431423068
135000,update,q1_loss_min,0.08208400756120682
135000,update,q1_mean,-18.559141159057617
135000,update,q1_mean_max,-7.746538162231445
135000,update,q1_mean_mean,-17.371540320587158
135000,update,q1_mean_min,-28.24882698059082
135000,update,q2_loss,0.2221548706293106
135000,update,q2_loss_max,20.92534828186035
135000,update,q2_loss_mean,0.5677139454767108
135000,update,q2_loss_min,0.06666018068790436
135000,update,q2_mean,-18.51498794555664
135000,update,q2_mean_max,-7.755350589752197
135000,update,q2_mean_mean,-17.3713812251091
135000,update,q2_mean_min,-27.94574737548828
135000,update,q_grad_norm,38.863990783691406
135000,update,q_grad_norm_max,1755.724365234375
135000,update,q_grad_norm_mean,126.63852276039124
135000,update,q_grad_norm_min,23.012203216552734
135000,update,q_loss,0.4887365698814392
135000,update,q_loss_cleanrl_logged,0.2443682849407196
135000,update,q_loss_cleanrl_logged_max,29.30743408203125
135000,update,q_loss_cleanrl_logged_mean,0.629653189073503
135000,update,q_loss_cleanrl_logged_min,0.08865493535995483
135000,update,q_loss_max,58.6148681640625
135000,update,q_loss_mean,1.259306378147006
135000,update,q_loss_min,0.17730987071990967
135000,update,q_param_norm,393.74876403808594
135000,update,q_param_norm_max,393.74876403808594
135000,update,q_param_norm_mean,390.91316852722167
135000,update,q_param_norm_min,388.1471405029297
135000,update,q_update_norm,0.029971688985824585
135000,update,q_update_norm_max,0.12223724275827408
135000,update,q_update_norm_mean,0.03609146747812629
135000,update,q_update_norm_min,0.015410547144711018
135000,update,q_update_norm_ratio,0.00010763114014344648
135000,update,q_update_norm_ratio_max,0.0004430572307142699
135000,update,q_update_norm_ratio_mean,0.00013055298389196994
135000,update,q_update_norm_ratio_min,5.563321315790815e-05
135000,update,target_q_mean,-18.54651641845703
135000,update,target_q_mean_max,-7.957190036773682
135000,update,target_q_mean_mean,-17.37173656167984
135000,update,target_q_mean_min,-28.08101463317871
135200,train_episode,collapse,0.0
135200,train_episode,length,200.0
135200,train_episode,return,-1.1654515233338536
135200,train_episode,success,1.0
135400,train_episode,collapse,0.0
135400,train_episode,length,200.0
135400,train_episode,return,-116.26173180651142
135400,train_episode,success,1.0
135600,train_episode,collapse,0.0
135600,train_episode,length,200.0
135600,train_episode,return,-0.3999865820638869
135600,train_episode,success,1.0
135800,train_episode,collapse,0.0
135800,train_episode,length,200.0
135800,train_episode,return,-0.6767181108407568
135800,train_episode,success,1.0
136000,train_episode,collapse,0.0
136000,train_episode,length,200.0
136000,train_episode,return,-118.69431447981064
136000,train_episode,success,1.0
136200,train_episode,collapse,0.0
136200,train_episode,length,200.0
136200,train_episode,return,-0.2633724658955349
136200,train_episode,success,1.0
136400,train_episode,collapse,0.0
136400,train_episode,length,200.0
136400,train_episode,return,-116.23823113142791
136400,train_episode,success,1.0
136600,train_episode,collapse,0.0
136600,train_episode,length,200.0
136600,train_episode,return,-224.3032607210144
136600,train_episode,success,0.0
136800,train_episode,collapse,0.0
136800,train_episode,length,200.0
136800,train_episode,return,-221.51486020522168
136800,train_episode,success,0.0
137000,train_episode,collapse,0.0
137000,train_episode,length,200.0
137000,train_episode,return,-252.13154700832558
137000,train_episode,success,0.0
137200,train_episode,collapse,0.0
137200,train_episode,length,200.0
137200,train_episode,return,-113.65757715991937
137200,train_episode,success,1.0
137400,train_episode,collapse,0.0
137400,train_episode,length,200.0
137400,train_episode,return,-255.88062066751743
137400,train_episode,success,0.0
137600,train_episode,collapse,0.0
137600,train_episode,length,200.0
137600,train_episode,return,-124.66235034127637
137600,train_episode,success,1.0
137800,train_episode,collapse,0.0
137800,train_episode,length,200.0
137800,train_episode,return,-227.3996038431151
137800,train_episode,success,0.0
138000,train_episode,collapse,0.0
138000,train_episode,length,200.0
138000,train_episode,return,-288.3067551045106
138000,train_episode,success,0.0
138200,train_episode,collapse,0.0
138200,train_episode,length,200.0
138200,train_episode,return,-221.58680420759612
138200,train_episode,success,0.0
138400,train_episode,collapse,0.0
138400,train_episode,length,200.0
138400,train_episode,return,-116.89950202228205
138400,train_episode,success,1.0
138600,train_episode,collapse,0.0
138600,train_episode,length,200.0
138600,train_episode,return,-114.15135845657183
138600,train_episode,success,1.0
138800,train_episode,collapse,0.0
138800,train_episode,length,200.0
138800,train_episode,return,-131.46849930126774
138800,train_episode,success,1.0
139000,train_episode,collapse,0.0
139000,train_episode,length,200.0
139000,train_episode,return,-125.67223827705101
139000,train_episode,success,1.0
139200,train_episode,collapse,0.0
139200,train_episode,length,200.0
139200,train_episode,return,-220.74286802360055
139200,train_episode,success,0.0
139400,train_episode,collapse,0.0
139400,train_episode,length,200.0
139400,train_episode,return,-225.33114185151194
139400,train_episode,success,0.0
139600,train_episode,collapse,0.0
139600,train_episode,length,200.0
139600,train_episode,return,-114.02500900879893
139600,train_episode,success,1.0
139800,train_episode,collapse,0.0
139800,train_episode,length,200.0
139800,train_episode,return,-229.95993677751414
139800,train_episode,success,0.0
140000,train_episode,collapse,0.0
140000,train_episode,length,200.0
140000,train_episode,return,-215.53380123284356
140000,train_episode,success,0.0
140000,update,actor_grad_norm,0.5496669411659241
140000,update,actor_grad_norm_max,6.420091152191162
140000,update,actor_grad_norm_mean,0.7101092955172061
140000,update,actor_grad_norm_min,0.10045547038316727
140000,update,actor_loss,16.397342681884766
140000,update,actor_loss_max,26.665184020996094
140000,update,actor_loss_mean,16.855296012115478
140000,update,actor_loss_min,8.393611907958984
140000,update,actor_param_norm,72.5675048828125
140000,update,actor_param_norm_max,72.57091522216797
140000,update,actor_param_norm_mean,71.97003025817871
140000,update,actor_param_norm_min,71.45277404785156
140000,update,actor_update_norm,0.009465785697102547
140000,update,actor_update_norm_max,0.04833260551095009
140000,update,actor_update_norm_mean,0.014725354659557342
140000,update,actor_update_norm_min,0.006545760668814182
140000,update,actor_update_norm_ratio,0.00013044094281818846
140000,update,actor_update_norm_ratio_max,0.0006715714060175756
140000,update,actor_update_norm_ratio_mean,0.00020461426035220894
140000,update,actor_update_norm_ratio_min,9.020131381460755e-05
140000,update,alpha,0.004010037053376436
140000,update,alpha_loss,0.0010609031887724996
140000,update,alpha_loss_max,0.0032605098094791174
140000,update,alpha_loss_mean,1.0222671917654225e-05
140000,update,alpha_loss_min,-0.0031309952028095722
140000,update,alpha_max,0.0053215050138533115
140000,update,alpha_mean,0.003470450959261507
140000,update,alpha_min,0.00224859151057899
140000,update,num_optimizer_updates,5000.0
140000,update,policy_entropy_estimate,-0.7357298135757446
140000,update,policy_entropy_estimate_max,-0.3434065878391266
140000,update,policy_entropy_estimate_mean,-0.9976369573116303
140000,update,policy_entropy_estimate_min,-1.7455190420150757
140000,update,policy_log_prob_mean,0.7357298135757446
140000,update,policy_log_prob_mean_max,1.7455190420150757
140000,update,policy_log_prob_mean_mean,0.9976369573116303
140000,update,policy_log_prob_mean_min,0.3434065878391266
140000,update,q1_loss,0.238860622048378
140000,update,q1_loss_max,16.04309844970703
140000,update,q1_loss_mean,0.6763802512317896
140000,update,q1_loss_min,0.06831127405166626
140000,update,q1_mean,-16.660934448242188
140000,update,q1_mean_max,-7.778472423553467
140000,update,q1_mean_mean,-16.965671493625642
140000,update,q1_mean_min,-27.75804328918457
140000,update,q2_loss,0.28277313709259033
140000,update,q2_loss_max,13.08765697479248
140000,update,q2_loss_mean,0.5801668040119111
140000,update,q2_loss_min,0.06012178584933281
140000,update,q2_mean,-16.587352752685547
140000,update,q2_mean_max,-7.471599102020264
140000,update,q2_mean_mean,-16.965476647472382
140000,update,q2_mean_min,-27.826860427856445
140000,update,q_grad_norm,79.81916809082031
140000,update,q_grad_norm_max,1100.227294921875
140000,update,q_grad_norm_mean,127.64694384536743
140000,update,q_grad_norm_min,21.840572357177734
140000,update,q_loss,0.5216337442398071
140000,update,q_loss_cleanrl_logged,0.26081687211990356
140000,update,q_loss_cleanrl_logged_max,14.565378189086914
140000,update,q_loss_cleanrl_logged_mean,0.6282735277593136
140000,update,q_loss_cleanrl_logged_min,0.10223768651485443
140000,update,q_loss_max,29.130756378173828
140000,update,q_loss_mean,1.256547055518627
140000,update,q_loss_min,0.20447537302970886
140000,update,q_param_norm,398.982666015625
140000,update,q_param_norm_max,398.985107421875
140000,update,q_param_norm_mean,396.4431372955322
140000,update,q_param_norm_min,393.75025939941406
140000,update,q_update_norm,0.025932764634490013
140000,update,q_update_norm_max,0.10137397050857544
140000,update,q_update_norm_mean,0.03645040382556617
140000,update,q_update_norm_min,0.017735103145241737
140000,update,q_update_norm_ratio,9.190521750175412e-05
140000,update,q_update_norm_ratio_max,0.00036061212957252584
140000,update,q_update_norm_ratio_mean,0.000130015516996577
140000,update,q_update_norm_ratio_min,6.303646205279664e-05
140000,update,target_q_mean,-16.64965057373047
140000,update,target_q_mean_max,-7.532021522521973
140000,update,target_q_mean_mean,-16.965884581947325
140000,update,target_q_mean_min,-27.653976440429688
140200,train_episode,collapse,0.0
140200,train_episode,length,200.0
140200,train_episode,return,-223.5965215619186
140200,train_episode,success,0.0
140400,train_episode,collapse,0.0
140400,train_episode,length,200.0
140400,train_episode,return,-127.06662778989141
140400,train_episode,success,1.0
140600,train_episode,collapse,0.0
140600,train_episode,length,200.0
140600,train_episode,return,-249.00186537306436
140600,train_episode,success,0.0
140800,train_episode,collapse,0.0
140800,train_episode,length,200.0
140800,train_episode,return,-121.48221449577306
140800,train_episode,success,1.0
141000,train_episode,collapse,0.0
141000,train_episode,length,200.0
141000,train_episode,return,-231.34989894080115
141000,train_episode,success,0.0
141200,train_episode,collapse,0.0
141200,train_episode,length,200.0
141200,train_episode,return,-0.559732747654041
141200,train_episode,success,1.0
141400,train_episode,collapse,0.0
141400,train_episode,length,200.0
141400,train_episode,return,-215.22926373249365
141400,train_episode,success,0.0
141600,train_episode,collapse,0.0
141600,train_episode,length,200.0
141600,train_episode,return,-119.68134504969814
141600,train_episode,success,1.0
141800,train_episode,collapse,0.0
141800,train_episode,length,200.0
141800,train_episode,return,-218.96813283444078
141800,train_episode,success,0.0
142000,train_episode,collapse,0.0
142000,train_episode,length,200.0
142000,train_episode,return,-121.81462971758792
142000,train_episode,success,1.0
142200,train_episode,collapse,0.0
142200,train_episode,length,200.0
142200,train_episode,return,-3.3988096673289077
142200,train_episode,success,1.0
142400,train_episode,collapse,0.0
142400,train_episode,length,200.0
142400,train_episode,return,-304.9736467468138
142400,train_episode,success,0.0
142600,train_episode,collapse,0.0
142600,train_episode,length,200.0
142600,train_episode,return,-123.98754971503574
142600,train_episode,success,1.0
142800,train_episode,collapse,0.0
142800,train_episode,length,200.0
142800,train_episode,return,-118.75949527893808
142800,train_episode,success,1.0
143000,train_episode,collapse,0.0
143000,train_episode,length,200.0
143000,train_episode,return,-230.57381013521064
143000,train_episode,success,0.0
143200,train_episode,collapse,0.0
143200,train_episode,length,200.0
143200,train_episode,return,-121.09957830448064
143200,train_episode,success,1.0
143400,train_episode,collapse,0.0
143400,train_episode,length,200.0
143400,train_episode,return,-120.40815398780396
143400,train_episode,success,1.0
143600,train_episode,collapse,0.0
143600,train_episode,length,200.0
143600,train_episode,return,-237.61422405299948
143600,train_episode,success,0.0
143800,train_episode,collapse,0.0
143800,train_episode,length,200.0
143800,train_episode,return,-265.030655514559
143800,train_episode,success,0.0
144000,train_episode,collapse,0.0
144000,train_episode,length,200.0
144000,train_episode,return,-118.47979220885244
144000,train_episode,success,1.0
144200,train_episode,collapse,0.0
144200,train_episode,length,200.0
144200,train_episode,return,-247.22432709626457
144200,train_episode,success,0.0
144400,train_episode,collapse,0.0
144400,train_episode,length,200.0
144400,train_episode,return,-120.49697809410007
144400,train_episode,success,1.0
144600,train_episode,collapse,0.0
144600,train_episode,length,200.0
144600,train_episode,return,-2.4051057944801597
144600,train_episode,success,1.0
144800,train_episode,collapse,0.0
144800,train_episode,length,200.0
144800,train_episode,return,-310.6225287392274
144800,train_episode,success,0.0
145000,train_episode,collapse,0.0
145000,train_episode,length,200.0
145000,train_episode,return,-3.2846901200519416
145000,train_episode,success,1.0
145000,update,actor_grad_norm,0.5246100425720215
145000,update,actor_grad_norm_max,13.95709228515625
145000,update,actor_grad_norm_mean,0.6125649333834648
145000,update,actor_grad_norm_min,0.08021015673875809
145000,update,actor_loss,18.090227127075195
145000,update,actor_loss_max,27.847034454345703
145000,update,actor_loss_mean,16.643704946517943
145000,update,actor_loss_min,8.615131378173828
145000,update,actor_param_norm,73.56597137451172
145000,update,actor_param_norm_max,73.56597137451172
145000,update,actor_param_norm_mean,73.05910694122315
145000,update,actor_param_norm_min,72.56732940673828
145000,update,actor_update_norm,0.01514436025172472
145000,update,actor_update_norm_max,0.041620638221502304
145000,update,actor_update_norm_mean,0.01436687896102667
145000,update,actor_update_norm_min,0.006616571918129921
145000,update,actor_update_norm_ratio,0.00020586098586011632
145000,update,actor_update_norm_ratio_max,0.0005699689290490694
145000,update,actor_update_norm_ratio_mean,0.00019664331368847567
145000,update,actor_update_norm_ratio_min,9.019305110991356e-05
145000,update,alpha,0.004272720776498318
145000,update,alpha_loss,0.0003274062182754278
145000,update,alpha_loss_max,0.003055680077522993
145000,update,alpha_loss_mean,8.277467236621305e-06
145000,update,alpha_loss_min,-0.0033527573104947805
145000,update,alpha_max,0.0067227925173938274
145000,update,alpha_mean,0.004560072620026767
145000,update,alpha_min,0.002995892660692334
145000,update,num_optimizer_updates,5000.0
145000,update,policy_entropy_estimate,-0.9233900308609009
145000,update,policy_entropy_estimate_max,-0.34252220392227173
145000,update,policy_entropy_estimate_mean,-0.9989976403474807
145000,update,policy_entropy_estimate_min,-1.6581655740737915
145000,update,policy_log_prob_mean,0.9233900308609009
145000,update,policy_log_prob_mean_max,1.6581655740737915
145000,update,policy_log_prob_mean_mean,0.9989976403474807
145000,update,policy_log_prob_mean_min,0.34252220392227173
145000,update,q1_loss,0.3407095968723297
145000,update,q1_loss_max,8.618821144104004
145000,update,q1_loss_mean,0.648334031355381
145000,update,q1_loss_min,0.07935912907123566
145000,update,q1_mean,-18.285446166992188
145000,update,q1_mean_max,-7.897679328918457
145000,update,q1_mean_mean,-16.801301658248903
145000,update,q1_mean_min,-27.982616424560547
145000,update,q2_loss,0.3262675702571869
145000,update,q2_loss_max,8.726487159729004
145000,update,q2_loss_mean,0.541393898652494
145000,update,q2_loss_min,0.059762656688690186
145000,update,q2_mean,-18.491718292236328
145000,update,q2_mean_max,-8.064647674560547
145000,update,q2_mean_mean,-16.801191129493713
145000,update,q2_mean_min,-28.182666778564453
145000,update,q_grad_norm,89.10494995117188
145000,update,q_grad_norm_max,1360.3472900390625
145000,update,q_grad_norm_mean,124.02682331199647
145000,update,q_grad_norm_min,16.90247917175293
145000,update,q_loss,0.6669771671295166
145000,update,q_loss_cleanrl_logged,0.3334885835647583
145000,update,q_loss_cleanrl_logged_max,6.986151218414307
145000,update,q_loss_cleanrl_logged_mean,0.5948639650717378
145000,update,q_loss_cleanrl_logged_min,0.0856175422668457
145000,update,q_loss_max,13.972302436828613
145000,update,q_loss_mean,1.1897279301434756
145000,update,q_loss_min,0.1712350845336914
145000,update,q_param_norm,403.88743591308594
145000,update,q_param_norm_max,403.88743591308594
145000,update,q_param_norm_mean,401.39257374572753
145000,update,q_param_norm_min,398.9786834716797
145000,update,q_update_norm,0.031196076422929764
145000,update,q_update_norm_max,0.1011931449174881
145000,update,q_update_norm_mean,0.03634397691227496
145000,update,q_update_norm_min,0.017331743612885475
145000,update,q_update_norm_ratio,0.00010921610459476627
145000,update,q_update_norm_ratio_max,0.0003544929932706512
145000,update,q_update_norm_ratio_mean,0.000128024731425114
145000,update,q_update_norm_ratio_min,6.115387018445565e-05
145000,update,target_q_mean,-18.167362213134766
145000,update,target_q_mean_max,-7.98487663269043
145000,update,target_q_mean_mean,-16.801518245887756
145000,update,target_q_mean_min,-28.042919158935547
145200,train_episode,collapse,0.0
145200,train_episode,length,200.0
145200,train_episode,return,-120.92955200572764
145200,train_episode,success,1.0
145400,train_episode,collapse,0.0
145400,train_episode,length,200.0
145400,train_episode,return,-120.68270544437333
145400,train_episode,success,1.0
145600,train_episode,collapse,0.0
145600,train_episode,length,200.0
145600,train_episode,return,-326.1759479143807
145600,train_episode,success,0.0
145800,train_episode,collapse,0.0
145800,train_episode,length,200.0
145800,train_episode,return,-120.77838726032483
145800,train_episode,success,1.0
146000,train_episode,collapse,0.0
146000,train_episode,length,200.0
146000,train_episode,return,-228.18033402753514
146000,train_episode,success,0.0
146200,train_episode,collapse,0.0
146200,train_episode,length,200.0
146200,train_episode,return,-292.51573236742234
146200,train_episode,success,0.0
146400,train_episode,collapse,0.0
146400,train_episode,length,200.0
146400,train_episode,return,-287.1753465502407
146400,train_episode,success,0.0
146600,train_episode,collapse,0.0
146600,train_episode,length,200.0
146600,train_episode,return,-123.08632966412742
146600,train_episode,success,1.0
146800,train_episode,collapse,0.0
146800,train_episode,length,200.0
146800,train_episode,return,-123.32092678516214
146800,train_episode,success,1.0
147000,train_episode,collapse,0.0
147000,train_episode,length,200.0
147000,train_episode,return,-125.37275630537034
147000,train_episode,success,1.0
147200,train_episode,collapse,0.0
147200,train_episode,length,200.0
147200,train_episode,return,-119.53371607096959
147200,train_episode,success,1.0
147400,train_episode,collapse,0.0
147400,train_episode,length,200.0
147400,train_episode,return,-115.89203852824346
147400,train_episode,success,1.0
147600,train_episode,collapse,0.0
147600,train_episode,length,200.0
147600,train_episode,return,-122.66895233545863
147600,train_episode,success,1.0
147800,train_episode,collapse,0.0
147800,train_episode,length,200.0
147800,train_episode,return,-119.98990292897531
147800,train_episode,success,1.0
148000,train_episode,collapse,0.0
148000,train_episode,length,200.0
148000,train_episode,return,-218.63447139665902
148000,train_episode,success,0.0
148200,train_episode,collapse,0.0
148200,train_episode,length,200.0
148200,train_episode,return,-0.4106421189222112
148200,train_episode,success,1.0
148400,train_episode,collapse,0.0
148400,train_episode,length,200.0
148400,train_episode,return,-127.03975631726306
148400,train_episode,success,1.0
148600,train_episode,collapse,0.0
148600,train_episode,length,200.0
148600,train_episode,return,-121.63536094091117
148600,train_episode,success,1.0
148800,train_episode,collapse,0.0
148800,train_episode,length,200.0
148800,train_episode,return,-130.62290495109468
148800,train_episode,success,1.0
149000,train_episode,collapse,0.0
149000,train_episode,length,200.0
149000,train_episode,return,-1.9680529436710659
149000,train_episode,success,1.0
149200,train_episode,collapse,0.0
149200,train_episode,length,200.0
149200,train_episode,return,-115.76823904074057
149200,train_episode,success,1.0
149400,train_episode,collapse,0.0
149400,train_episode,length,200.0
149400,train_episode,return,-119.95017332524952
149400,train_episode,success,1.0
149600,train_episode,collapse,0.0
149600,train_episode,length,200.0
149600,train_episode,return,-120.80016514996227
149600,train_episode,success,1.0
149800,train_episode,collapse,0.0
149800,train_episode,length,200.0
149800,train_episode,return,-118.94792286147357
149800,train_episode,success,1.0
150000,train_episode,collapse,0.0
150000,train_episode,length,200.0
150000,train_episode,return,-116.84424439600213
150000,train_episode,success,1.0
150000,update,actor_grad_norm,0.26908960938453674
150000,update,actor_grad_norm_max,8.761961936950684
150000,update,actor_grad_norm_mean,0.6056312258571387
150000,update,actor_grad_norm_min,0.0672115609049797
150000,update,actor_loss,16.296911239624023
150000,update,actor_loss_max,27.06842041015625
150000,update,actor_loss_mean,16.54239161567688
150000,update,actor_loss_min,8.411704063415527
150000,update,actor_param_norm,74.47985076904297
150000,update,actor_param_norm_max,74.47985076904297
150000,update,actor_param_norm_mean,73.99437613220215
150000,update,actor_param_norm_min,73.56554412841797
150000,update,actor_update_norm,0.015628010034561157
150000,update,actor_update_norm_max,0.05204755440354347
150000,update,actor_update_norm_mean,0.014313351824693381
150000,update,actor_update_norm_min,0.006246801000088453
150000,update,actor_update_norm_ratio,0.00020983071738244803
150000,update,actor_update_norm_ratio_max,0.0007004457888128565
150000,update,actor_update_norm_ratio_mean,0.0001934475259316756
150000,update,actor_update_norm_ratio_min,8.405956714293951e-05
150000,update,alpha,0.004244312644004822
150000,update,alpha_loss,0.000736005837097764
150000,update,alpha_loss_max,0.003883042838424444
150000,update,alpha_loss_mean,1.732236888637999e-05
150000,update,alpha_loss_min,-0.0030968294013291597
150000,update,alpha_max,0.007478237152099609
150000,update,alpha_mean,0.005508073467575014
150000,update,alpha_min,0.004134050104767084
150000,update,num_optimizer_updates,5000.0
150000,update,policy_entropy_estimate,-0.8265930414199829
150000,update,policy_entropy_estimate_max,-0.29123035073280334
150000,update,policy_entropy_estimate_mean,-0.996881085896492
150000,update,policy_entropy_estimate_min,-1.5311503410339355
150000,update,policy_log_prob_mean,0.8265930414199829
150000,update,policy_log_prob_mean_max,1.5311503410339355
150000,update,policy_log_prob_mean_mean,0.996881085896492
150000,update,policy_log_prob_mean_min,0.29123035073280334
150000,update,q1_loss,2.1590123176574707
150000,update,q1_loss_max,41.755367279052734
150000,update,q1_loss_mean,0.6691305640131235
150000,update,q1_loss_min,0.06363797932863235
150000,update,q1_mean,-15.713876724243164
150000,update,q1_mean_max,-8.233110427856445
150000,update,q1_mean_mean,-16.66709540348053
150000,update,q1_mean_min,-27.790355682373047
150000,update,q2_loss,0.7618929147720337
150000,update,q2_loss_max,41.9056510925293
150000,update,q2_loss_mean,0.5448717827856541
150000,update,q2_loss_min,0.05589291825890541
150000,update,q2_mean,-15.828253746032715
150000,update,q2_mean_max,-8.284910202026367
150000,update,q2_mean_mean,-16.666988932228087
150000,update,q2_mean_min,-27.781131744384766
150000,update,q_grad_norm,219.3955535888672
150000,update,q_grad_norm_max,1666.4693603515625
150000,update,q_grad_norm_mean,120.88475765991211
150000,update,q_grad_norm_min,20.551424026489258
150000,update,q_loss,2.920905113220215
150000,update,q_loss_cleanrl_logged,1.4604525566101074
150000,update,q_loss_cleanrl_logged_max,41.830509185791016
150000,update,q_loss_cleanrl_logged_mean,0.6070011735111475
150000,update,q_loss_cleanrl_logged_min,0.07686403393745422
150000,update,q_loss_max,83.66101837158203
150000,update,q_loss_mean,1.214002347022295
150000,update,q_loss_min,0.15372806787490845
150000,update,q_param_norm,409.43096923828125
150000,update,q_param_norm_max,409.43096923828125
150000,update,q_param_norm_mean,406.6403956237793
150000,update,q_param_norm_min,403.8905334472656
150000,update,q_update_norm,0.03749377653002739
150000,update,q_update_norm_max,0.1291186362504959
150000,update,q_update_norm_mean,0.03581543275490403
150000,update,q_update_norm_min,0.015020918101072311
150000,update,q_update_norm_ratio,0.00012948789821117657
150000,update,q_update_norm_ratio_max,0.0004474603891870547
150000,update,q_update_norm_ratio_mean,0.0001245422203091422
150000,update,q_update_norm_ratio_min,5.247344127361905e-05
150000,update,target_q_mean,-15.981768608093262
150000,update,target_q_mean_max,-8.357271194458008
150000,update,target_q_mean_mean,-16.667412022209167
150000,update,target_q_mean_min,-27.71210479736328
150000,replay,action_abs_max,2.0
150000,replay,action_abs_mean,0.5748845338821411
150000,replay,action_saturation_fraction,0.07148
150000,replay,capacity,500000.0
150000,replay,done_fraction,0.0
150000,replay,fill_fraction,0.3
150000,replay,near_upright_any_transition_fraction,0.8178466666666667
150000,replay,near_upright_next_obs_fraction,0.81774
150000,replay,near_upright_obs_fraction,0.8134533333333334
150000,replay,reward_max,-4.2872531480497855e-07
150000,replay,reward_mean,-0.9733098149299622
150000,replay,reward_min,-16.252336502075195
150000,replay,reward_std,2.642007350921631
150000,replay,sample_count_max,974.0
150000,replay,sample_count_mean,247.46666666666667
150000,replay,size,150000.0
150000,replay,transition_age_max,149999.0
150000,replay,transition_age_mean,74999.5
150000,diagnostics,actor_layer0_activation_abs_max,3.513753890991211
150000,diagnostics,actor_layer0_activation_abs_mean,0.10898937284946442
150000,diagnostics,actor_layer0_dormant_fraction,0.09765625
150000,diagnostics,actor_layer0_effective_rank_fraction,0.04935414716601372
150000,diagnostics,actor_layer1_activation_abs_max,10.979900360107422
150000,diagnostics,actor_layer1_activation_abs_mean,0.027631932869553566
150000,diagnostics,actor_layer1_dormant_fraction,0.52734375
150000,diagnostics,actor_layer1_effective_rank_fraction,0.10244682431221008
150000,diagnostics,actor_param_norm,74.47985076904297
150000,diagnostics,alpha,0.004244312644004822
150000,diagnostics,q1_layer0_activation_abs_max,6.739053726196289
150000,diagnostics,q1_layer0_activation_abs_mean,0.33140066266059875
150000,diagnostics,q1_layer0_dormant_fraction,0.09375
150000,diagnostics,q1_layer0_effective_rank_fraction,0.04840991273522377
150000,diagnostics,q1_layer1_activation_abs_max,31.611019134521484
150000,diagnostics,q1_layer1_activation_abs_mean,2.548779249191284
150000,diagnostics,q1_layer1_dormant_fraction,0.56640625
150000,diagnostics,q1_layer1_effective_rank_fraction,0.05715076997876167
150000,diagnostics,q1_param_norm,201.07945251464844
150000,diagnostics,q2_layer0_activation_abs_max,5.3679704666137695
150000,diagnostics,q2_layer0_activation_abs_mean,0.32888084650039673
150000,diagnostics,q2_layer0_dormant_fraction,0.09765625
150000,diagnostics,q2_layer0_effective_rank_fraction,0.04743754491209984
150000,diagnostics,q2_layer1_activation_abs_max,39.14512634277344
150000,diagnostics,q2_layer1_activation_abs_mean,3.3550589084625244
150000,diagnostics,q2_layer1_dormant_fraction,0.5546875
150000,diagnostics,q2_layer1_effective_rank_fraction,0.0507562980055809
150000,diagnostics,q2_param_norm,208.3515167236328
150200,train_episode,collapse,0.0
150200,train_episode,length,200.0
150200,train_episode,return,-237.37975560777153
150200,train_episode,success,0.0
150400,train_episode,collapse,0.0
150400,train_episode,length,200.0
150400,train_episode,return,-224.56372729694402
150400,train_episode,success,0.0
150600,train_episode,collapse,0.0
150600,train_episode,length,200.0
150600,train_episode,return,-247.72182341032268
150600,train_episode,success,0.0
150800,train_episode,collapse,0.0
150800,train_episode,length,200.0
150800,train_episode,return,-119.16771582566915
150800,train_episode,success,1.0
151000,train_episode,collapse,0.0
151000,train_episode,length,200.0
151000,train_episode,return,-120.66654898587
151000,train_episode,success,1.0
151200,train_episode,collapse,0.0
151200,train_episode,length,200.0
151200,train_episode,return,-219.8882276669827
151200,train_episode,success,0.0
151400,train_episode,collapse,0.0
151400,train_episode,length,200.0
151400,train_episode,return,-3.722662209270183
151400,train_episode,success,1.0
151600,train_episode,collapse,0.0
151600,train_episode,length,200.0
151600,train_episode,return,-118.97176046652646
151600,train_episode,success,1.0
151800,train_episode,collapse,0.0
151800,train_episode,length,200.0
151800,train_episode,return,-117.99663773156807
151800,train_episode,success,1.0
152000,train_episode,collapse,0.0
152000,train_episode,length,200.0
152000,train_episode,return,-0.4241799727931471
152000,train_episode,success,1.0
152200,train_episode,collapse,0.0
152200,train_episode,length,200.0
152200,train_episode,return,-3.8256520435906824
152200,train_episode,success,1.0
152400,train_episode,collapse,0.0
152400,train_episode,length,200.0
152400,train_episode,return,-217.79571656226295
152400,train_episode,success,0.0
152600,train_episode,collapse,0.0
152600,train_episode,length,200.0
152600,train_episode,return,-223.42285147004048
152600,train_episode,success,0.0
152800,train_episode,collapse,0.0
152800,train_episode,length,200.0
152800,train_episode,return,-295.01131009175845
152800,train_episode,success,0.0
153000,train_episode,collapse,0.0
153000,train_episode,length,200.0
153000,train_episode,return,-120.23621156317198
153000,train_episode,success,1.0
153200,train_episode,collapse,0.0
153200,train_episode,length,200.0
153200,train_episode,return,-121.43214885693006
153200,train_episode,success,1.0
153400,train_episode,collapse,0.0
153400,train_episode,length,200.0
153400,train_episode,return,-125.29108395146746
153400,train_episode,success,1.0
153600,train_episode,collapse,0.0
153600,train_episode,length,200.0
153600,train_episode,return,-118.45987819385036
153600,train_episode,success,1.0
153800,train_episode,collapse,0.0
153800,train_episode,length,200.0
153800,train_episode,return,-120.57667862039264
153800,train_episode,success,1.0
154000,train_episode,collapse,0.0
154000,train_episode,length,200.0
154000,train_episode,return,-119.66712206137309
154000,train_episode,success,1.0
154200,train_episode,collapse,0.0
154200,train_episode,length,200.0
154200,train_episode,return,-117.7352762363072
154200,train_episode,success,1.0
154400,train_episode,collapse,0.0
154400,train_episode,length,200.0
154400,train_episode,return,-278.85875681699446
154400,train_episode,success,0.0
154600,train_episode,collapse,0.0
154600,train_episode,length,200.0
154600,train_episode,return,-125.49891619044475
154600,train_episode,success,1.0
154800,train_episode,collapse,0.0
154800,train_episode,length,200.0
154800,train_episode,return,-1.176356446698248
154800,train_episode,success,1.0
155000,train_episode,collapse,0.0
155000,train_episode,length,200.0
155000,train_episode,return,-219.16935543975217
155000,train_episode,success,0.0
155000,update,actor_grad_norm,0.5959063768386841
155000,update,actor_grad_norm_max,9.856983184814453
155000,update,actor_grad_norm_mean,0.5917717021912337
155000,update,actor_grad_norm_min,0.08729128539562225
155000,update,actor_loss,17.73410987854004
155000,update,actor_loss_max,25.30618667602539
155000,update,actor_loss_mean,16.339059400177003
155000,update,actor_loss_min,7.47147274017334
155000,update,actor_param_norm,75.46728515625
155000,update,actor_param_norm_max,75.46728515625
155000,update,actor_param_norm_mean,74.95981071929931
155000,update,actor_param_norm_min,74.47985076904297
155000,update,actor_update_norm,0.01661319099366665
155000,update,actor_update_norm_max,0.05160108581185341
155000,update,actor_update_norm_mean,0.014253995973803103
155000,update,actor_update_norm_min,0.005989805329591036
155000,update,actor_update_norm_ratio,0.00022013889876592918
155000,update,actor_update_norm_ratio_max,0.0006877186935317991
155000,update,actor_update_norm_ratio_mean,0.00019018122465608528
155000,update,actor_update_norm_ratio_min,7.93989558804145e-05
155000,update,alpha,0.004239927511662245
155000,update,alpha_loss,0.00012354733189567924
155000,update,alpha_loss_max,0.002119328361004591
155000,update,alpha_loss_mean,2.1449106029831454e-05
155000,update,alpha_loss_min,-0.002548092044889927
155000,update,alpha_max,0.006085982546210289
155000,update,alpha_mean,0.0038875026379711925
155000,update,alpha_min,0.002669993555173278
155000,update,num_optimizer_updates,5000.0
155000,update,policy_entropy_estimate,-0.9708492755889893
155000,update,policy_entropy_estimate_max,-0.3911566138267517
155000,update,policy_entropy_estimate_mean,-0.9953728809714317
155000,update,policy_entropy_estimate_min,-1.5814056396484375
155000,update,policy_log_prob_mean,0.9708492755889893
155000,update,policy_log_prob_mean_max,1.5814056396484375
155000,update,policy_log_prob_mean_mean,0.9953728809714317
155000,update,policy_log_prob_mean_min,0.3911566138267517
155000,update,q1_loss,0.676395833492279
155000,update,q1_loss_max,8.32455062866211
155000,update,q1_loss_mean,0.6514815590687096
155000,update,q1_loss_min,0.06242803856730461
155000,update,q1_mean,-17.974323272705078
155000,update,q1_mean_max,-6.931007385253906
155000,update,q1_mean_mean,-16.45086773376465
155000,update,q1_mean_min,-26.884586334228516
155000,update,q2_loss,0.5719419717788696
155000,update,q2_loss_max,8.941024780273438
155000,update,q2_loss_mean,0.5391532058909535
155000,update,q2_loss_min,0.041809774935245514
155000,update,q2_mean,-17.789165496826172
155000,update,q2_mean_max,-6.738517761230469
155000,update,q2_mean_mean,-16.45061313457489
155000,update,q2_mean_min,-26.852676391601562
155000,update,q_grad_norm,101.49213409423828
155000,update,q_grad_norm_max,979.3545532226562
155000,update,q_grad_norm_mean,121.66895696716308
155000,update,q_grad_norm_min,17.532981872558594
155000,update,q_loss,1.248337745666504
155000,update,q_loss_cleanrl_logged,0.624168872833252
155000,update,q_loss_cleanrl_logged_max,8.327754974365234
155000,update,q_loss_cleanrl_logged_mean,0.5953173824340106
155000,update,q_loss_cleanrl_logged_min,0.08269144594669342
155000,update,q_loss_max,16.65550994873047
155000,update,q_loss_mean,1.1906347648680211
155000,update,q_loss_min,0.16538289189338684
155000,update,q_param_norm,414.6620178222656
155000,update,q_param_norm_max,414.6620178222656
155000,update,q_param_norm_mean,412.08999543151856
155000,update,q_param_norm_min,409.4340362548828
155000,update,q_update_norm,0.04736784100532532
155000,update,q_update_norm_max,0.0995616465806961
155000,update,q_update_norm_mean,0.035597547428682444
155000,update,q_update_norm_min,0.017012396827340126
155000,update,q_update_norm_ratio,0.00016152556765646362
155000,update,q_update_norm_ratio_max,0.00034065220384696024
155000,update,q_update_norm_ratio_mean,0.0001221518576335804
155000,update,q_update_norm_ratio_min,5.839422399928773e-05
155000,update,target_q_mean,-17.815622329711914
155000,update,target_q_mean_max,-6.624073505401611
155000,update,target_q_mean_mean,-16.45098779554367
155000,update,target_q_mean_min,-26.87384033203125
155200,train_episode,collapse,0.0
155200,train_episode,length,200.0
155200,train_episode,return,-0.5900102497339746
155200,train_episode,success,1.0
155400,train_episode,collapse,0.0
155400,train_episode,length,200.0
155400,train_episode,return,-121.41954067174788
155400,train_episode,success,1.0
155600,train_episode,collapse,0.0
155600,train_episode,length,200.0
155600,train_episode,return,-232.97389623779367
155600,train_episode,success,0.0
155800,train_episode,collapse,0.0
155800,train_episode,length,200.0
155800,train_episode,return,-281.70012121708294
155800,train_episode,success,0.0
156000,train_episode,collapse,0.0
156000,train_episode,length,200.0
156000,train_episode,return,-118.40614072842364
156000,train_episode,success,1.0
156200,train_episode,collapse,0.0
156200,train_episode,length,200.0
156200,train_episode,return,-116.52808474046526
156200,train_episode,success,1.0
156400,train_episode,collapse,0.0
156400,train_episode,length,200.0
156400,train_episode,return,-233.35424048103775
156400,train_episode,success,0.0
156600,train_episode,collapse,0.0
156600,train_episode,length,200.0
156600,train_episode,return,-119.0494135249717
156600,train_episode,success,1.0
156800,train_episode,collapse,0.0
156800,train_episode,length,200.0
156800,train_episode,return,-0.7349043182084884
156800,train_episode,success,1.0
157000,train_episode,collapse,0.0
157000,train_episode,length,200.0
157000,train_episode,return,-225.75692230721106
157000,train_episode,success,0.0
157200,train_episode,collapse,0.0
157200,train_episode,length,200.0
157200,train_episode,return,-222.4371876647798
157200,train_episode,success,0.0
157400,train_episode,collapse,0.0
157400,train_episode,length,200.0
157400,train_episode,return,-126.64551703332104
157400,train_episode,success,1.0
157600,train_episode,collapse,0.0
157600,train_episode,length,200.0
157600,train_episode,return,-131.34229089462113
157600,train_episode,success,1.0
157800,train_episode,collapse,0.0
157800,train_episode,length,200.0
157800,train_episode,return,-118.68577682914398
157800,train_episode,success,1.0
158000,train_episode,collapse,0.0
158000,train_episode,length,200.0
158000,train_episode,return,-127.76104092092636
158000,train_episode,success,1.0
158200,train_episode,collapse,0.0
158200,train_episode,length,200.0
158200,train_episode,return,-236.38627637252964
158200,train_episode,success,0.0
158400,train_episode,collapse,0.0
158400,train_episode,length,200.0
158400,train_episode,return,-2.410626910595978
158400,train_episode,success,1.0
158600,train_episode,collapse,0.0
158600,train_episode,length,200.0
158600,train_episode,return,-118.58207276938907
158600,train_episode,success,1.0
158800,train_episode,collapse,0.0
158800,train_episode,length,200.0
158800,train_episode,return,-124.1538252046774
158800,train_episode,success,1.0
159000,train_episode,collapse,0.0
159000,train_episode,length,200.0
159000,train_episode,return,-233.67611832798886
159000,train_episode,success,0.0
159200,train_episode,collapse,0.0
159200,train_episode,length,200.0
159200,train_episode,return,-219.0790272398116
159200,train_episode,success,0.0
159400,train_episode,collapse,0.0
159400,train_episode,length,200.0
159400,train_episode,return,-124.00432759303253
159400,train_episode,success,1.0
159600,train_episode,collapse,0.0
159600,train_episode,length,200.0
159600,train_episode,return,-223.85963934787884
159600,train_episode,success,0.0
159800,train_episode,collapse,0.0
159800,train_episode,length,200.0
159800,train_episode,return,-125.06305050779727
159800,train_episode,success,1.0
160000,train_episode,collapse,0.0
160000,train_episode,length,200.0
160000,train_episode,return,-119.65237718828169
160000,train_episode,success,1.0
160000,update,actor_grad_norm,0.8101264238357544
160000,update,actor_grad_norm_max,6.441104412078857
160000,update,actor_grad_norm_mean,0.5638852346450091
160000,update,actor_grad_norm_min,0.07403694093227386
160000,update,actor_loss,14.887358665466309
160000,update,actor_loss_max,25.87783432006836
160000,update,actor_loss_mean,16.094123875427247
160000,update,actor_loss_min,7.975480079650879
160000,update,actor_param_norm,76.50420379638672
160000,update,actor_param_norm_max,76.50420379638672
160000,update,actor_param_norm_mean,76.02176255645752
160000,update,actor_param_norm_min,75.46728515625
160000,update,actor_update_norm,0.016948487609624863
160000,update,actor_update_norm_max,0.04246331751346588
160000,update,actor_update_norm_mean,0.014560867896676063
160000,update,actor_update_norm_min,0.006632690317928791
160000,update,actor_update_norm_ratio,0.0002215366838498532
160000,update,actor_update_norm_ratio_max,0.0005589976114617696
160000,update,actor_update_norm_ratio_mean,0.00019154018584539243
160000,update,actor_update_norm_ratio_min,8.688819265155936e-05
160000,update,alpha,0.004758421331644058
160000,update,alpha_loss,0.0006696319906041026
160000,update,alpha_loss_max,0.0018832884961739182
160000,update,alpha_loss_mean,7.031206925603328e-06
160000,update,alpha_loss_min,-0.003623024094849825
160000,update,alpha_max,0.00505096698179841
160000,update,alpha_mean,0.002853247231245041
160000,update,alpha_min,0.0017207475611940026
160000,update,num_optimizer_updates,5000.0
160000,update,policy_entropy_estimate,-0.8593571186065674
160000,update,policy_entropy_estimate_max,-0.4340763986110687
160000,update,policy_entropy_estimate_mean,-0.9961415078997612
160000,update,policy_entropy_estimate_min,-1.848084807395935
160000,update,policy_log_prob_mean,0.8593571186065674
160000,update,policy_log_prob_mean_max,1.848084807395935
160000,update,policy_log_prob_mean_mean,0.9961415078997612
160000,update,policy_log_prob_mean_min,0.4340763986110687
160000,update,q1_loss,0.621794581413269
160000,update,q1_loss_max,25.295814514160156
160000,update,q1_loss_mean,0.7007790843904018
160000,update,q1_loss_min,0.0626126378774643
160000,update,q1_mean,-15.130840301513672
160000,update,q1_mean_max,-7.734190940856934
160000,update,q1_mean_mean,-16.20867243309021
160000,update,q1_mean_min,-26.001096725463867
160000,update,q2_loss,0.5971219539642334
160000,update,q2_loss_max,16.430448532104492
160000,update,q2_loss_mean,0.5761517077364028
160000,update,q2_loss_min,0.04476490616798401
160000,update,q2_mean,-14.853443145751953
160000,update,q2_mean_max,-7.582158088684082
160000,update,q2_mean_mean,-16.20850855960846
160000,update,q2_mean_min,-25.874874114990234
160000,update,q_grad_norm,100.57632446289062
160000,update,q_grad_norm_max,1546.129150390625
160000,update,q_grad_norm_mean,124.25783401527404
160000,update,q_grad_norm_min,16.751434326171875
160000,update,q_loss,1.2189165353775024
160000,update,q_loss_cleanrl_logged,0.6094582676887512
160000,update,q_loss_cleanrl_logged_max,20.325166702270508
160000,update,q_loss_cleanrl_logged_mean,0.638465396386385
160000,update,q_loss_cleanrl_logged_min,0.07493947446346283
160000,update,q_loss_max,40.650333404541016
160000,update,q_loss_mean,1.27693079277277
160000,update,q_loss_min,0.14987894892692566
160000,update,q_param_norm,419.82664489746094
160000,update,q_param_norm_max,419.826904296875
160000,update,q_param_norm_mean,417.21369543151854
160000,update,q_param_norm_min,414.66453552246094
160000,update,q_update_norm,0.03388257697224617
160000,update,q_update_norm_max,0.11602605134248734
160000,update,q_update_norm_mean,0.03631501753143966
160000,update,q_update_norm_min,0.015198726207017899
160000,update,q_update_norm_ratio,0.00011412049738387714
160000,update,q_update_norm_ratio_max,0.00039337074762392195
160000,update,q_update_norm_ratio_mean,0.00012308176965942214
160000,update,q_update_norm_ratio_min,5.147477265487334e-05
160000,update,target_q_mean,-14.886773109436035
160000,update,target_q_mean_max,-7.519797325134277
160000,update,target_q_mean_mean,-16.20888902721405
160000,update,target_q_mean_min,-25.991228103637695
160200,train_episode,collapse,0.0
160200,train_episode,length,200.0
160200,train_episode,return,-124.6462220497146
160200,train_episode,success,1.0
160400,train_episode,collapse,0.0
160400,train_episode,length,200.0
160400,train_episode,return,-1.287736649971041
160400,train_episode,success,1.0
160600,train_episode,collapse,0.0
160600,train_episode,length,200.0
160600,train_episode,return,-117.13583179749118
160600,train_episode,success,1.0
160800,train_episode,collapse,0.0
160800,train_episode,length,200.0
160800,train_episode,return,-124.26654731642469
160800,train_episode,success,1.0
161000,train_episode,collapse,0.0
161000,train_episode,length,200.0
161000,train_episode,return,-114.38749697498031
161000,train_episode,success,1.0
161200,train_episode,collapse,0.0
161200,train_episode,length,200.0
161200,train_episode,return,-115.62830011928746
161200,train_episode,success,1.0
161400,train_episode,collapse,0.0
161400,train_episode,length,200.0
161400,train_episode,return,-0.42314535576609913
161400,train_episode,success,1.0
161600,train_episode,collapse,0.0
161600,train_episode,length,200.0
161600,train_episode,return,-0.41281186048594093
161600,train_episode,success,1.0
161800,train_episode,collapse,0.0
161800,train_episode,length,200.0
161800,train_episode,return,-230.92280818184358
161800,train_episode,success,0.0
162000,train_episode,collapse,0.0
162000,train_episode,length,200.0
162000,train_episode,return,-118.43513077813812
162000,train_episode,success,1.0
162200,train_episode,collapse,0.0
162200,train_episode,length,200.0
162200,train_episode,return,-214.57757835223535
162200,train_episode,success,0.0
162400,train_episode,collapse,0.0
162400,train_episode,length,200.0
162400,train_episode,return,-0.9336279300622762
162400,train_episode,success,1.0
162600,train_episode,collapse,0.0
162600,train_episode,length,200.0
162600,train_episode,return,-123.6226162015
162600,train_episode,success,1.0
162800,train_episode,collapse,0.0
162800,train_episode,length,200.0
162800,train_episode,return,-127.58834177690703
162800,train_episode,success,1.0
163000,train_episode,collapse,0.0
163000,train_episode,length,200.0
163000,train_episode,return,-127.88357840020815
163000,train_episode,success,1.0
163200,train_episode,collapse,0.0
163200,train_episode,length,200.0
163200,train_episode,return,-0.9844325963894631
163200,train_episode,success,1.0
163400,train_episode,collapse,0.0
163400,train_episode,length,200.0
163400,train_episode,return,-220.32554971434067
163400,train_episode,success,0.0
163600,train_episode,collapse,0.0
163600,train_episode,length,200.0
163600,train_episode,return,-117.22841803017046
163600,train_episode,success,1.0
163800,train_episode,collapse,0.0
163800,train_episode,length,200.0
163800,train_episode,return,-116.8979222033828
163800,train_episode,success,1.0
164000,train_episode,collapse,0.0
164000,train_episode,length,200.0
164000,train_episode,return,-116.31569763725032
164000,train_episode,success,1.0
164200,train_episode,collapse,0.0
164200,train_episode,length,200.0
164200,train_episode,return,-127.1926969275694
164200,train_episode,success,1.0
164400,train_episode,collapse,0.0
164400,train_episode,length,200.0
164400,train_episode,return,-120.10852860024195
164400,train_episode,success,1.0
164600,train_episode,collapse,0.0
164600,train_episode,length,200.0
164600,train_episode,return,-219.29807809566097
164600,train_episode,success,0.0
164800,train_episode,collapse,0.0
164800,train_episode,length,200.0
164800,train_episode,return,-219.23164742504207
164800,train_episode,success,0.0
165000,train_episode,collapse,0.0
165000,train_episode,length,200.0
165000,train_episode,return,-1.6391169217452863
165000,train_episode,success,1.0
165000,update,actor_grad_norm,0.47650575637817383
165000,update,actor_grad_norm_max,22.687538146972656
165000,update,actor_grad_norm_mean,0.5884146514803171
165000,update,actor_grad_norm_min,0.07928510755300522
165000,update,actor_loss,16.382959365844727
165000,update,actor_loss_max,26.34189224243164
165000,update,actor_loss_mean,15.916908515167236
165000,update,actor_loss_min,5.933076858520508
165000,update,actor_param_norm,77.44683074951172
165000,update,actor_param_norm_max,77.44710540771484
165000,update,actor_param_norm_mean,76.95335219116211
165000,update,actor_param_norm_min,76.4900894165039
165000,update,actor_update_norm,0.01848617196083069
165000,update,actor_update_norm_max,0.04495547339320183
165000,update,actor_update_norm_mean,0.014142066139355302
165000,update,actor_update_norm_min,0.005792788229882717
165000,update,actor_update_norm_ratio,0.00023869531465955701
165000,update,actor_update_norm_ratio_max,0.0005860269606234921
165000,update,actor_update_norm_ratio_mean,0.00018377082983371974
165000,update,actor_update_norm_ratio_min,7.552018011589408e-05
165000,update,alpha,0.0041313618421554565
165000,update,alpha_loss,-0.0006621937500312924
165000,update,alpha_loss_max,0.0030102829914540052
165000,update,alpha_loss_mean,6.402868734949152e-05
165000,update,alpha_loss_min,-0.002686658874154091
165000,update,alpha_max,0.004859510809183121
165000,update,alpha_mean,0.0030110744280740617
165000,update,alpha_min,0.0020160176791250706
165000,update,num_optimizer_updates,5000.0
165000,update,policy_entropy_estimate,-1.1603926420211792
165000,update,policy_entropy_estimate_max,-0.2593994438648224
165000,update,policy_entropy_estimate_mean,-0.9816647149801254
165000,update,policy_entropy_estimate_min,-1.8701879978179932
165000,update,policy_log_prob_mean,1.1603926420211792
165000,update,policy_log_prob_mean_max,1.8701879978179932
165000,update,policy_log_prob_mean_mean,0.9816647149801254
165000,update,policy_log_prob_mean_min,0.2593994438648224
165000,update,q1_loss,0.694918692111969
165000,update,q1_loss_max,21.401803970336914
165000,update,q1_loss_mean,0.6972285615682602
165000,update,q1_loss_min,0.0648491382598877
165000,update,q1_mean,-16.245830535888672
165000,update,q1_mean_max,-6.463252544403076
165000,update,q1_mean_mean,-15.951586641025543
165000,update,q1_mean_min,-27.09380531311035
165000,update,q2_loss,0.7955054044723511
165000,update,q2_loss_max,12.651124954223633
165000,update,q2_loss_mean,0.5980518120400607
165000,update,q2_loss_min,0.05074285715818405
165000,update,q2_mean,-16.242856979370117
165000,update,q2_mean_max,-6.472111225128174
165000,update,q2_mean_mean,-15.95151510848999
165000,update,q2_mean_min,-26.95146369934082
165000,update,q_grad_norm,213.10069274902344
165000,update,q_grad_norm_max,1519.6083984375
165000,update,q_grad_norm_mean,127.04659077720642
165000,update,q_grad_norm_min,21.00426483154297
165000,update,q_loss,1.4904241561889648
165000,update,q_loss_cleanrl_logged,0.7452120780944824
165000,update,q_loss_cleanrl_logged_max,17.026464462280273
165000,update,q_loss_cleanrl_logged_mean,0.6476401867821813
165000,update,q_loss_cleanrl_logged_min,0.07760981470346451
165000,update,q_loss_max,34.05292892456055
165000,update,q_loss_mean,1.2952803735643625
165000,update,q_loss_min,0.15521962940692902
165000,update,q_param_norm,424.50547790527344
165000,update,q_param_norm_max,424.50547790527344
165000,update,q_param_norm_mean,422.2237043334961
165000,update,q_param_norm_min,419.8267822265625
165000,update,q_update_norm,0.03530410677194595
165000,update,q_update_norm_max,0.15493187308311462
165000,update,q_update_norm_mean,0.036320899084955456
165000,update,q_update_norm_min,0.017075859010219574
165000,update,q_update_norm_ratio,0.00011759973816605875
165000,update,q_update_norm_ratio_max,0.0005169067722431316
165000,update,q_update_norm_ratio_mean,0.0001216261531933217
165000,update,q_update_norm_ratio_min,5.688243354953907e-05
165000,update,target_q_mean,-16.293991088867188
165000,update,target_q_mean_max,-6.434581279754639
165000,update,target_q_mean_mean,-15.951864557552337
165000,update,target_q_mean_min,-27.15594482421875
165200,train_episode,collapse,0.0
165200,train_episode,length,200.0
165200,train_episode,return,-122.66975329130521
165200,train_episode,success,1.0
165400,train_episode,collapse,0.0
165400,train_episode,length,200.0
165400,train_episode,return,-117.18864662544979
165400,train_episode,success,1.0
165600,train_episode,collapse,0.0
165600,train_episode,length,200.0
165600,train_episode,return,-119.04055780095057
165600,train_episode,success,1.0
165800,train_episode,collapse,0.0
165800,train_episode,length,200.0
165800,train_episode,return,-120.83687524235147
165800,train_episode,success,1.0
166000,train_episode,collapse,0.0
166000,train_episode,length,200.0
166000,train_episode,return,-218.97462320916367
166000,train_episode,success,0.0
166200,train_episode,collapse,0.0
166200,train_episode,length,200.0
166200,train_episode,return,-228.11389548630666
166200,train_episode,success,0.0
166400,train_episode,collapse,0.0
166400,train_episode,length,200.0
166400,train_episode,return,-243.95487454053833
166400,train_episode,success,0.0
166600,train_episode,collapse,0.0
166600,train_episode,length,200.0
166600,train_episode,return,-2.7795416214698507
166600,train_episode,success,1.0
166800,train_episode,collapse,0.0
166800,train_episode,length,200.0
166800,train_episode,return,-117.6664775470818
166800,train_episode,success,1.0
167000,train_episode,collapse,0.0
167000,train_episode,length,200.0
167000,train_episode,return,-217.61774231034735
167000,train_episode,success,0.0
167200,train_episode,collapse,0.0
167200,train_episode,length,200.0
167200,train_episode,return,-125.37446119797232
167200,train_episode,success,1.0
167400,train_episode,collapse,0.0
167400,train_episode,length,200.0
167400,train_episode,return,-124.16197803514942
167400,train_episode,success,1.0
167600,train_episode,collapse,0.0
167600,train_episode,length,200.0
167600,train_episode,return,-117.28391007808864
167600,train_episode,success,1.0
167800,train_episode,collapse,0.0
167800,train_episode,length,200.0
167800,train_episode,return,-237.4099096219677
167800,train_episode,success,0.0
168000,train_episode,collapse,0.0
168000,train_episode,length,200.0
168000,train_episode,return,-306.5697722482087
168000,train_episode,success,0.0
168200,train_episode,collapse,0.0
168200,train_episode,length,200.0
168200,train_episode,return,-0.8890256083773775
168200,train_episode,success,1.0
168400,train_episode,collapse,0.0
168400,train_episode,length,200.0
168400,train_episode,return,-0.9429403706773336
168400,train_episode,success,1.0
168600,train_episode,collapse,0.0
168600,train_episode,length,200.0
168600,train_episode,return,-239.803820507394
168600,train_episode,success,0.0
168800,train_episode,collapse,0.0
168800,train_episode,length,200.0
168800,train_episode,return,-226.42201163205922
168800,train_episode,success,0.0
169000,train_episode,collapse,0.0
169000,train_episode,length,200.0
169000,train_episode,return,-122.14902712936734
169000,train_episode,success,1.0
169200,train_episode,collapse,0.0
169200,train_episode,length,200.0
169200,train_episode,return,-231.71556587123203
169200,train_episode,success,0.0
169400,train_episode,collapse,0.0
169400,train_episode,length,200.0
169400,train_episode,return,-120.93131443060071
169400,train_episode,success,1.0
169600,train_episode,collapse,0.0
169600,train_episode,length,200.0
169600,train_episode,return,-0.9903294377720883
169600,train_episode,success,1.0
169800,train_episode,collapse,0.0
169800,train_episode,length,200.0
169800,train_episode,return,-116.53440078112499
169800,train_episode,success,1.0
170000,train_episode,collapse,0.0
170000,train_episode,length,200.0
170000,train_episode,return,-227.31826385520083
170000,train_episode,success,0.0
170000,update,actor_grad_norm,0.2446676790714264
170000,update,actor_grad_norm_max,9.037945747375488
170000,update,actor_grad_norm_mean,0.5557139751821757
170000,update,actor_grad_norm_min,0.08304635435342789
170000,update,actor_loss,15.571005821228027
170000,update,actor_loss_max,24.85856819152832
170000,update,actor_loss_mean,15.770118563079834
170000,update,actor_loss_min,7.856060028076172
170000,update,actor_param_norm,78.36807250976562
170000,update,actor_param_norm_max,78.36807250976562
170000,update,actor_param_norm_mean,77.90820684661865
170000,update,actor_param_norm_min,77.44670867919922
170000,update,actor_update_norm,0.010643557645380497
170000,update,actor_update_norm_max,0.05073186382651329
170000,update,actor_update_norm_mean,0.014134706894680858
170000,update,actor_update_norm_min,0.005941884126514196
170000,update,actor_update_norm_ratio,0.00013581546213318828
170000,update,actor_update_norm_ratio_max,0.000652478215535341
170000,update,actor_update_norm_ratio_mean,0.0001814397463220438
170000,update,actor_update_norm_ratio_min,7.658796187612481e-05
170000,update,alpha,0.003918882459402084
170000,update,alpha_loss,0.001249882043339312
170000,update,alpha_loss_max,0.0025492773856967688
170000,update,alpha_loss_mean,2.3443825537106024e-05
170000,update,alpha_loss_min,-0.0031377640552818775
170000,update,alpha_max,0.005622243043035269
170000,update,alpha_mean,0.0036862895853817463
170000,update,alpha_min,0.0024389198515564203
170000,update,num_optimizer_updates,5000.0
170000,update,policy_entropy_estimate,-0.6812499761581421
170000,update,policy_entropy_estimate_max,-0.34131455421447754
170000,update,policy_entropy_estimate_mean,-0.9944263121247292
170000,update,policy_entropy_estimate_min,-1.6991305351257324
170000,update,policy_log_prob_mean,0.6812499761581421
170000,update,policy_log_prob_mean_max,1.6991305351257324
170000,update,policy_log_prob_mean_mean,0.9944263121247292
170000,update,policy_log_prob_mean_min,0.34131455421447754
170000,update,q1_loss,0.21821238100528717
170000,update,q1_loss_max,19.820796966552734
170000,update,q1_loss_mean,0.6210310161836445
170000,update,q1_loss_min,0.04578274488449097
170000,update,q1_mean,-15.490581512451172
170000,update,q1_mean_max,-7.613225936889648
170000,update,q1_mean_mean,-15.882701660728454
170000,update,q1_mean_min,-26.921340942382812
170000,update,q2_loss,0.19925591349601746
170000,update,q2_loss_max,16.54656410217285
170000,update,q2_loss_mean,0.528068789249286
170000,update,q2_loss_min,0.027677850797772408
170000,update,q2_mean,-15.366923332214355
170000,update,q2_mean_max,-7.856660842895508
170000,update,q2_mean_mean,-15.882515622711182
170000,update,q2_mean_min,-26.880638122558594
170000,update,q_grad_norm,79.89282989501953
170000,update,q_grad_norm_max,1684.4202880859375
170000,update,q_grad_norm_mean,117.28565522918701
170000,update,q_grad_norm_min,20.588682174682617
170000,update,q_loss,0.4174683094024658
170000,update,q_loss_cleanrl_logged,0.2087341547012329
170000,update,q_loss_cleanrl_logged_max,18.18368148803711
170000,update,q_loss_cleanrl_logged_mean,0.5745499033987522
170000,update,q_loss_cleanrl_logged_min,0.04474560171365738
170000,update,q_loss_max,36.36736297607422
170000,update,q_loss_mean,1.1490998067975045
170000,update,q_loss_min,0.08949120342731476
170000,update,q_param_norm,428.93695068359375
170000,update,q_param_norm_max,428.9413146972656
170000,update,q_param_norm_mean,426.6865925292969
170000,update,q_param_norm_min,424.5078430175781
170000,update,q_update_norm,0.030316511169075966
170000,update,q_update_norm_max,0.10478182137012482
170000,update,q_update_norm_mean,0.03427271844148636
170000,update,q_update_norm_min,0.016041995957493782
170000,update,q_update_norm_ratio,9.994480039875658e-05
170000,update,q_update_norm_ratio_max,0.00034815585120976755
170000,update,q_update_norm_ratio_mean,0.00011357326031857036
170000,update,q_update_norm_ratio_min,5.3204746945949036e-05
170000,update,target_q_mean,-15.5366792678833
170000,update,target_q_mean_max,-7.78336763381958
170000,update,target_q_mean_mean,-15.882902000331878
170000,update,target_q_mean_min,-26.814462661743164
170200,train_episode,collapse,0.0
170200,train_episode,length,200.0
170200,train_episode,return,-0.7084925046929672
170200,train_episode,success,1.0
170400,train_episode,collapse,0.0
170400,train_episode,length,200.0
170400,train_episode,return,-117.45115274972702
170400,train_episode,success,1.0
170600,train_episode,collapse,0.0
170600,train_episode,length,200.0
170600,train_episode,return,-127.87356370630647
170600,train_episode,success,1.0
170800,train_episode,collapse,0.0
170800,train_episode,length,200.0
170800,train_episode,return,-313.7634659012188
170800,train_episode,success,0.0
171000,train_episode,collapse,0.0
171000,train_episode,length,200.0
171000,train_episode,return,-119.8944219654657
171000,train_episode,success,1.0
171200,train_episode,collapse,0.0
171200,train_episode,length,200.0
171200,train_episode,return,-126.19539288879932
171200,train_episode,success,1.0
171400,train_episode,collapse,0.0
171400,train_episode,length,200.0
171400,train_episode,return,-120.98425117450638
171400,train_episode,success,1.0
171600,train_episode,collapse,0.0
171600,train_episode,length,200.0
171600,train_episode,return,-0.9322459152259105
171600,train_episode,success,1.0
171800,train_episode,collapse,0.0
171800,train_episode,length,200.0
171800,train_episode,return,-1.0104684991375992
171800,train_episode,success,1.0
172000,train_episode,collapse,0.0
172000,train_episode,length,200.0
172000,train_episode,return,-115.80776209634159
172000,train_episode,success,1.0
172200,train_episode,collapse,0.0
172200,train_episode,length,200.0
172200,train_episode,return,-117.13122352421708
172200,train_episode,success,1.0
172400,train_episode,collapse,0.0
172400,train_episode,length,200.0
172400,train_episode,return,-222.4956246877206
172400,train_episode,success,0.0
172600,train_episode,collapse,0.0
172600,train_episode,length,200.0
172600,train_episode,return,-127.29174163502847
172600,train_episode,success,1.0
172800,train_episode,collapse,0.0
172800,train_episode,length,200.0
172800,train_episode,return,-233.22890072398073
172800,train_episode,success,0.0
173000,train_episode,collapse,0.0
173000,train_episode,length,200.0
173000,train_episode,return,-115.81707082916378
173000,train_episode,success,1.0
173200,train_episode,collapse,0.0
173200,train_episode,length,200.0
173200,train_episode,return,-119.47791681180938
173200,train_episode,success,1.0
173400,train_episode,collapse,0.0
173400,train_episode,length,200.0
173400,train_episode,return,-124.50792788495063
173400,train_episode,success,1.0
173600,train_episode,collapse,0.0
173600,train_episode,length,200.0
173600,train_episode,return,-122.23434644672857
173600,train_episode,success,1.0
173800,train_episode,collapse,0.0
173800,train_episode,length,200.0
173800,train_episode,return,-119.03083260521187
173800,train_episode,success,1.0
174000,train_episode,collapse,0.0
174000,train_episode,length,200.0
174000,train_episode,return,-122.3806083652841
174000,train_episode,success,1.0
174200,train_episode,collapse,0.0
174200,train_episode,length,200.0
174200,train_episode,return,-118.9520281218865
174200,train_episode,success,1.0
174400,train_episode,collapse,0.0
174400,train_episode,length,200.0
174400,train_episode,return,-120.42610354089946
174400,train_episode,success,1.0
174600,train_episode,collapse,0.0
174600,train_episode,length,200.0
174600,train_episode,return,-215.55680679382317
174600,train_episode,success,0.0
174800,train_episode,collapse,0.0
174800,train_episode,length,200.0
174800,train_episode,return,-1.985261232704712
174800,train_episode,success,1.0
175000,train_episode,collapse,0.0
175000,train_episode,length,200.0
175000,train_episode,return,-118.59955536632127
175000,train_episode,success,1.0
175000,update,actor_grad_norm,0.2969041168689728
175000,update,actor_grad_norm_max,8.949009895324707
175000,update,actor_grad_norm_mean,0.5689326296687126
175000,update,actor_grad_norm_min,0.0691775307059288
175000,update,actor_loss,16.58348274230957
175000,update,actor_loss_max,26.093610763549805
175000,update,actor_loss_mean,15.506345017623902
175000,update,actor_loss_min,6.88722038269043
175000,update,actor_param_norm,79.28997039794922
175000,update,actor_param_norm_max,79.28997039794922
175000,update,actor_param_norm_mean,78.86914869537354
175000,update,actor_param_norm_min,78.36807250976562
175000,update,actor_update_norm,0.00986360851675272
175000,update,actor_update_norm_max,0.052179962396621704
175000,update,actor_update_norm_mean,0.014230335008352996
175000,update,actor_update_norm_min,0.0063394950702786446
175000,update,actor_update_norm_ratio,0.00012439954247618585
175000,update,actor_update_norm_ratio_max,0.0006604545714727992
175000,update,actor_update_norm_ratio_mean,0.0001804313612326251
175000,update,actor_update_norm_ratio_min,8.070528981880229e-05
175000,update,alpha,0.0030289865098893642
175000,update,alpha_loss,-0.0012695901095867157
175000,update,alpha_loss_max,0.0021370314061641693
175000,update,alpha_loss_mean,4.009455663326662e-05
175000,update,alpha_loss_min,-0.0021020667627453804
175000,update,alpha_max,0.0042313821613788605
175000,update,alpha_mean,0.0029888071230612695
175000,update,alpha_min,0.0021424517035484314
175000,update,num_optimizer_updates,5000.0
175000,update,policy_entropy_estimate,-1.419862985610962
175000,update,policy_entropy_estimate_max,-0.43326330184936523
175000,update,policy_entropy_estimate_mean,-0.9888386745452881
175000,update,policy_entropy_estimate_min,-1.6976394653320312
175000,update,policy_log_prob_mean,1.419862985610962
175000,update,policy_log_prob_mean_max,1.6976394653320312
175000,update,policy_log_prob_mean_mean,0.9888386745452881
175000,update,policy_log_prob_mean_min,0.43326330184936523
175000,update,q1_loss,0.4240831732749939
175000,update,q1_loss_max,24.251157760620117
175000,update,q1_loss_mean,0.6768257636263967
175000,update,q1_loss_min,0.057708725333213806
175000,update,q1_mean,-16.717113494873047
175000,update,q1_mean_max,-6.417055130004883
175000,update,q1_mean_mean,-15.615630583763123
175000,update,q1_mean_min,-28.56695556640625
175000,update,q2_loss,0.20090116560459137
175000,update,q2_loss_max,21.379539489746094
175000,update,q2_loss_mean,0.5628515044804663
175000,update,q2_loss_min,0.025521183386445045
175000,update,q2_mean,-16.55884552001953
175000,update,q2_mean_max,-6.500948905944824
175000,update,q2_mean_mean,-15.615553957557678
175000,update,q2_mean_min,-28.47565460205078
175000,update,q_grad_norm,87.15120697021484
175000,update,q_grad_norm_max,1720.658447265625
175000,update,q_grad_norm_mean,123.24733917808533
175000,update,q_grad_norm_min,18.535972595214844
175000,update,q_loss,0.6249843239784241
175000,update,q_loss_cleanrl_logged,0.31249216198921204
175000,update,q_loss_cleanrl_logged_max,20.014158248901367
175000,update,q_loss_cleanrl_logged_mean,0.6198386333450675
175000,update,q_loss_cleanrl_logged_min,0.06951204687356949
175000,update,q_loss_max,40.028316497802734
175000,update,q_loss_mean,1.239677266690135
175000,update,q_loss_min,0.13902409374713898
175000,update,q_param_norm,433.4245300292969
175000,update,q_param_norm_max,433.42823791503906
175000,update,q_param_norm_mean,431.1893351287842
175000,update,q_param_norm_min,428.9373779296875
175000,update,q_update_norm,0.03404272720217705
175000,update,q_update_norm_max,0.09694527834653854
175000,update,q_update_norm_mean,0.03558852594923228
175000,update,q_update_norm_min,0.014949730597436428
175000,update,q_update_norm_ratio,0.00011106823936404314
175000,update,q_update_norm_ratio_max,0.0003181359755269138
175000,update,q_update_norm_ratio_mean,0.0001167290366731561
175000,update,q_update_norm_ratio_min,4.892630037352416e-05
175000,update,target_q_mean,-16.678794860839844
175000,update,target_q_mean_max,-6.515410423278809
175000,update,target_q_mean_mean,-15.615850150108338
175000,update,target_q_mean_min,-28.820871353149414
175000,replay,action_abs_max,2.0
175000,replay,action_abs_mean,0.558717668056488
175000,replay,action_saturation_fraction,0.07117714285714286
175000,replay,capacity,500000.0
175000,replay,done_fraction,0.0
175000,replay,fill_fraction,0.35
175000,replay,near_upright_any_transition_fraction,0.8249371428571428
175000,replay,near_upright_next_obs_fraction,0.8248457142857143
175000,replay,near_upright_obs_fraction,0.8205371428571429
175000,replay,reward_max,-4.2872531480497855e-07
175000,replay,reward_mean,-0.9306961894035339
175000,replay,reward_min,-16.252336502075195
175000,replay,reward_std,2.5903985500335693
175000,replay,sample_count_max,1021.0
175000,replay,sample_count_mean,248.68571428571428
175000,replay,size,175000.0
175000,replay,transition_age_max,174999.0
175000,replay,transition_age_mean,87499.5
175000,diagnostics,actor_layer0_activation_abs_max,3.672305107116699
175000,diagnostics,actor_layer0_activation_abs_mean,0.10243192315101624
175000,diagnostics,actor_layer0_dormant_fraction,0.1171875
175000,diagnostics,actor_layer0_effective_rank_fraction,0.05511967092752457
175000,diagnostics,actor_layer1_activation_abs_max,11.273621559143066
175000,diagnostics,actor_layer1_activation_abs_mean,0.029962582513689995
175000,diagnostics,actor_layer1_dormant_fraction,0.46484375
175000,diagnostics,actor_layer1_effective_rank_fraction,0.11678975820541382
175000,diagnostics,actor_param_norm,79.28997039794922
175000,diagnostics,alpha,0.0030289865098893642
175000,diagnostics,q1_layer0_activation_abs_max,6.412428379058838
175000,diagnostics,q1_layer0_activation_abs_mean,0.31974607706069946
175000,diagnostics,q1_layer0_dormant_fraction,0.09375
175000,diagnostics,q1_layer0_effective_rank_fraction,0.05480151250958443
175000,diagnostics,q1_layer1_activation_abs_max,31.956148147583008
175000,diagnostics,q1_layer1_activation_abs_mean,2.5461745262145996
175000,diagnostics,q1_layer1_dormant_fraction,0.60546875
175000,diagnostics,q1_layer1_effective_rank_fraction,0.06288230419158936
175000,diagnostics,q1_param_norm,213.9567108154297
175000,diagnostics,q2_layer0_activation_abs_max,5.759120464324951
175000,diagnostics,q2_layer0_activation_abs_mean,0.31606823205947876
175000,diagnostics,q2_layer0_dormant_fraction,0.1171875
175000,diagnostics,q2_layer0_effective_rank_fraction,0.05379365384578705
175000,diagnostics,q2_layer1_activation_abs_max,38.0611686706543
175000,diagnostics,q2_layer1_activation_abs_mean,2.743297815322876
175000,diagnostics,q2_layer1_dormant_fraction,0.6328125
175000,diagnostics,q2_layer1_effective_rank_fraction,0.056274253875017166
175000,diagnostics,q2_param_norm,219.4678192138672
175200,train_episode,collapse,0.0
175200,train_episode,length,200.0
175200,train_episode,return,-128.96624670278553
175200,train_episode,success,1.0
175400,train_episode,collapse,0.0
175400,train_episode,length,200.0
175400,train_episode,return,-130.2156321077971
175400,train_episode,success,1.0
175600,train_episode,collapse,0.0
175600,train_episode,length,200.0
175600,train_episode,return,-121.9782289550982
175600,train_episode,success,1.0
175800,train_episode,collapse,0.0
175800,train_episode,length,200.0
175800,train_episode,return,-127.74799716314826
175800,train_episode,success,1.0
176000,train_episode,collapse,0.0
176000,train_episode,length,200.0
176000,train_episode,return,-116.04998773979396
176000,train_episode,success,1.0
176200,train_episode,collapse,0.0
176200,train_episode,length,200.0
176200,train_episode,return,-126.91663585506541
176200,train_episode,success,1.0
176400,train_episode,collapse,0.0
176400,train_episode,length,200.0
176400,train_episode,return,-224.5004968381716
176400,train_episode,success,0.0
176600,train_episode,collapse,0.0
176600,train_episode,length,200.0
176600,train_episode,return,-124.519771267928
176600,train_episode,success,1.0
176800,train_episode,collapse,0.0
176800,train_episode,length,200.0
176800,train_episode,return,-128.4810768710213
176800,train_episode,success,1.0
177000,train_episode,collapse,0.0
177000,train_episode,length,200.0
177000,train_episode,return,-122.60965664043043
177000,train_episode,success,1.0
177200,train_episode,collapse,0.0
177200,train_episode,length,200.0
177200,train_episode,return,-122.18643210038498
177200,train_episode,success,1.0
177400,train_episode,collapse,0.0
177400,train_episode,length,200.0
177400,train_episode,return,-225.85006158212016
177400,train_episode,success,0.0
177600,train_episode,collapse,0.0
177600,train_episode,length,200.0
177600,train_episode,return,-115.80687597144441
177600,train_episode,success,1.0
177800,train_episode,collapse,0.0
177800,train_episode,length,200.0
177800,train_episode,return,-294.84314369198694
177800,train_episode,success,0.0
178000,train_episode,collapse,0.0
178000,train_episode,length,200.0
178000,train_episode,return,-123.19606852063421
178000,train_episode,success,1.0
178200,train_episode,collapse,0.0
178200,train_episode,length,200.0
178200,train_episode,return,-228.8058436818147
178200,train_episode,success,0.0
178400,train_episode,collapse,0.0
178400,train_episode,length,200.0
178400,train_episode,return,-219.96011869242386
178400,train_episode,success,0.0
178600,train_episode,collapse,0.0
178600,train_episode,length,200.0
178600,train_episode,return,-127.32106143716659
178600,train_episode,success,1.0
178800,train_episode,collapse,0.0
178800,train_episode,length,200.0
178800,train_episode,return,-116.387277424636
178800,train_episode,success,1.0
179000,train_episode,collapse,0.0
179000,train_episode,length,200.0
179000,train_episode,return,-235.53783734941868
179000,train_episode,success,0.0
179200,train_episode,collapse,0.0
179200,train_episode,length,200.0
179200,train_episode,return,-118.28802225323564
179200,train_episode,success,1.0
179400,train_episode,collapse,0.0
179400,train_episode,length,200.0
179400,train_episode,return,-118.59693315476011
179400,train_episode,success,1.0
179600,train_episode,collapse,0.0
179600,train_episode,length,200.0
179600,train_episode,return,-114.48264008050921
179600,train_episode,success,1.0
179800,train_episode,collapse,0.0
179800,train_episode,length,200.0
179800,train_episode,return,-117.89205471976564
179800,train_episode,success,1.0
180000,train_episode,collapse,0.0
180000,train_episode,length,200.0
180000,train_episode,return,-118.00055730425296
180000,train_episode,success,1.0
180000,update,actor_grad_norm,0.5372603535652161
180000,update,actor_grad_norm_max,24.313426971435547
180000,update,actor_grad_norm_mean,0.5899427837878466
180000,update,actor_grad_norm_min,0.0843999907374382
180000,update,actor_loss,13.541350364685059
180000,update,actor_loss_max,25.505050659179688
180000,update,actor_loss_mean,15.429221248626709
180000,update,actor_loss_min,6.185396194458008
180000,update,actor_param_norm,80.10909271240234
180000,update,actor_param_norm_max,80.11915588378906
180000,update,actor_param_norm_mean,79.6984267425537
180000,update,actor_param_norm_min,79.28997039794922
180000,update,actor_update_norm,0.0177150946110487
180000,update,actor_update_norm_max,0.05090654641389847
180000,update,actor_update_norm_mean,0.014026202543079853
180000,update,actor_update_norm_min,0.005673310719430447
180000,update,actor_update_norm_ratio,0.00022113630566680188
180000,update,actor_update_norm_ratio_max,0.0006373028184308769
180000,update,actor_update_norm_ratio_mean,0.0001759969240430291
180000,update,actor_update_norm_ratio_min,7.128888134250099e-05
180000,update,alpha,0.002456475980579853
180000,update,alpha_loss,-6.350416515488178e-05
180000,update,alpha_loss_max,0.001973842503502965
180000,update,alpha_loss_mean,4.0987887747542116e-05
180000,update,alpha_loss_min,-0.0020316587761044502
180000,update,alpha_max,0.004138341639190912
180000,update,alpha_mean,0.0027620509845670315
180000,update,alpha_min,0.001789242378436029
180000,update,num_optimizer_updates,5000.0
180000,update,policy_entropy_estimate,-1.0258601903915405
180000,update,policy_entropy_estimate_max,-0.2677156925201416
180000,update,policy_entropy_estimate_mean,-0.9863135552763939
180000,update,policy_entropy_estimate_min,-1.7042092084884644
180000,update,policy_log_prob_mean,1.0258601903915405
180000,update,policy_log_prob_mean_max,1.7042092084884644
180000,update,policy_log_prob_mean_mean,0.9863135552763939
180000,update,policy_log_prob_mean_min,0.2677156925201416
180000,update,q1_loss,0.2419653981924057
180000,update,q1_loss_max,17.19077491760254
180000,update,q1_loss_mean,0.637962323769927
180000,update,q1_loss_min,0.0575694739818573
180000,update,q1_mean,-13.555828094482422
180000,update,q1_mean_max,-6.273247241973877
180000,update,q1_mean_mean,-15.476998087406159
180000,update,q1_mean_min,-25.988121032714844
180000,update,q2_loss,0.23843985795974731
180000,update,q2_loss_max,24.8278865814209
180000,update,q2_loss_mean,0.5381232071876526
180000,update,q2_loss_min,0.03802396357059479
180000,update,q2_mean,-13.459244728088379
180000,update,q2_mean_max,-6.241179466247559
180000,update,q2_mean_mean,-15.476947736644744
180000,update,q2_mean_min,-25.818065643310547
180000,update,q_grad_norm,62.22757339477539
180000,update,q_grad_norm_max,2152.087158203125
180000,update,q_grad_norm_mean,118.69770808448791
180000,update,q_grad_norm_min,18.676816940307617
180000,update,q_loss,0.4804052710533142
180000,update,q_loss_cleanrl_logged,0.2402026355266571
180000,update,q_loss_cleanrl_logged_max,17.26888656616211
180000,update,q_loss_cleanrl_logged_mean,0.5880427655994892
180000,update,q_loss_cleanrl_logged_min,0.08033056557178497
180000,update,q_loss_max,34.53777313232422
180000,update,q_loss_mean,1.1760855311989784
180000,update,q_loss_min,0.16066113114356995
180000,update,q_param_norm,437.5471649169922
180000,update,q_param_norm_max,437.55157470703125
180000,update,q_param_norm_mean,435.467310144043
180000,update,q_param_norm_min,433.42010498046875
180000,update,q_update_norm,0.044240307062864304
180000,update,q_update_norm_max,0.09883725643157959
180000,update,q_update_norm_mean,0.03512373735159636
180000,update,q_update_norm_min,0.016032926738262177
180000,update,q_update_norm_ratio,0.00014298104609832175
180000,update,q_update_norm_ratio_max,0.0003199582404110309
180000,update,q_update_norm_ratio_mean,0.00011406673836068877
180000,update,q_update_norm_ratio_min,5.2150576681247216e-05
180000,update,target_q_mean,-13.583674430847168
180000,update,target_q_mean_max,-6.225884437561035
180000,update,target_q_mean_mean,-15.47725490064621
180000,update,target_q_mean_min,-25.692354202270508
180200,train_episode,collapse,0.0
180200,train_episode,length,200.0
180200,train_episode,return,-231.37695071194364
180200,train_episode,success,0.0
180400,train_episode,collapse,0.0
180400,train_episode,length,200.0
180400,train_episode,return,-242.21385809908818
180400,train_episode,success,0.0
180600,train_episode,collapse,0.0
180600,train_episode,length,200.0
180600,train_episode,return,-126.40242765431324
180600,train_episode,success,1.0
180800,train_episode,collapse,0.0
180800,train_episode,length,200.0
180800,train_episode,return,-226.55047399209724
180800,train_episode,success,0.0
181000,train_episode,collapse,0.0
181000,train_episode,length,200.0
181000,train_episode,return,-294.54007081054823
181000,train_episode,success,0.0
181200,train_episode,collapse,0.0
181200,train_episode,length,200.0
181200,train_episode,return,-123.51178672351858
181200,train_episode,success,1.0
181400,train_episode,collapse,0.0
181400,train_episode,length,200.0
181400,train_episode,return,-245.89406931247947
181400,train_episode,success,0.0
181600,train_episode,collapse,0.0
181600,train_episode,length,200.0
181600,train_episode,return,-127.27806128392412
181600,train_episode,success,1.0
181800,train_episode,collapse,0.0
181800,train_episode,length,200.0
181800,train_episode,return,-125.96703874941299
181800,train_episode,success,1.0
182000,train_episode,collapse,0.0
182000,train_episode,length,200.0
182000,train_episode,return,-230.806335034856
182000,train_episode,success,0.0
182200,train_episode,collapse,0.0
182200,train_episode,length,200.0
182200,train_episode,return,-1.8822271647030577
182200,train_episode,success,1.0
182400,train_episode,collapse,0.0
182400,train_episode,length,200.0
182400,train_episode,return,-271.4184574232201
182400,train_episode,success,0.0
182600,train_episode,collapse,0.0
182600,train_episode,length,200.0
182600,train_episode,return,-0.5866540393593426
182600,train_episode,success,1.0
182800,train_episode,collapse,0.0
182800,train_episode,length,200.0
182800,train_episode,return,-127.1335245519679
182800,train_episode,success,1.0
183000,train_episode,collapse,0.0
183000,train_episode,length,200.0
183000,train_episode,return,-226.65974631428492
183000,train_episode,success,0.0
183200,train_episode,collapse,0.0
183200,train_episode,length,200.0
183200,train_episode,return,-123.04583168007306
183200,train_episode,success,1.0
183400,train_episode,collapse,0.0
183400,train_episode,length,200.0
183400,train_episode,return,-226.7544230209384
183400,train_episode,success,0.0
183600,train_episode,collapse,0.0
183600,train_episode,length,200.0
183600,train_episode,return,-219.53650444258906
183600,train_episode,success,0.0
183800,train_episode,collapse,0.0
183800,train_episode,length,200.0
183800,train_episode,return,-122.42459100451757
183800,train_episode,success,1.0
184000,train_episode,collapse,0.0
184000,train_episode,length,200.0
184000,train_episode,return,-124.20654215170607
184000,train_episode,success,1.0
184200,train_episode,collapse,0.0
184200,train_episode,length,200.0
184200,train_episode,return,-216.45100573761243
184200,train_episode,success,0.0
184400,train_episode,collapse,0.0
184400,train_episode,length,200.0
184400,train_episode,return,-226.5476464524307
184400,train_episode,success,0.0
184600,train_episode,collapse,0.0
184600,train_episode,length,200.0
184600,train_episode,return,-0.2659383376588057
184600,train_episode,success,1.0
184800,train_episode,collapse,0.0
184800,train_episode,length,200.0
184800,train_episode,return,-114.90856211745806
184800,train_episode,success,1.0
185000,train_episode,collapse,0.0
185000,train_episode,length,200.0
185000,train_episode,return,-242.84601405467873
185000,train_episode,success,0.0
185000,update,actor_grad_norm,0.3464004695415497
185000,update,actor_grad_norm_max,88.8349609375
185000,update,actor_grad_norm_mean,0.5995816865473985
185000,update,actor_grad_norm_min,0.08861382305622101
185000,update,actor_loss,14.866490364074707
185000,update,actor_loss_max,25.097679138183594
185000,update,actor_loss_mean,15.271570163726807
185000,update,actor_loss_min,7.144373893737793
185000,update,actor_param_norm,80.98341369628906
185000,update,actor_param_norm_max,80.98341369628906
185000,update,actor_param_norm_mean,80.54956720428467
185000,update,actor_param_norm_min,80.10347747802734
185000,update,actor_update_norm,0.009625595062971115
185000,update,actor_update_norm_max,0.05719640105962753
185000,update,actor_update_norm_mean,0.014061722980439662
185000,update,actor_update_norm_min,0.006500410381704569
185000,update,actor_update_norm_ratio,0.00011885896875268203
185000,update,actor_update_norm_ratio_max,0.0007133180041537803
185000,update,actor_update_norm_ratio_mean,0.00017457338707374298
185000,update,actor_update_norm_ratio_min,8.077046276255834e-05
185000,update,alpha,0.003718981286510825
185000,update,alpha_loss,-0.00012124006752856076
185000,update,alpha_loss_max,0.002208440564572811
185000,update,alpha_loss_mean,-3.2647780354454884e-05
185000,update,alpha_loss_min,-0.0024410036858171225
185000,update,alpha_max,0.00462357560172677
185000,update,alpha_mean,0.0033248921639751645
185000,update,alpha_min,0.002456475980579853
185000,update,num_optimizer_updates,5000.0
185000,update,policy_entropy_estimate,-1.0326100587844849
185000,update,policy_entropy_estimate_max,-0.4475010633468628
185000,update,policy_entropy_estimate_mean,-1.0121648532748222
185000,update,policy_entropy_estimate_min,-1.675146222114563
185000,update,policy_log_prob_mean,1.0326100587844849
185000,update,policy_log_prob_mean_max,1.675146222114563
185000,update,policy_log_prob_mean_mean,1.0121648532748222
185000,update,policy_log_prob_mean_min,0.4475010633468628
185000,update,q1_loss,0.3355061411857605
185000,update,q1_loss_max,15.785897254943848
185000,update,q1_loss_mean,0.594401453819871
185000,update,q1_loss_min,0.04442938044667244
185000,update,q1_mean,-14.789894104003906
185000,update,q1_mean_max,-7.0471510887146
185000,update,q1_mean_mean,-15.3641659283638
185000,update,q1_mean_min,-25.35248565673828
185000,update,q2_loss,0.24895307421684265
185000,update,q2_loss_max,14.184870719909668
185000,update,q2_loss_mean,0.5180545729979873
185000,update,q2_loss_min,0.042159244418144226
185000,update,q2_mean,-14.660039901733398
185000,update,q2_mean_max,-7.056180000305176
185000,update,q2_mean_mean,-15.364040993690491
185000,update,q2_mean_min,-25.3324031829834
185000,update,q_grad_norm,49.6621208190918
185000,update,q_grad_norm_max,1561.08935546875
185000,update,q_grad_norm_mean,113.17066755599976
185000,update,q_grad_norm_min,17.12887191772461
185000,update,q_loss,0.5844591856002808
185000,update,q_loss_cleanrl_logged,0.2922295928001404
185000,update,q_loss_cleanrl_logged_max,14.117189407348633
185000,update,q_loss_cleanrl_logged_mean,0.55622801309973
185000,update,q_loss_cleanrl_logged_min,0.06256944686174393
185000,update,q_loss_max,28.234378814697266
185000,update,q_loss_mean,1.11245602619946
185000,update,q_loss_min,0.12513889372348785
185000,update,q_param_norm,441.67381286621094
185000,update,q_param_norm_max,441.67381286621094
185000,update,q_param_norm_mean,439.5631904541016
185000,update,q_param_norm_min,437.52911376953125
185000,update,q_update_norm,0.02718220464885235
185000,update,q_update_norm_max,0.09129002690315247
185000,update,q_update_norm_mean,0.034414048889651896
185000,update,q_update_norm_min,0.01579587161540985
185000,update,q_update_norm_ratio,8.703127054017268e-05
185000,update,q_update_norm_ratio_max,0.0002925469367384788
185000,update,q_update_norm_ratio_mean,0.00011072514027939894
185000,update,q_update_norm_ratio_min,5.057775322546098e-05
185000,update,target_q_mean,-14.647117614746094
185000,update,target_q_mean_max,-7.041007041931152
185000,update,target_q_mean_mean,-15.364354440784455
185000,update,target_q_mean_min,-25.281349182128906
185200,train_episode,collapse,0.0
185200,train_episode,length,200.0
185200,train_episode,return,-127.06083701614831
185200,train_episode,success,1.0
185400,train_episode,collapse,0.0
185400,train_episode,length,200.0
185400,train_episode,return,-120.84082641175628
185400,train_episode,success,1.0
185600,train_episode,collapse,0.0
185600,train_episode,length,200.0
185600,train_episode,return,-126.21754173337133
185600,train_episode,success,1.0
185800,train_episode,collapse,0.0
185800,train_episode,length,200.0
185800,train_episode,return,-222.6146027970614
185800,train_episode,success,0.0
186000,train_episode,collapse,0.0
186000,train_episode,length,200.0
186000,train_episode,return,-118.48843046319018
186000,train_episode,success,1.0
186200,train_episode,collapse,0.0
186200,train_episode,length,200.0
186200,train_episode,return,-119.01644895848615
186200,train_episode,success,1.0
186400,train_episode,collapse,0.0
186400,train_episode,length,200.0
186400,train_episode,return,-119.23485207839296
186400,train_episode,success,1.0
186600,train_episode,collapse,0.0
186600,train_episode,length,200.0
186600,train_episode,return,-116.25660387051332
186600,train_episode,success,1.0
186800,train_episode,collapse,0.0
186800,train_episode,length,200.0
186800,train_episode,return,-124.7827508973041
186800,train_episode,success,1.0
187000,train_episode,collapse,0.0
187000,train_episode,length,200.0
187000,train_episode,return,-124.70756742723418
187000,train_episode,success,1.0
187200,train_episode,collapse,0.0
187200,train_episode,length,200.0
187200,train_episode,return,-215.01954283476306
187200,train_episode,success,0.0
187400,train_episode,collapse,0.0
187400,train_episode,length,200.0
187400,train_episode,return,-118.7410167185344
187400,train_episode,success,1.0
187600,train_episode,collapse,0.0
187600,train_episode,length,200.0
187600,train_episode,return,-1.9343499528034631
187600,train_episode,success,1.0
187800,train_episode,collapse,0.0
187800,train_episode,length,200.0
187800,train_episode,return,-128.56881355907197
187800,train_episode,success,1.0
188000,train_episode,collapse,0.0
188000,train_episode,length,200.0
188000,train_episode,return,-309.9347037123577
188000,train_episode,success,0.0
188200,train_episode,collapse,0.0
188200,train_episode,length,200.0
188200,train_episode,return,-231.58211127616732
188200,train_episode,success,0.0
188400,train_episode,collapse,0.0
188400,train_episode,length,200.0
188400,train_episode,return,-2.3756477406762393
188400,train_episode,success,1.0
188600,train_episode,collapse,0.0
188600,train_episode,length,200.0
188600,train_episode,return,-119.12838853786388
188600,train_episode,success,1.0
188800,train_episode,collapse,0.0
188800,train_episode,length,200.0
188800,train_episode,return,-0.8391284693137132
188800,train_episode,success,1.0
189000,train_episode,collapse,0.0
189000,train_episode,length,200.0
189000,train_episode,return,-117.51387286676878
189000,train_episode,success,1.0
189200,train_episode,collapse,0.0
189200,train_episode,length,200.0
189200,train_episode,return,-121.52306830776979
189200,train_episode,success,1.0
189400,train_episode,collapse,0.0
189400,train_episode,length,200.0
189400,train_episode,return,-121.78843510879693
189400,train_episode,success,1.0
189600,train_episode,collapse,0.0
189600,train_episode,length,200.0
189600,train_episode,return,-117.26420895909202
189600,train_episode,success,1.0
189800,train_episode,collapse,0.0
189800,train_episode,length,200.0
189800,train_episode,return,-118.21147129337973
189800,train_episode,success,1.0
190000,train_episode,collapse,0.0
190000,train_episode,length,200.0
190000,train_episode,return,-117.486741879956
190000,train_episode,success,1.0
190000,update,actor_grad_norm,0.23157472908496857
190000,update,actor_grad_norm_max,11.295797348022461
190000,update,actor_grad_norm_mean,0.5638232986778021
190000,update,actor_grad_norm_min,0.06624051183462143
190000,update,actor_loss,16.340866088867188
190000,update,actor_loss_max,23.78335189819336
190000,update,actor_loss_mean,15.174743082809448
190000,update,actor_loss_min,8.050138473510742
190000,update,actor_param_norm,81.7083740234375
190000,update,actor_param_norm_max,81.71549224853516
190000,update,actor_param_norm_mean,81.35036091308594
190000,update,actor_param_norm_min,80.98341369628906
190000,update,actor_update_norm,0.011950111947953701
190000,update,actor_update_norm_max,0.04389499872922897
190000,update,actor_update_norm_mean,0.013619121252000332
190000,update,actor_update_norm_min,0.00630441028624773
190000,update,actor_update_norm_ratio,0.00014625316858045076
190000,update,actor_update_norm_ratio_max,0.0005404835031157576
190000,update,actor_update_norm_ratio_mean,0.00016740781571978537
190000,update,actor_update_norm_ratio_min,7.780954285646808e-05
190000,update,alpha,0.0027102441526949406
190000,update,alpha_loss,-0.0009581531048752367
190000,update,alpha_loss_max,0.0023437305353581905
190000,update,alpha_loss_mean,4.5808181631582556e-05
190000,update,alpha_loss_min,-0.002387639135122299
190000,update,alpha_max,0.0053541529923677444
190000,update,alpha_mean,0.003655958312517032
190000,update,alpha_min,0.0024048350751399994
190000,update,num_optimizer_updates,5000.0
190000,update,policy_entropy_estimate,-1.354079008102417
190000,update,policy_entropy_estimate_max,-0.4709150791168213
190000,update,policy_entropy_estimate_mean,-0.9868443989515304
190000,update,policy_entropy_estimate_min,-1.6033474206924438
190000,update,policy_log_prob_mean,1.354079008102417
190000,update,policy_log_prob_mean_max,1.6033474206924438
190000,update,policy_log_prob_mean_mean,0.9868443989515304
190000,update,policy_log_prob_mean_min,0.4709150791168213
190000,update,q1_loss,0.5535337924957275
190000,update,q1_loss_max,21.795822143554688
190000,update,q1_loss_mean,0.6602839359633624
190000,update,q1_loss_min,0.060627225786447525
190000,update,q1_mean,-16.188138961791992
190000,update,q1_mean_max,-7.339964866638184
190000,update,q1_mean_mean,-15.262761860466004
190000,update,q1_mean_min,-26.351821899414062
190000,update,q2_loss,0.15870191156864166
190000,update,q2_loss_max,17.366147994995117
190000,update,q2_loss_mean,0.5668210198692978
190000,update,q2_loss_min,0.04739215224981308
190000,update,q2_mean,-16.138946533203125
190000,update,q2_mean_max,-7.352943420410156
190000,update,q2_mean_mean,-15.262739055633546
190000,update,q2_mean_min,-26.347942352294922
190000,update,q_grad_norm,76.32440185546875
190000,update,q_grad_norm_max,1573.87255859375
190000,update,q_grad_norm_mean,117.71280237350464
190000,update,q_grad_norm_min,17.22444725036621
190000,update,q_loss,0.712235689163208
190000,update,q_loss_cleanrl_logged,0.356117844581604
190000,update,q_loss_cleanrl_logged_max,19.58098602294922
190000,update,q_loss_cleanrl_logged_mean,0.6135524787276984
190000,update,q_loss_cleanrl_logged_min,0.06565660238265991
190000,update,q_loss_max,39.16197204589844
190000,update,q_loss_mean,1.2271049574553967
190000,update,q_loss_min,0.13131320476531982
190000,update,q_param_norm,445.50071716308594
190000,update,q_param_norm_max,445.50071716308594
190000,update,q_param_norm_mean,443.5404125061035
190000,update,q_param_norm_min,441.67079162597656
190000,update,q_update_norm,0.031326476484537125
190000,update,q_update_norm_max,0.09918723255395889
190000,update,q_update_norm_mean,0.035485945739224554
190000,update,q_update_norm_min,0.01610649935901165
190000,update,q_update_norm_ratio,9.94400854884594e-05
190000,update,q_update_norm_ratio_max,0.00031571990890716845
190000,update,q_update_norm_ratio_mean,0.00011314525734415158
190000,update,q_update_norm_ratio_min,5.137392300479573e-05
190000,update,target_q_mean,-16.283458709716797
190000,update,target_q_mean_max,-7.318942546844482
190000,update,target_q_mean_mean,-15.263104947185516
190000,update,target_q_mean_min,-26.39832878112793
190200,train_episode,collapse,0.0
190200,train_episode,length,200.0
190200,train_episode,return,-116.54118468017349
190200,train_episode,success,1.0
190400,train_episode,collapse,0.0
190400,train_episode,length,200.0
190400,train_episode,return,-115.59607357542139
190400,train_episode,success,1.0
190600,train_episode,collapse,0.0
190600,train_episode,length,200.0
190600,train_episode,return,-121.86207266786084
190600,train_episode,success,1.0
190800,train_episode,collapse,0.0
190800,train_episode,length,200.0
190800,train_episode,return,-115.41868114857441
190800,train_episode,success,1.0
191000,train_episode,collapse,0.0
191000,train_episode,length,200.0
191000,train_episode,return,-236.9683095578304
191000,train_episode,success,0.0
191200,train_episode,collapse,0.0
191200,train_episode,length,200.0
191200,train_episode,return,-227.37957525974514
191200,train_episode,success,0.0
191400,train_episode,collapse,0.0
191400,train_episode,length,200.0
191400,train_episode,return,-119.51086773695742
191400,train_episode,success,1.0
191600,train_episode,collapse,0.0
191600,train_episode,length,200.0
191600,train_episode,return,-126.85943293940733
191600,train_episode,success,1.0
191800,train_episode,collapse,0.0
191800,train_episode,length,200.0
191800,train_episode,return,-118.35647602963219
191800,train_episode,success,1.0
192000,train_episode,collapse,0.0
192000,train_episode,length,200.0
192000,train_episode,return,-229.16823861608628
192000,train_episode,success,0.0
192200,train_episode,collapse,0.0
192200,train_episode,length,200.0
192200,train_episode,return,-271.2044075666582
192200,train_episode,success,0.0
192400,train_episode,collapse,0.0
192400,train_episode,length,200.0
192400,train_episode,return,-122.45462636356085
192400,train_episode,success,1.0
192600,train_episode,collapse,0.0
192600,train_episode,length,200.0
192600,train_episode,return,-1.8643953693513342
192600,train_episode,success,1.0
192800,train_episode,collapse,0.0
192800,train_episode,length,200.0
192800,train_episode,return,-115.36694212366343
192800,train_episode,success,1.0
193000,train_episode,collapse,0.0
193000,train_episode,length,200.0
193000,train_episode,return,-113.39604703177346
193000,train_episode,success,1.0
193200,train_episode,collapse,0.0
193200,train_episode,length,200.0
193200,train_episode,return,-227.19560248676123
193200,train_episode,success,0.0
193400,train_episode,collapse,0.0
193400,train_episode,length,200.0
193400,train_episode,return,-117.35985773059656
193400,train_episode,success,1.0
193600,train_episode,collapse,0.0
193600,train_episode,length,200.0
193600,train_episode,return,-125.01170328145348
193600,train_episode,success,1.0
193800,train_episode,collapse,0.0
193800,train_episode,length,200.0
193800,train_episode,return,-118.60119971149113
193800,train_episode,success,1.0
194000,train_episode,collapse,0.0
194000,train_episode,length,200.0
194000,train_episode,return,-123.29307725633224
194000,train_episode,success,1.0
194200,train_episode,collapse,0.0
194200,train_episode,length,200.0
194200,train_episode,return,-0.7368289813432799
194200,train_episode,success,1.0
194400,train_episode,collapse,0.0
194400,train_episode,length,200.0
194400,train_episode,return,-117.21508520768904
194400,train_episode,success,1.0
194600,train_episode,collapse,0.0
194600,train_episode,length,200.0
194600,train_episode,return,-128.01932704706812
194600,train_episode,success,1.0
194800,train_episode,collapse,0.0
194800,train_episode,length,200.0
194800,train_episode,return,-233.75790466270192
194800,train_episode,success,0.0
195000,train_episode,collapse,0.0
195000,train_episode,length,200.0
195000,train_episode,return,-118.6145574303523
195000,train_episode,success,1.0
195000,update,actor_grad_norm,0.5609192252159119
195000,update,actor_grad_norm_max,25.18873405456543
195000,update,actor_grad_norm_mean,0.5587110658347607
195000,update,actor_grad_norm_min,0.0728655681014061
195000,update,actor_loss,13.202837944030762
195000,update,actor_loss_max,25.461734771728516
195000,update,actor_loss_mean,15.069068105888366
195000,update,actor_loss_min,7.182986259460449
195000,update,actor_param_norm,82.51396942138672
195000,update,actor_param_norm_max,82.51396942138672
195000,update,actor_param_norm_mean,82.13367041778564
195000,update,actor_param_norm_min,81.70511627197266
195000,update,actor_update_norm,0.014497997239232063
195000,update,actor_update_norm_max,0.050202902406454086
195000,update,actor_update_norm_mean,0.013425835810787975
195000,update,actor_update_norm_min,0.0043946970254182816
195000,update,actor_update_norm_ratio,0.0001757043121936841
195000,update,actor_update_norm_ratio_max,0.000613120085444676
195000,update,actor_update_norm_ratio_mean,0.00016348507583262918
195000,update,actor_update_norm_ratio_min,5.3645380763587576e-05
195000,update,alpha,0.0035270059015601873
195000,update,alpha_loss,-7.620043470524251e-05
195000,update,alpha_loss_max,0.0020165382884442806
195000,update,alpha_loss_mean,-2.832411926428904e-05
195000,update,alpha_loss_min,-0.002198615577071905
195000,update,alpha_max,0.004567195661365986
195000,update,alpha_mean,0.0035585998652037233
195000,update,alpha_min,0.0026129146572202444
195000,update,num_optimizer_updates,5000.0
195000,update,policy_entropy_estimate,-1.021607518196106
195000,update,policy_entropy_estimate_max,-0.45092877745628357
195000,update,policy_entropy_estimate_mean,-1.0095571428894996
195000,update,policy_entropy_estimate_min,-1.6620681285858154
195000,update,policy_log_prob_mean,1.021607518196106
195000,update,policy_log_prob_mean_max,1.6620681285858154
195000,update,policy_log_prob_mean_mean,1.0095571428894996
195000,update,policy_log_prob_mean_min,0.45092877745628357
195000,update,q1_loss,0.45297402143478394
195000,update,q1_loss_max,23.873823165893555
195000,update,q1_loss_mean,0.6371679774448276
195000,update,q1_loss_min,0.048546358942985535
195000,update,q1_mean,-13.696566581726074
195000,update,q1_mean_max,-6.954264163970947
195000,update,q1_mean_mean,-15.128905558013916
195000,update,q1_mean_min,-25.624956130981445
195000,update,q2_loss,0.5153394937515259
195000,update,q2_loss_max,28.725509643554688
195000,update,q2_loss_mean,0.5376587487332523
195000,update,q2_loss_min,0.03091895580291748
195000,update,q2_mean,-13.862320899963379
195000,update,q2_mean_max,-6.873891353607178
195000,update,q2_mean_mean,-15.128903587627411
195000,update,q2_mean_min,-25.80325698852539
195000,update,q_grad_norm,133.0836944580078
195000,update,q_grad_norm_max,1806.1195068359375
195000,update,q_grad_norm_mean,114.49586793003083
195000,update,q_grad_norm_min,15.812735557556152
195000,update,q_loss,0.9683135151863098
195000,update,q_loss_cleanrl_logged,0.4841567575931549
195000,update,q_loss_cleanrl_logged_max,22.610336303710938
195000,update,q_loss_cleanrl_logged_mean,0.5874133625596761
195000,update,q_loss_cleanrl_logged_min,0.07550032436847687
195000,update,q_loss_max,45.220672607421875
195000,update,q_loss_mean,1.1748267251193523
195000,update,q_loss_min,0.15100064873695374
195000,update,q_param_norm,449.4124755859375
195000,update,q_param_norm_max,449.444091796875
195000,update,q_param_norm_mean,447.4794978668213
195000,update,q_param_norm_min,445.5020751953125
195000,update,q_update_norm,0.05145123973488808
195000,update,q_update_norm_max,0.11951488256454468
195000,update,q_update_norm_mean,0.03452016626894474
195000,update,q_update_norm_min,0.01621784269809723
195000,update,q_update_norm_ratio,0.0001619032331717438
195000,update,q_update_norm_ratio_max,0.00037739120854047415
195000,update,q_update_norm_ratio_mean,0.00010909279813305741
195000,update,q_update_norm_ratio_min,5.123050471807793e-05
195000,update,target_q_mean,-13.374706268310547
195000,update,target_q_mean_max,-7.160640239715576
195000,update,target_q_mean_mean,-15.129133666229247
195000,update,target_q_mean_min,-25.50168228149414
195200,train_episode,collapse,0.0
195200,train_episode,length,200.0
195200,train_episode,return,-117.84540767191032
195200,train_episode,success,1.0
195400,train_episode,collapse,0.0
195400,train_episode,length,200.0
195400,train_episode,return,-223.89246107295332
195400,train_episode,success,0.0
195600,train_episode,collapse,0.0
195600,train_episode,length,200.0
195600,train_episode,return,-2.711761766231963
195600,train_episode,success,1.0
195800,train_episode,collapse,0.0
195800,train_episode,length,200.0
195800,train_episode,return,-117.82931819624979
195800,train_episode,success,1.0
196000,train_episode,collapse,0.0
196000,train_episode,length,200.0
196000,train_episode,return,-114.6824267513276
196000,train_episode,success,1.0
196200,train_episode,collapse,0.0
196200,train_episode,length,200.0
196200,train_episode,return,-123.17294631809088
196200,train_episode,success,1.0
196400,train_episode,collapse,0.0
196400,train_episode,length,200.0
196400,train_episode,return,-219.29177098482162
196400,train_episode,success,0.0
196600,train_episode,collapse,0.0
196600,train_episode,length,200.0
196600,train_episode,return,-230.35897368606868
196600,train_episode,success,0.0
196800,train_episode,collapse,0.0
196800,train_episode,length,200.0
196800,train_episode,return,-308.7673191351331
196800,train_episode,success,0.0
197000,train_episode,collapse,0.0
197000,train_episode,length,200.0
197000,train_episode,return,-119.29672216838149
197000,train_episode,success,1.0
197200,train_episode,collapse,0.0
197200,train_episode,length,200.0
197200,train_episode,return,-224.02199437838968
197200,train_episode,success,0.0
197400,train_episode,collapse,0.0
197400,train_episode,length,200.0
197400,train_episode,return,-124.5648645645435
197400,train_episode,success,1.0
197600,train_episode,collapse,0.0
197600,train_episode,length,200.0
197600,train_episode,return,-121.09620526831081
197600,train_episode,success,1.0
197800,train_episode,collapse,0.0
197800,train_episode,length,200.0
197800,train_episode,return,-122.19115874371063
197800,train_episode,success,1.0
198000,train_episode,collapse,0.0
198000,train_episode,length,200.0
198000,train_episode,return,-117.11975532978155
198000,train_episode,success,1.0
198200,train_episode,collapse,0.0
198200,train_episode,length,200.0
198200,train_episode,return,-1.3703267803584147
198200,train_episode,success,1.0
198400,train_episode,collapse,0.0
198400,train_episode,length,200.0
198400,train_episode,return,-7.495017111665949
198400,train_episode,success,1.0
198600,train_episode,collapse,0.0
198600,train_episode,length,200.0
198600,train_episode,return,-3.1435682031702905
198600,train_episode,success,1.0
198800,train_episode,collapse,0.0
198800,train_episode,length,200.0
198800,train_episode,return,-119.63066324294499
198800,train_episode,success,1.0
199000,train_episode,collapse,0.0
199000,train_episode,length,200.0
199000,train_episode,return,-225.21164803474204
199000,train_episode,success,0.0
199200,train_episode,collapse,0.0
199200,train_episode,length,200.0
199200,train_episode,return,-247.14981407499138
199200,train_episode,success,0.0
199400,train_episode,collapse,0.0
199400,train_episode,length,200.0
199400,train_episode,return,-118.26711695966878
199400,train_episode,success,1.0
199600,train_episode,collapse,0.0
199600,train_episode,length,200.0
199600,train_episode,return,-124.14933794614826
199600,train_episode,success,1.0
199800,train_episode,collapse,0.0
199800,train_episode,length,200.0
199800,train_episode,return,-236.47781057540584
199800,train_episode,success,0.0
200000,train_episode,collapse,0.0
200000,train_episode,length,200.0
200000,train_episode,return,-220.99277796255333
200000,train_episode,success,0.0
200000,update,actor_grad_norm,1.0604346990585327
200000,update,actor_grad_norm_max,105.54851531982422
200000,update,actor_grad_norm_mean,0.8099554580062628
200000,update,actor_grad_norm_min,0.0843435525894165
200000,update,actor_loss,19.306425094604492
200000,update,actor_loss_max,24.603918075561523
200000,update,actor_loss_mean,14.87896474647522
200000,update,actor_loss_min,6.6105852127075195
200000,update,actor_param_norm,83.13837432861328
200000,update,actor_param_norm_max,83.13837432861328
200000,update,actor_param_norm_mean,82.84722156066894
200000,update,actor_param_norm_min,82.51396942138672
200000,update,actor_update_norm,0.0123215951025486
200000,update,actor_update_norm_max,0.06813075393438339
200000,update,actor_update_norm_mean,0.013956009616702795
200000,update,actor_update_norm_min,0.004651295952498913
200000,update,actor_update_norm_ratio,0.00014820612846702525
200000,update,actor_update_norm_ratio_max,0.0008243032637657426
200000,update,actor_update_norm_ratio_mean,0.00016846403847726156
200000,update,actor_update_norm_ratio_min,5.5976704823631575e-05
200000,update,alpha,0.005917135626077652
200000,update,alpha_loss,0.0010396444704383612
200000,update,alpha_loss_max,0.021333301439881325
200000,update,alpha_loss_mean,0.00043928069568137287
200000,update,alpha_loss_min,-0.019939670339226723
200000,update,alpha_max,0.02015075832605362
200000,update,alpha_mean,0.00799190232544206
200000,update,alpha_min,0.002944495063275099
200000,update,num_optimizer_updates,5000.0
200000,update,policy_entropy_estimate,-0.8243343830108643
200000,update,policy_entropy_estimate_max,0.40033993124961853
200000,update,policy_entropy_estimate_mean,-0.975929762070626
200000,update,policy_entropy_estimate_min,-3.646454334259033
200000,update,policy_log_prob_mean,0.8243343830108643
200000,update,policy_log_prob_mean_max,3.646454334259033
200000,update,policy_log_prob_mean_mean,0.975929762070626
200000,update,policy_log_prob_mean_min,-0.40033993124961853
200000,update,q1_loss,0.95401930809021
200000,update,q1_loss_max,42.39542770385742
200000,update,q1_loss_mean,0.7193993234954774
200000,update,q1_loss_min,0.05339347943663597
200000,update,q1_mean,-19.26668357849121
200000,update,q1_mean_max,-6.245997905731201
200000,update,q1_mean_mean,-14.931707663345337
200000,update,q1_mean_min,-24.926795959472656
200000,update,q2_loss,0.45564842224121094
200000,update,q2_loss_max,51.22248840332031
200000,update,q2_loss_mean,0.6250344039306045
200000,update,q2_loss_min,0.03984912857413292
200000,update,q2_mean,-19.2935733795166
200000,update,q2_mean_max,-6.4363112449646
200000,update,q2_mean_mean,-14.931656361865997
200000,update,q2_mean_min,-24.76936149597168
200000,update,q_grad_norm,103.09202575683594
200000,update,q_grad_norm_max,1981.6417236328125
200000,update,q_grad_norm_mean,117.81691541938781
200000,update,q_grad_norm_min,15.772256851196289
200000,update,q_loss,1.409667730331421
200000,update,q_loss_cleanrl_logged,0.7048338651657104
200000,update,q_loss_cleanrl_logged_max,46.25084686279297
200000,update,q_loss_cleanrl_logged_mean,0.672216863027215
200000,update,q_loss_cleanrl_logged_min,0.06453856825828552
200000,update,q_loss_max,92.50169372558594
200000,update,q_loss_mean,1.34443372605443
200000,update,q_loss_min,0.12907713651657104
200000,update,q_param_norm,452.8721008300781
200000,update,q_param_norm_max,452.8724822998047
200000,update,q_param_norm_mean,451.1667078338623
200000,update,q_param_norm_min,449.4158477783203
200000,update,q_update_norm,0.03191692754626274
200000,update,q_update_norm_max,0.13465015590190887
200000,update,q_update_norm_mean,0.03435191332735121
200000,update,q_update_norm_min,0.01367455255240202
200000,update,q_update_norm_ratio,9.96671625469697e-05
200000,update,q_update_norm_ratio_max,0.00042279645721161294
200000,update,q_update_norm_ratio_mean,0.00010768306170647457
200000,update,q_update_norm_ratio_min,4.2776398661084936e-05
200000,update,target_q_mean,-19.32647132873535
200000,update,target_q_mean_max,-6.415104389190674
200000,update,target_q_mean_mean,-14.93217799463272
200000,update,target_q_mean_min,-24.948457717895508
200000,replay,action_abs_max,2.0
200000,replay,action_abs_mean,0.5547638535499573
200000,replay,action_saturation_fraction,0.072755
200000,replay,capacity,500000.0
200000,replay,done_fraction,0.0
200000,replay,fill_fraction,0.4
200000,replay,near_upright_any_transition_fraction,0.82847
200000,replay,near_upright_next_obs_fraction,0.828385
200000,replay,near_upright_obs_fraction,0.824025
200000,replay,reward_max,-4.2872531480497855e-07
200000,replay,reward_mean,-0.9052689671516418
200000,replay,reward_min,-16.252336502075195
200000,replay,reward_std,2.5585577487945557
200000,replay,sample_count_max,1061.0
200000,replay,sample_count_mean,249.6
200000,replay,size,200000.0
200000,replay,transition_age_max,199999.0
200000,replay,transition_age_mean,99999.5
200000,diagnostics,actor_layer0_activation_abs_max,3.2272911071777344
200000,diagnostics,actor_layer0_activation_abs_mean,0.08307192474603653
200000,diagnostics,actor_layer0_dormant_fraction,0.12890625
200000,diagnostics,actor_layer0_effective_rank_fraction,0.05034448951482773
200000,diagnostics,actor_layer1_activation_abs_max,8.689066886901855
200000,diagnostics,actor_layer1_activation_abs_mean,0.025516953319311142
200000,diagnostics,actor_layer1_dormant_fraction,0.5546875
200000,diagnostics,actor_layer1_effective_rank_fraction,0.09662289172410965
200000,diagnostics,actor_param_norm,83.13837432861328
200000,diagnostics,alpha,0.005917135626077652
200000,diagnostics,q1_layer0_activation_abs_max,5.187549114227295
200000,diagnostics,q1_layer0_activation_abs_mean,0.3028613328933716
200000,diagnostics,q1_layer0_dormant_fraction,0.14453125
200000,diagnostics,q1_layer0_effective_rank_fraction,0.04701130837202072
200000,diagnostics,q1_layer1_activation_abs_max,27.84190559387207
200000,diagnostics,q1_layer1_activation_abs_mean,2.4575250148773193
200000,diagnostics,q1_layer1_dormant_fraction,0.63671875
200000,diagnostics,q1_layer1_effective_rank_fraction,0.05079594627022743
200000,diagnostics,q1_param_norm,225.046142578125
200000,diagnostics,q2_layer0_activation_abs_max,4.1764631271362305
200000,diagnostics,q2_layer0_activation_abs_mean,0.3008635342121124
200000,diagnostics,q2_layer0_dormant_fraction,0.1640625
200000,diagnostics,q2_layer0_effective_rank_fraction,0.04651236906647682
200000,diagnostics,q2_layer1_activation_abs_max,32.882896423339844
200000,diagnostics,q2_layer1_activation_abs_mean,2.515651226043701
200000,diagnostics,q2_layer1_dormant_fraction,0.68359375
200000,diagnostics,q2_layer1_effective_rank_fraction,0.04858746379613876
200000,diagnostics,q2_param_norm,227.82595825195312
200000,eval,best_return,-0.5962992779928357
200000,eval,collapse_rate,0.0
200000,eval,failure_rate,0.44999999999999996
200000,eval,fraction_return_ge_-100,0.15
200000,eval,fraction_return_ge_-150,0.55
200000,eval,fraction_return_ge_-200,0.55
200000,eval,fraction_return_ge_-250,0.85
200000,eval,max_not_near_upright_streak,72.0
200000,eval,mean_episode_length,200.0
200000,eval,mean_min_step_reward,-11.61068196149813
200000,eval,mean_return,-158.05192355727797
200000,eval,median_return,-126.7111427449147
200000,eval,near_upright_fraction,0.83775
200000,eval,num_collapses,0.0
200000,eval,num_eval_episodes,20.0
200000,eval,num_strict_successes,11.0
200000,eval,num_successes,11.0
200000,eval,return_failure_rate,0.44999999999999996
200000,eval,return_p05,-257.05455774905226
200000,eval,return_p10,-251.84076385878848
200000,eval,return_p25,-239.69652586219078
200000,eval,return_p75,-119.48680248065705
200000,eval,return_p90,-0.6841245874210874
200000,eval,return_p95,-0.6405907039372368
200000,eval,return_reliability_nines_empirical,0.3467874862246564
200000,eval,return_reliability_nines_wilson95_low,0.18183043793474354
200000,eval,return_success_rate,0.55
200000,eval,stability_success_rate,0.65
200000,eval,std_return,87.0920376721623
200000,eval,streak_success_rate,0.95
200000,eval,strict_failure_rate,0.44999999999999996
200000,eval,strict_reliability_nines_empirical,0.3467874862246564
200000,eval,strict_reliability_nines_wilson95_low,0.18183043793474354
200000,eval,strict_success_rate,0.55
200000,eval,strict_success_rate_wilson95_high,0.7418021417443758
200000,eval,strict_success_rate_wilson95_low,0.3420853424503424
200000,eval,success_rate,0.55
200000,eval,success_rate_wilson95_high,0.7418021417443758
200000,eval,success_rate_wilson95_low,0.3420853424503424
200000,eval,worst_episode_near_upright_fraction,0.64
200000,eval,worst_min_step_reward,-15.99030435781211
200000,eval,worst_return,-279.49654043336255
200200,train_episode,collapse,0.0
200200,train_episode,length,200.0
200200,train_episode,return,-275.3729203699621
200200,train_episode,success,0.0
200400,train_episode,collapse,0.0
200400,train_episode,length,200.0
200400,train_episode,return,-230.5198501774871
200400,train_episode,success,0.0
200600,train_episode,collapse,0.0
200600,train_episode,length,200.0
200600,train_episode,return,-228.6344358928215
200600,train_episode,success,0.0
200800,train_episode,collapse,0.0
200800,train_episode,length,200.0
200800,train_episode,return,-226.1067536174475
200800,train_episode,success,0.0
201000,train_episode,collapse,0.0
201000,train_episode,length,200.0
201000,train_episode,return,-125.03325769941296
201000,train_episode,success,1.0
201200,train_episode,collapse,0.0
201200,train_episode,length,200.0
201200,train_episode,return,-123.05000180387601
201200,train_episode,success,1.0
201400,train_episode,collapse,0.0
201400,train_episode,length,200.0
201400,train_episode,return,-1.1641354659975365
201400,train_episode,success,1.0
201600,train_episode,collapse,0.0
201600,train_episode,length,200.0
201600,train_episode,return,-121.54921617896427
201600,train_episode,success,1.0
201800,train_episode,collapse,0.0
201800,train_episode,length,200.0
201800,train_episode,return,-218.11472708050772
201800,train_episode,success,0.0
202000,train_episode,collapse,0.0
202000,train_episode,length,200.0
202000,train_episode,return,-227.56584967977062
202000,train_episode,success,0.0
202200,train_episode,collapse,0.0
202200,train_episode,length,200.0
202200,train_episode,return,-3.8063653627078624
202200,train_episode,success,1.0
202400,train_episode,collapse,0.0
202400,train_episode,length,200.0
202400,train_episode,return,-234.58472827587738
202400,train_episode,success,0.0
202600,train_episode,collapse,0.0
202600,train_episode,length,200.0
202600,train_episode,return,-227.68698324509893
202600,train_episode,success,0.0
202800,train_episode,collapse,0.0
202800,train_episode,length,200.0
202800,train_episode,return,-117.66830780879494
202800,train_episode,success,1.0
203000,train_episode,collapse,0.0
203000,train_episode,length,200.0
203000,train_episode,return,-119.81853541128967
203000,train_episode,success,1.0
203200,train_episode,collapse,0.0
203200,train_episode,length,200.0
203200,train_episode,return,-2.1692246840901928
203200,train_episode,success,1.0
203400,train_episode,collapse,0.0
203400,train_episode,length,200.0
203400,train_episode,return,-219.25469326500436
203400,train_episode,success,0.0
203600,train_episode,collapse,0.0
203600,train_episode,length,200.0
203600,train_episode,return,-227.56504028511682
203600,train_episode,success,0.0
203800,train_episode,collapse,0.0
203800,train_episode,length,200.0
203800,train_episode,return,-118.65579756896496
203800,train_episode,success,1.0
204000,train_episode,collapse,0.0
204000,train_episode,length,200.0
204000,train_episode,return,-121.773714265041
204000,train_episode,success,1.0
204200,train_episode,collapse,0.0
204200,train_episode,length,200.0
204200,train_episode,return,-117.08806456881086
204200,train_episode,success,1.0
204400,train_episode,collapse,0.0
204400,train_episode,length,200.0
204400,train_episode,return,-121.53541320055305
204400,train_episode,success,1.0
204600,train_episode,collapse,0.0
204600,train_episode,length,200.0
204600,train_episode,return,-126.50861729575486
204600,train_episode,success,1.0
204800,train_episode,collapse,0.0
204800,train_episode,length,200.0
204800,train_episode,return,-117.17030825424115
204800,train_episode,success,1.0
205000,train_episode,collapse,0.0
205000,train_episode,length,200.0
205000,train_episode,return,-119.33290480057592
205000,train_episode,success,1.0
205000,update,actor_grad_norm,1.0922964811325073
205000,update,actor_grad_norm_max,55.047367095947266
205000,update,actor_grad_norm_mean,0.8771722584038972
205000,update,actor_grad_norm_min,0.08080151677131653
205000,update,actor_loss,12.293595314025879
205000,update,actor_loss_max,26.65203094482422
205000,update,actor_loss_mean,14.556387374305725
205000,update,actor_loss_min,6.943439483642578
205000,update,actor_param_norm,83.810302734375
205000,update,actor_param_norm_max,83.810302734375
205000,update,actor_param_norm_mean,83.43753425445557
205000,update,actor_param_norm_min,83.13818359375
205000,update,actor_update_norm,0.012132665142416954
205000,update,actor_update_norm_max,0.05039764195680618
205000,update,actor_update_norm_mean,0.012679120831377804
205000,update,actor_update_norm_min,0.005525058135390282
205000,update,actor_update_norm_ratio,0.0001447637385628078
205000,update,actor_update_norm_ratio_max,0.000603232161780699
205000,update,actor_update_norm_ratio_mean,0.00015195417077375973
205000,update,actor_update_norm_ratio_min,6.632297395071188e-05
205000,update,alpha,0.0025151073932647705
205000,update,alpha_loss,0.00019670894835144281
205000,update,alpha_loss_max,0.0038092797622084618
205000,update,alpha_loss_mean,0.0005376300185700529
205000,update,alpha_loss_min,-0.0018008449114859104
205000,update,alpha_max,0.005917135626077652
205000,update,alpha_mean,0.003556121244095266
205000,update,alpha_min,0.002495190827175975
205000,update,num_optimizer_updates,5000.0
205000,update,policy_entropy_estimate,-0.9217942357063293
205000,update,policy_entropy_estimate_max,-0.29122188687324524
205000,update,policy_entropy_estimate_mean,-0.8727840958714486
205000,update,policy_entropy_estimate_min,-1.5693637132644653
205000,update,policy_log_prob_mean,0.9217942357063293
205000,update,policy_log_prob_mean_max,1.5693637132644653
205000,update,policy_log_prob_mean_mean,0.8727840958714486
205000,update,policy_log_prob_mean_min,0.29122188687324524
205000,update,q1_loss,0.364982008934021
205000,update,q1_loss_max,19.95332145690918
205000,update,q1_loss_mean,0.6027266684278846
205000,update,q1_loss_min,0.047833796590566635
205000,update,q1_mean,-12.44045352935791
205000,update,q1_mean_max,-6.443975925445557
205000,update,q1_mean_mean,-14.64898890657425
205000,update,q1_mean_min,-26.959125518798828
205000,update,q2_loss,0.5081886053085327
205000,update,q2_loss_max,18.185895919799805
205000,update,q2_loss_mean,0.5268923395268619
205000,update,q2_loss_min,0.04923074692487717
205000,update,q2_mean,-12.405877113342285
205000,update,q2_mean_max,-6.603930473327637
205000,update,q2_mean_mean,-14.648971467781067
205000,update,q2_mean_min,-26.975393295288086
205000,update,q_grad_norm,115.53733825683594
205000,update,q_grad_norm_max,1481.422119140625
205000,update,q_grad_norm_mean,112.52093000984192
205000,update,q_grad_norm_min,16.0164794921875
205000,update,q_loss,0.8731706142425537
205000,update,q_loss_cleanrl_logged,0.43658530712127686
205000,update,q_loss_cleanrl_logged_max,17.19176483154297
205000,update,q_loss_cleanrl_logged_mean,0.5648095036752522
205000,update,q_loss_cleanrl_logged_min,0.058054644614458084
205000,update,q_loss_max,34.38352966308594
205000,update,q_loss_mean,1.1296190073505044
205000,update,q_loss_min,0.11610928922891617
205000,update,q_param_norm,456.4547119140625
205000,update,q_param_norm_max,456.4547119140625
205000,update,q_param_norm_mean,454.60663206481934
205000,update,q_param_norm_min,452.86940002441406
205000,update,q_update_norm,0.03109389916062355
205000,update,q_update_norm_max,0.10466266423463821
205000,update,q_update_norm_mean,0.03434669778570533
205000,update,q_update_norm_min,0.016379794105887413
205000,update,q_update_norm_ratio,9.633556244675653e-05
205000,update,q_update_norm_ratio_max,0.00032476738987808246
205000,update,q_update_norm_ratio_mean,0.00010684401524653966
205000,update,q_update_norm_ratio_min,5.110226251497115e-05
205000,update,target_q_mean,-12.286231994628906
205000,update,target_q_mean_max,-6.682337760925293
205000,update,target_q_mean_mean,-14.649173693180085
205000,update,target_q_mean_min,-26.70637321472168
205200,train_episode,collapse,0.0
205200,train_episode,length,200.0
205200,train_episode,return,-234.0106293891628
205200,train_episode,success,0.0
205400,train_episode,collapse,0.0
205400,train_episode,length,200.0
205400,train_episode,return,-223.21295460313138
205400,train_episode,success,0.0
205600,train_episode,collapse,0.0
205600,train_episode,length,200.0
205600,train_episode,return,-0.6365390613380855
205600,train_episode,success,1.0
205800,train_episode,collapse,0.0
205800,train_episode,length,200.0
205800,train_episode,return,-239.01065084836418
205800,train_episode,success,0.0
206000,train_episode,collapse,0.0
206000,train_episode,length,200.0
206000,train_episode,return,-125.19902440174988
206000,train_episode,success,1.0
206200,train_episode,collapse,0.0
206200,train_episode,length,200.0
206200,train_episode,return,-119.99920775363184
206200,train_episode,success,1.0
206400,train_episode,collapse,0.0
206400,train_episode,length,200.0
206400,train_episode,return,-121.47902363365866
206400,train_episode,success,1.0
206600,train_episode,collapse,0.0
206600,train_episode,length,200.0
206600,train_episode,return,-3.7052965418966357
206600,train_episode,success,1.0
206800,train_episode,collapse,0.0
206800,train_episode,length,200.0
206800,train_episode,return,-121.0511628519431
206800,train_episode,success,1.0
207000,train_episode,collapse,0.0
207000,train_episode,length,200.0
207000,train_episode,return,-116.7429334435888
207000,train_episode,success,1.0
207200,train_episode,collapse,0.0
207200,train_episode,length,200.0
207200,train_episode,return,-116.96210757140814
207200,train_episode,success,1.0
207400,train_episode,collapse,0.0
207400,train_episode,length,200.0
207400,train_episode,return,-126.71749690294192
207400,train_episode,success,1.0
207600,train_episode,collapse,0.0
207600,train_episode,length,200.0
207600,train_episode,return,-222.83319840305924
207600,train_episode,success,0.0
207800,train_episode,collapse,0.0
207800,train_episode,length,200.0
207800,train_episode,return,-221.34516994013202
207800,train_episode,success,0.0
208000,train_episode,collapse,0.0
208000,train_episode,length,200.0
208000,train_episode,return,-119.30229538135588
208000,train_episode,success,1.0
208200,train_episode,collapse,0.0
208200,train_episode,length,200.0
208200,train_episode,return,-122.14757550404906
208200,train_episode,success,1.0
208400,train_episode,collapse,0.0
208400,train_episode,length,200.0
208400,train_episode,return,-278.79520925595983
208400,train_episode,success,0.0
208600,train_episode,collapse,0.0
208600,train_episode,length,200.0
208600,train_episode,return,-318.21173884736237
208600,train_episode,success,0.0
208800,train_episode,collapse,0.0
208800,train_episode,length,200.0
208800,train_episode,return,-127.40870207323108
208800,train_episode,success,1.0
209000,train_episode,collapse,0.0
209000,train_episode,length,200.0
209000,train_episode,return,-225.62295662101099
209000,train_episode,success,0.0
209200,train_episode,collapse,0.0
209200,train_episode,length,200.0
209200,train_episode,return,-2.680153842249891
209200,train_episode,success,1.0
209400,train_episode,collapse,0.0
209400,train_episode,length,200.0
209400,train_episode,return,-242.27790887843096
209400,train_episode,success,0.0
209600,train_episode,collapse,0.0
209600,train_episode,length,200.0
209600,train_episode,return,-216.82573018965203
209600,train_episode,success,0.0
209800,train_episode,collapse,0.0
209800,train_episode,length,200.0
209800,train_episode,return,-123.3984008213611
209800,train_episode,success,1.0
210000,train_episode,collapse,0.0
210000,train_episode,length,200.0
210000,train_episode,return,-121.19562264744695
210000,train_episode,success,1.0
210000,update,actor_grad_norm,0.5553382039070129
210000,update,actor_grad_norm_max,12.484295845031738
210000,update,actor_grad_norm_mean,0.5591184661120177
210000,update,actor_grad_norm_min,0.06994591653347015
210000,update,actor_loss,19.060457229614258
210000,update,actor_loss_max,24.71063995361328
210000,update,actor_loss_mean,14.564077064704895
210000,update,actor_loss_min,7.476733684539795
210000,update,actor_param_norm,84.56245422363281
210000,update,actor_param_norm_max,84.56245422363281
210000,update,actor_param_norm_mean,84.16182502746582
210000,update,actor_param_norm_min,83.810302734375
210000,update,actor_update_norm,0.010066202841699123
210000,update,actor_update_norm_max,0.04607841372489929
210000,update,actor_update_norm_mean,0.013642279078438879
210000,update,actor_update_norm_min,0.005354808643460274
210000,update,actor_update_norm_ratio,0.00011903881859437982
210000,update,actor_update_norm_ratio_max,0.0005494673211003048
210000,update,actor_update_norm_ratio_mean,0.00016208817690591723
210000,update,actor_update_norm_ratio_min,6.361930511825896e-05
210000,update,alpha,0.0031004827469587326
210000,update,alpha_loss,-0.0003478501457720995
210000,update,alpha_loss_max,0.0015372461639344692
210000,update,alpha_loss_mean,-1.4504900293468382e-05
210000,update,alpha_loss_min,-0.001811957685276866
210000,update,alpha_max,0.0038213261868804693
210000,update,alpha_mean,0.0026196071413345633
210000,update,alpha_min,0.0019467177335172892
210000,update,num_optimizer_updates,5000.0
210000,update,policy_entropy_estimate,-1.1121318340301514
210000,update,policy_entropy_estimate_max,-0.5168377161026001
210000,update,policy_entropy_estimate_mean,-1.0057052160739899
210000,update,policy_entropy_estimate_min,-1.648675560951233
210000,update,policy_log_prob_mean,1.1121318340301514
210000,update,policy_log_prob_mean_max,1.648675560951233
210000,update,policy_log_prob_mean_mean,1.0057052160739899
210000,update,policy_log_prob_mean_min,0.5168377161026001
210000,update,q1_loss,0.3905358910560608
210000,update,q1_loss_max,32.07132339477539
210000,update,q1_loss_mean,0.6178559981398284
210000,update,q1_loss_min,0.02421463280916214
210000,update,q1_mean,-19.066078186035156
210000,update,q1_mean_max,-7.316202163696289
210000,update,q1_mean_mean,-14.64567752790451
210000,update,q1_mean_min,-24.89165687561035
210000,update,q2_loss,0.5132700204849243
210000,update,q2_loss_max,33.73976516723633
210000,update,q2_loss_mean,0.568551754181087
210000,update,q2_loss_min,0.04595757648348808
210000,update,q2_mean,-19.101686477661133
210000,update,q2_mean_max,-7.444437503814697
210000,update,q2_mean_mean,-14.64563586473465
210000,update,q2_mean_min,-24.685462951660156
210000,update,q_grad_norm,104.79782104492188
210000,update,q_grad_norm_max,1838.0428466796875
210000,update,q_grad_norm_mean,112.22563899002076
210000,update,q_grad_norm_min,15.148870468139648
210000,update,q_loss,0.9038059115409851
210000,update,q_loss_cleanrl_logged,0.45190295577049255
210000,update,q_loss_cleanrl_logged_max,32.90554428100586
210000,update,q_loss_cleanrl_logged_mean,0.5932038769878447
210000,update,q_loss_cleanrl_logged_min,0.05214777588844299
210000,update,q_loss_max,65.81108856201172
210000,update,q_loss_mean,1.1864077539756894
210000,update,q_loss_min,0.10429555177688599
210000,update,q_param_norm,460.00372314453125
210000,update,q_param_norm_max,460.00372314453125
210000,update,q_param_norm_mean,458.0743835449219
210000,update,q_param_norm_min,456.45518493652344
210000,update,q_update_norm,0.021670715883374214
210000,update,q_update_norm_max,0.11380240321159363
210000,update,q_update_norm_mean,0.03412539688982069
210000,update,q_update_norm_min,0.016080841422080994
210000,update,q_update_norm_ratio,6.66229977211212e-05
210000,update,q_update_norm_ratio_max,0.0003504674257593492
210000,update,q_update_norm_ratio_mean,0.00010535609999610273
210000,update,q_update_norm_ratio_min,4.974131065224223e-05
210000,update,target_q_mean,-19.168285369873047
210000,update,target_q_mean_max,-7.435840606689453
210000,update,target_q_mean_mean,-14.645978129673004
210000,update,target_q_mean_min,-24.759334564208984
210200,train_episode,collapse,0.0
210200,train_episode,length,200.0
210200,train_episode,return,-234.7718625762404
210200,train_episode,success,0.0
210400,train_episode,collapse,0.0
210400,train_episode,length,200.0
210400,train_episode,return,-226.1631861291906
210400,train_episode,success,0.0
210600,train_episode,collapse,0.0
210600,train_episode,length,200.0
210600,train_episode,return,-310.14882778149916
210600,train_episode,success,0.0
210800,train_episode,collapse,0.0
210800,train_episode,length,200.0
210800,train_episode,return,-1.6609868343453529
210800,train_episode,success,1.0
211000,train_episode,collapse,0.0
211000,train_episode,length,200.0
211000,train_episode,return,-118.18101967832948
211000,train_episode,success,1.0
211200,train_episode,collapse,0.0
211200,train_episode,length,200.0
211200,train_episode,return,-225.3616315261159
211200,train_episode,success,0.0
211400,train_episode,collapse,0.0
211400,train_episode,length,200.0
211400,train_episode,return,-221.2276972522436
211400,train_episode,success,0.0
211600,train_episode,collapse,0.0
211600,train_episode,length,200.0
211600,train_episode,return,-235.56219105725998
211600,train_episode,success,0.0
211800,train_episode,collapse,0.0
211800,train_episode,length,200.0
211800,train_episode,return,-127.70252480822761
211800,train_episode,success,1.0
212000,train_episode,collapse,0.0
212000,train_episode,length,200.0
212000,train_episode,return,-117.66295707473815
212000,train_episode,success,1.0
212200,train_episode,collapse,0.0
212200,train_episode,length,200.0
212200,train_episode,return,-118.07142175292401
212200,train_episode,success,1.0
212400,train_episode,collapse,0.0
212400,train_episode,length,200.0
212400,train_episode,return,-121.74973770891931
212400,train_episode,success,1.0
212600,train_episode,collapse,0.0
212600,train_episode,length,200.0
212600,train_episode,return,-223.87187444049022
212600,train_episode,success,0.0
212800,train_episode,collapse,0.0
212800,train_episode,length,200.0
212800,train_episode,return,-115.98534408453881
212800,train_episode,success,1.0
213000,train_episode,collapse,0.0
213000,train_episode,length,200.0
213000,train_episode,return,-222.54342046011533
213000,train_episode,success,0.0
213200,train_episode,collapse,0.0
213200,train_episode,length,200.0
213200,train_episode,return,-228.33596706252808
213200,train_episode,success,0.0
213400,train_episode,collapse,0.0
213400,train_episode,length,200.0
213400,train_episode,return,-127.74298580971279
213400,train_episode,success,1.0
213600,train_episode,collapse,0.0
213600,train_episode,length,200.0
213600,train_episode,return,-0.8081264553652564
213600,train_episode,success,1.0
213800,train_episode,collapse,0.0
213800,train_episode,length,200.0
213800,train_episode,return,-128.96402956545924
213800,train_episode,success,1.0
214000,train_episode,collapse,0.0
214000,train_episode,length,200.0
214000,train_episode,return,-127.13548350267396
214000,train_episode,success,1.0
214200,train_episode,collapse,0.0
214200,train_episode,length,200.0
214200,train_episode,return,-314.4380052539294
214200,train_episode,success,0.0
214400,train_episode,collapse,0.0
214400,train_episode,length,200.0
214400,train_episode,return,-2.5058885407913594
214400,train_episode,success,1.0
214600,train_episode,collapse,0.0
214600,train_episode,length,200.0
214600,train_episode,return,-234.30481368963447
214600,train_episode,success,0.0
214800,train_episode,collapse,0.0
214800,train_episode,length,200.0
214800,train_episode,return,-253.16198023557527
214800,train_episode,success,0.0
215000,train_episode,collapse,0.0
215000,train_episode,length,200.0
215000,train_episode,return,-2.0989257087761453
215000,train_episode,success,1.0
215000,update,actor_grad_norm,0.32361704111099243
215000,update,actor_grad_norm_max,5.523024082183838
215000,update,actor_grad_norm_mean,0.5002973327487708
215000,update,actor_grad_norm_min,0.07161060720682144
215000,update,actor_loss,11.598129272460938
215000,update,actor_loss_max,23.96805763244629
215000,update,actor_loss_mean,14.511219877052307
215000,update,actor_loss_min,6.1702189445495605
215000,update,actor_param_norm,85.3345947265625
215000,update,actor_param_norm_max,85.3345947265625
215000,update,actor_param_norm_mean,84.93264039611816
215000,update,actor_param_norm_min,84.56245422363281
215000,update,actor_update_norm,0.012476601637899876
215000,update,actor_update_norm_max,0.044033925980329514
215000,update,actor_update_norm_mean,0.01371597448028624
215000,update,actor_update_norm_min,0.005490302108228207
215000,update,actor_update_norm_ratio,0.00014620869394220404
215000,update,actor_update_norm_ratio_max,0.0005204317117804092
215000,update,actor_update_norm_ratio_mean,0.00016148674497059814
215000,update,actor_update_norm_ratio_min,6.442280939176958e-05
215000,update,alpha,0.0027903972659260035
215000,update,alpha_loss,-8.720402547623962e-05
215000,update,alpha_loss_max,0.0018088649958372116
215000,update,alpha_loss_mean,1.2042309143726015e-05
215000,update,alpha_loss_min,-0.002109663328155875
215000,update,alpha_max,0.004808870144188404
215000,update,alpha_mean,0.0030213556052651257
215000,update,alpha_min,0.0019906756933778524
215000,update,num_optimizer_updates,5000.0
215000,update,policy_entropy_estimate,-1.0312745571136475
215000,update,policy_entropy_estimate_max,-0.4001089632511139
215000,update,policy_entropy_estimate_mean,-0.9965713524699211
215000,update,policy_entropy_estimate_min,-1.8577895164489746
215000,update,policy_log_prob_mean,1.0312745571136475
215000,update,policy_log_prob_mean_max,1.8577895164489746
215000,update,policy_log_prob_mean_mean,0.9965713524699211
215000,update,policy_log_prob_mean_min,0.4001089632511139
215000,update,q1_loss,0.20532871782779694
215000,update,q1_loss_max,29.753591537475586
215000,update,q1_loss_mean,0.602449259531498
215000,update,q1_loss_min,0.052504636347293854
215000,update,q1_mean,-11.121623039245605
215000,update,q1_mean_max,-6.273726463317871
215000,update,q1_mean_mean,-14.599035403442382
215000,update,q1_mean_min,-23.561813354492188
215000,update,q2_loss,0.3501089811325073
215000,update,q2_loss_max,25.74769401550293
215000,update,q2_loss_mean,0.5238634963914752
215000,update,q2_loss_min,0.03958391770720482
215000,update,q2_mean,-11.082499504089355
215000,update,q2_mean_max,-6.375994682312012
215000,update,q2_mean_mean,-14.599009770584107
215000,update,q2_mean_min,-23.676897048950195
215000,update,q_grad_norm,99.75284576416016
215000,update,q_grad_norm_max,1638.78076171875
215000,update,q_grad_norm_mean,110.80282907791138
215000,update,q_grad_norm_min,15.474716186523438
215000,update,q_loss,0.5554376840591431
215000,update,q_loss_cleanrl_logged,0.27771884202957153
215000,update,q_loss_cleanrl_logged_max,27.750642776489258
215000,update,q_loss_cleanrl_logged_mean,0.5631563777178525
215000,update,q_loss_cleanrl_logged_min,0.049029991030693054
215000,update,q_loss_max,55.501285552978516
215000,update,q_loss_mean,1.126312755435705
215000,update,q_loss_min,0.09805998206138611
215000,update,q_param_norm,463.33595275878906
215000,update,q_param_norm_max,463.33595275878906
215000,update,q_param_norm_mean,461.6093551513672
215000,update,q_param_norm_min,460.0054626464844
215000,update,q_update_norm,0.035742539912462234
215000,update,q_update_norm_max,0.09786677360534668
215000,update,q_update_norm_mean,0.034551577996835114
215000,update,q_update_norm_min,0.01487135048955679
215000,update,q_update_norm_ratio,0.00010909417960081559
215000,update,q_update_norm_ratio_max,0.00029878184428677854
215000,update,q_update_norm_ratio_mean,0.00010584460788476772
215000,update,q_update_norm_ratio_min,4.5712047369165284e-05
215000,update,target_q_mean,-11.376005172729492
215000,update,target_q_mean_max,-6.2107462882995605
215000,update,target_q_mean_mean,-14.599409259414672
215000,update,target_q_mean_min,-23.901893615722656
215200,train_episode,collapse,0.0
215200,train_episode,length,200.0
215200,train_episode,return,-122.94889056228085
215200,train_episode,success,1.0
215400,train_episode,collapse,0.0
215400,train_episode,length,200.0
215400,train_episode,return,-221.5474155242312
215400,train_episode,success,0.0
215600,train_episode,collapse,0.0
215600,train_episode,length,200.0
215600,train_episode,return,-120.81018911176278
215600,train_episode,success,1.0
215800,train_episode,collapse,0.0
215800,train_episode,length,200.0
215800,train_episode,return,-233.52986274331775
215800,train_episode,success,0.0
216000,train_episode,collapse,0.0
216000,train_episode,length,200.0
216000,train_episode,return,-278.9817601422109
216000,train_episode,success,0.0
216200,train_episode,collapse,0.0
216200,train_episode,length,200.0
216200,train_episode,return,-121.81951635213333
216200,train_episode,success,1.0
216400,train_episode,collapse,0.0
216400,train_episode,length,200.0
216400,train_episode,return,-119.37734981369975
216400,train_episode,success,1.0
216600,train_episode,collapse,0.0
216600,train_episode,length,200.0
216600,train_episode,return,-220.1508423735382
216600,train_episode,success,0.0
216800,train_episode,collapse,0.0
216800,train_episode,length,200.0
216800,train_episode,return,-119.34809477753755
216800,train_episode,success,1.0
217000,train_episode,collapse,0.0
217000,train_episode,length,200.0
217000,train_episode,return,-119.90605855967246
217000,train_episode,success,1.0
217200,train_episode,collapse,0.0
217200,train_episode,length,200.0
217200,train_episode,return,-122.86852211802496
217200,train_episode,success,1.0
217400,train_episode,collapse,0.0
217400,train_episode,length,200.0
217400,train_episode,return,-229.64340160950053
217400,train_episode,success,0.0
217600,train_episode,collapse,0.0
217600,train_episode,length,200.0
217600,train_episode,return,-119.83710149362538
217600,train_episode,success,1.0
217800,train_episode,collapse,0.0
217800,train_episode,length,200.0
217800,train_episode,return,-235.097860046875
217800,train_episode,success,0.0
218000,train_episode,collapse,0.0
218000,train_episode,length,200.0
218000,train_episode,return,-127.49023075058933
218000,train_episode,success,1.0
218200,train_episode,collapse,0.0
218200,train_episode,length,200.0
218200,train_episode,return,-246.9745000817615
218200,train_episode,success,0.0
218400,train_episode,collapse,0.0
218400,train_episode,length,200.0
218400,train_episode,return,-1.6862818191371067
218400,train_episode,success,1.0
218600,train_episode,collapse,0.0
218600,train_episode,length,200.0
218600,train_episode,return,-122.42934877378835
218600,train_episode,success,1.0
218800,train_episode,collapse,0.0
218800,train_episode,length,200.0
218800,train_episode,return,-117.37161270556477
218800,train_episode,success,1.0
219000,train_episode,collapse,0.0
219000,train_episode,length,200.0
219000,train_episode,return,-118.01251797267459
219000,train_episode,success,1.0
219200,train_episode,collapse,0.0
219200,train_episode,length,200.0
219200,train_episode,return,-128.66233144709196
219200,train_episode,success,1.0
219400,train_episode,collapse,0.0
219400,train_episode,length,200.0
219400,train_episode,return,-223.6203528804258
219400,train_episode,success,0.0
219600,train_episode,collapse,0.0
219600,train_episode,length,200.0
219600,train_episode,return,-233.4217648685993
219600,train_episode,success,0.0
219800,train_episode,collapse,0.0
219800,train_episode,length,200.0
219800,train_episode,return,-120.13370259236034
219800,train_episode,success,1.0
220000,train_episode,collapse,0.0
220000,train_episode,length,200.0
220000,train_episode,return,-122.90518990177425
220000,train_episode,success,1.0
220000,update,actor_grad_norm,0.3738939166069031
220000,update,actor_grad_norm_max,54.41586685180664
220000,update,actor_grad_norm_mean,0.5045491029411554
220000,update,actor_grad_norm_min,0.061964623630046844
220000,update,actor_loss,15.427778244018555
220000,update,actor_loss_max,23.98943328857422
220000,update,actor_loss_mean,14.415926361846925
220000,update,actor_loss_min,5.717292308807373
220000,update,actor_param_norm,86.02237701416016
220000,update,actor_param_norm_max,86.02237701416016
220000,update,actor_param_norm_mean,85.69186226654053
220000,update,actor_param_norm_min,85.3345947265625
220000,update,actor_update_norm,0.008555504493415356
220000,update,actor_update_norm_max,0.045382626354694366
220000,update,actor_update_norm_mean,0.013369214558973908
220000,update,actor_update_norm_min,0.005579665303230286
220000,update,actor_update_norm_ratio,9.945685545454386e-05
220000,update,actor_update_norm_ratio_max,0.0005315213118206918
220000,update,actor_update_norm_ratio_mean,0.00015602162877149838
220000,update,actor_update_norm_ratio_min,6.487676144188739e-05
220000,update,alpha,0.0013643386773765087
220000,update,alpha_loss,0.00039793274481780827
220000,update,alpha_loss_max,0.0023649840150028467
220000,update,alpha_loss_mean,9.685165767477884e-05
220000,update,alpha_loss_min,-0.0016474557342007756
220000,update,alpha_max,0.0037287473678588867
220000,update,alpha_mean,0.0025480477975215765
220000,update,alpha_min,0.0013643386773765087
220000,update,num_optimizer_updates,5000.0
220000,update,policy_entropy_estimate,-0.7085272073745728
220000,update,policy_entropy_estimate_max,-0.10527201741933823
220000,update,policy_entropy_estimate_mean,-0.9525531619042158
220000,update,policy_entropy_estimate_min,-1.5499475002288818
220000,update,policy_log_prob_mean,0.7085272073745728
220000,update,policy_log_prob_mean_max,1.5499475002288818
220000,update,policy_log_prob_mean_mean,0.9525531619042158
220000,update,policy_log_prob_mean_min,0.10527201741933823
220000,update,q1_loss,0.5486167073249817
220000,update,q1_loss_max,38.11074447631836
220000,update,q1_loss_mean,0.556193762498349
220000,update,q1_loss_min,0.03835398331284523
220000,update,q1_mean,-15.325345039367676
220000,update,q1_mean_max,-5.656457424163818
220000,update,q1_mean_mean,-14.49987015542984
220000,update,q1_mean_min,-24.29244613647461
220000,update,q2_loss,0.21884214878082275
220000,update,q2_loss_max,33.65676498413086
220000,update,q2_loss_mean,0.510659047562629
220000,update,q2_loss_min,0.03812655434012413
220000,update,q2_mean,-15.359112739562988
220000,update,q2_mean_max,-5.777341842651367
220000,update,q2_mean_mean,-14.499870509338379
220000,update,q2_mean_min,-24.311288833618164
220000,update,q_grad_norm,86.03456115722656
220000,update,q_grad_norm_max,1446.2508544921875
220000,update,q_grad_norm_mean,106.5236015827179
220000,update,q_grad_norm_min,14.569835662841797
220000,update,q_loss,0.7674588561058044
220000,update,q_loss_cleanrl_logged,0.3837294280529022
220000,update,q_loss_cleanrl_logged_max,35.88375473022461
220000,update,q_loss_cleanrl_logged_mean,0.533426405377686
220000,update,q_loss_cleanrl_logged_min,0.05185740441083908
220000,update,q_loss_max,71.76750946044922
220000,update,q_loss_mean,1.066852810755372
220000,update,q_loss_min,0.10371480882167816
220000,update,q_param_norm,466.79942321777344
220000,update,q_param_norm_max,466.79942321777344
220000,update,q_param_norm_mean,465.21022668457033
220000,update,q_param_norm_min,463.3362579345703
220000,update,q_update_norm,0.029027488082647324
220000,update,q_update_norm_max,0.11566274613142014
220000,update,q_update_norm_mean,0.03300079353414476
220000,update,q_update_norm_min,0.01319867093116045
220000,update,q_update_norm_ratio,8.794116810264148e-05
220000,update,q_update_norm_ratio_max,0.0003512103401651613
220000,update,q_update_norm_ratio_mean,0.00010032153831209247
220000,update,q_update_norm_ratio_min,4.011825531629998e-05
220000,update,target_q_mean,-15.344585418701172
220000,update,target_q_mean_max,-5.795863151550293
220000,update,target_q_mean_mean,-14.500087759685517
220000,update,target_q_mean_min,-24.237308502197266
220200,train_episode,collapse,0.0
220200,train_episode,length,200.0
220200,train_episode,return,-119.01859625291127
220200,train_episode,success,1.0
220400,train_episode,collapse,0.0
220400,train_episode,length,200.0
220400,train_episode,return,-240.77848641093783
220400,train_episode,success,0.0
220600,train_episode,collapse,0.0
220600,train_episode,length,200.0
220600,train_episode,return,-124.52441180183384
220600,train_episode,success,1.0
220800,train_episode,collapse,0.0
220800,train_episode,length,200.0
220800,train_episode,return,-119.13304976502096
220800,train_episode,success,1.0
221000,train_episode,collapse,0.0
221000,train_episode,length,200.0
221000,train_episode,return,-258.8612945472113
221000,train_episode,success,0.0
221200,train_episode,collapse,0.0
221200,train_episode,length,200.0
221200,train_episode,return,-3.2670040341437407
221200,train_episode,success,1.0
221400,train_episode,collapse,0.0
221400,train_episode,length,200.0
221400,train_episode,return,-127.5295125479819
221400,train_episode,success,1.0
221600,train_episode,collapse,0.0
221600,train_episode,length,200.0
221600,train_episode,return,-300.75938023438545
221600,train_episode,success,0.0
221800,train_episode,collapse,0.0
221800,train_episode,length,200.0
221800,train_episode,return,-121.88829240296154
221800,train_episode,success,1.0
222000,train_episode,collapse,0.0
222000,train_episode,length,200.0
222000,train_episode,return,-113.98234029780679
222000,train_episode,success,1.0
222200,train_episode,collapse,0.0
222200,train_episode,length,200.0
222200,train_episode,return,-1.4530596109714091
222200,train_episode,success,1.0
222400,train_episode,collapse,0.0
222400,train_episode,length,200.0
222400,train_episode,return,-3.648290420930228
222400,train_episode,success,1.0
222600,train_episode,collapse,0.0
222600,train_episode,length,200.0
222600,train_episode,return,-124.49265492756763
222600,train_episode,success,1.0
222800,train_episode,collapse,0.0
222800,train_episode,length,200.0
222800,train_episode,return,-220.41002906138232
222800,train_episode,success,0.0
223000,train_episode,collapse,0.0
223000,train_episode,length,200.0
223000,train_episode,return,-117.25276134854404
223000,train_episode,success,1.0
223200,train_episode,collapse,0.0
223200,train_episode,length,200.0
223200,train_episode,return,-127.73547727313564
223200,train_episode,success,1.0
223400,train_episode,collapse,0.0
223400,train_episode,length,200.0
223400,train_episode,return,-125.56861158955056
223400,train_episode,success,1.0
223600,train_episode,collapse,0.0
223600,train_episode,length,200.0
223600,train_episode,return,-128.5422124458624
223600,train_episode,success,1.0
223800,train_episode,collapse,0.0
223800,train_episode,length,200.0
223800,train_episode,return,-117.98279778543824
223800,train_episode,success,1.0
224000,train_episode,collapse,0.0
224000,train_episode,length,200.0
224000,train_episode,return,-309.8388106689844
224000,train_episode,success,0.0
224200,train_episode,collapse,0.0
224200,train_episode,length,200.0
224200,train_episode,return,-117.38984448643654
224200,train_episode,success,1.0
224400,train_episode,collapse,0.0
224400,train_episode,length,200.0
224400,train_episode,return,-116.31913015314595
224400,train_episode,success,1.0
224600,train_episode,collapse,0.0
224600,train_episode,length,200.0
224600,train_episode,return,-221.62357969421237
224600,train_episode,success,0.0
224800,train_episode,collapse,0.0
224800,train_episode,length,200.0
224800,train_episode,return,-1.510373104938509
224800,train_episode,success,1.0
225000,train_episode,collapse,0.0
225000,train_episode,length,200.0
225000,train_episode,return,-126.50912458511188
225000,train_episode,success,1.0
225000,update,actor_grad_norm,0.45256152749061584
225000,update,actor_grad_norm_max,9.505237579345703
225000,update,actor_grad_norm_mean,0.4962251471430063
225000,update,actor_grad_norm_min,0.07098732143640518
225000,update,actor_loss,13.481640815734863
225000,update,actor_loss_max,24.081924438476562
225000,update,actor_loss_mean,14.45779322795868
225000,update,actor_loss_min,7.034093856811523
225000,update,actor_param_norm,86.67017364501953
225000,update,actor_param_norm_max,86.67017364501953
225000,update,actor_param_norm_mean,86.38925470581054
225000,update,actor_param_norm_min,86.02237701416016
225000,update,actor_update_norm,0.011344247497618198
225000,update,actor_update_norm_max,0.04997260496020317
225000,update,actor_update_norm_mean,0.013522775929421187
225000,update,actor_update_norm_min,0.005706767085939646
225000,update,actor_update_norm_ratio,0.00013089015500762082
225000,update,actor_update_norm_ratio_max,0.0005790560989942075
225000,update,actor_update_norm_ratio_mean,0.00015654195042326014
225000,update,actor_update_norm_ratio_min,6.588119583670612e-05
225000,update,alpha,0.003507693065330386
225000,update,alpha_loss,0.0005854952614754438
225000,update,alpha_loss_max,0.0016694240039214492
225000,update,alpha_loss_mean,-9.153929196327226e-05
225000,update,alpha_loss_min,-0.0022567268460989
225000,update,alpha_max,0.004529875237494707
225000,update,alpha_mean,0.0029745491451583805
225000,update,alpha_min,0.0011645292397588491
225000,update,num_optimizer_updates,5000.0
225000,update,policy_entropy_estimate,-0.8330547213554382
225000,update,policy_entropy_estimate_max,-0.4300301969051361
225000,update,policy_entropy_estimate_mean,-1.044259137582779
225000,update,policy_entropy_estimate_min,-2.006197214126587
225000,update,policy_log_prob_mean,0.8330547213554382
225000,update,policy_log_prob_mean_max,2.006197214126587
225000,update,policy_log_prob_mean_mean,1.044259137582779
225000,update,policy_log_prob_mean_min,0.4300301969051361
225000,update,q1_loss,0.2684633135795593
225000,update,q1_loss_max,15.443461418151855
225000,update,q1_loss_mean,0.5981166085451841
225000,update,q1_loss_min,0.03767721727490425
225000,update,q1_mean,-13.377124786376953
225000,update,q1_mean_max,-6.664005756378174
225000,update,q1_mean_mean,-14.470826219272613
225000,update,q1_mean_min,-23.903446197509766
225000,update,q2_loss,0.5577774047851562
225000,update,q2_loss_max,14.625957489013672
225000,update,q2_loss_mean,0.53282810190171
225000,update,q2_loss_min,0.023092057555913925
225000,update,q2_mean,-13.30191707611084
225000,update,q2_mean_max,-6.52585506439209
225000,update,q2_mean_mean,-14.47086992149353
225000,update,q2_mean_min,-24.01338768005371
225000,update,q_grad_norm,108.16168975830078
225000,update,q_grad_norm_max,1261.6651611328125
225000,update,q_grad_norm_mean,110.5185712890625
225000,update,q_grad_norm_min,13.23579216003418
225000,update,q_loss,0.8262407183647156
225000,update,q_loss_cleanrl_logged,0.4131203591823578
225000,update,q_loss_cleanrl_logged_max,14.231605529785156
225000,update,q_loss_cleanrl_logged_mean,0.5654723551772535
225000,update,q_loss_cleanrl_logged_min,0.057655446231365204
225000,update,q_loss_max,28.463211059570312
225000,update,q_loss_mean,1.130944710354507
225000,update,q_loss_min,0.11531089246273041
225000,update,q_param_norm,470.1724548339844
225000,update,q_param_norm_max,470.1724548339844
225000,update,q_param_norm_mean,468.4828134490967
225000,update,q_param_norm_min,466.80010986328125
225000,update,q_update_norm,0.02732796035706997
225000,update,q_update_norm_max,0.11658018827438354
225000,update,q_update_norm_mean,0.034319102297723295
225000,update,q_update_norm_min,0.016662022098898888
225000,update,q_update_norm_ratio,8.219857367149826e-05
225000,update,q_update_norm_ratio_max,0.0003514495267584116
225000,update,q_update_norm_ratio_mean,0.00010360383061267115
225000,update,q_update_norm_ratio_min,5.02334916911504e-05
225000,update,target_q_mean,-13.49911880493164
225000,update,target_q_mean_max,-6.636373519897461
225000,update,target_q_mean_mean,-14.471160771274567
225000,update,target_q_mean_min,-24.039695739746094
225000,replay,action_abs_max,2.0
225000,replay,action_abs_mean,0.5574244260787964
225000,replay,action_saturation_fraction,0.07333777777777778
225000,replay,capacity,500000.0
225000,replay,done_fraction,0.0
225000,replay,fill_fraction,0.45
225000,replay,near_upright_any_transition_fraction,0.8313422222222222
225000,replay,near_upright_next_obs_fraction,0.8312622222222222
225000,replay,near_upright_obs_fraction,0.8268711111111111
225000,replay,reward_max,-4.2872531480497855e-07
225000,replay,reward_mean,-0.8893113136291504
225000,replay,reward_min,-16.252336502075195
225000,replay,reward_std,2.537827491760254
225000,replay,sample_count_max,1092.0
225000,replay,sample_count_mean,250.3111111111111
225000,replay,size,225000.0
225000,replay,transition_age_max,224999.0
225000,replay,transition_age_mean,112499.5
225000,diagnostics,actor_layer0_activation_abs_max,3.215972423553467
225000,diagnostics,actor_layer0_activation_abs_mean,0.0972275584936142
225000,diagnostics,actor_layer0_dormant_fraction,0.109375
225000,diagnostics,actor_layer0_effective_rank_fraction,0.05118831247091293
225000,diagnostics,actor_layer1_activation_abs_max,11.450800895690918
225000,diagnostics,actor_layer1_activation_abs_mean,0.02507694810628891
225000,diagnostics,actor_layer1_dormant_fraction,0.53515625
225000,diagnostics,actor_layer1_effective_rank_fraction,0.10068437457084656
225000,diagnostics,actor_param_norm,86.67017364501953
225000,diagnostics,alpha,0.003507693065330386
225000,diagnostics,q1_layer0_activation_abs_max,6.05970573425293
225000,diagnostics,q1_layer0_activation_abs_mean,0.3142455816268921
225000,diagnostics,q1_layer0_dormant_fraction,0.125
225000,diagnostics,q1_layer0_effective_rank_fraction,0.05041199177503586
225000,diagnostics,q1_layer1_activation_abs_max,29.897802352905273
225000,diagnostics,q1_layer1_activation_abs_mean,2.2775585651397705
225000,diagnostics,q1_layer1_dormant_fraction,0.67578125
225000,diagnostics,q1_layer1_effective_rank_fraction,0.054659582674503326
225000,diagnostics,q1_param_norm,234.39132690429688
225000,diagnostics,q2_layer0_activation_abs_max,4.874983787536621
225000,diagnostics,q2_layer0_activation_abs_mean,0.3097977638244629
225000,diagnostics,q2_layer0_dormant_fraction,0.15625
225000,diagnostics,q2_layer0_effective_rank_fraction,0.04874570667743683
225000,diagnostics,q2_layer1_activation_abs_max,36.66586685180664
225000,diagnostics,q2_layer1_activation_abs_mean,2.4199182987213135
225000,diagnostics,q2_layer1_dormant_fraction,0.69921875
225000,diagnostics,q2_layer1_effective_rank_fraction,0.04823876544833183
225000,diagnostics,q2_param_norm,235.7811279296875
225200,train_episode,collapse,0.0
225200,train_episode,length,200.0
225200,train_episode,return,-215.12578248389366
225200,train_episode,success,0.0
225400,train_episode,collapse,0.0
225400,train_episode,length,200.0
225400,train_episode,return,-123.59080562905277
225400,train_episode,success,1.0
225600,train_episode,collapse,0.0
225600,train_episode,length,200.0
225600,train_episode,return,-128.3689801861881
225600,train_episode,success,1.0
225800,train_episode,collapse,0.0
225800,train_episode,length,200.0
225800,train_episode,return,-242.32791809564068
225800,train_episode,success,0.0
226000,train_episode,collapse,0.0
226000,train_episode,length,200.0
226000,train_episode,return,-127.71803440136462
226000,train_episode,success,1.0
226200,train_episode,collapse,0.0
226200,train_episode,length,200.0
226200,train_episode,return,-246.85565995830518
226200,train_episode,success,0.0
226400,train_episode,collapse,0.0
226400,train_episode,length,200.0
226400,train_episode,return,-118.28887279984447
226400,train_episode,success,1.0
226600,train_episode,collapse,0.0
226600,train_episode,length,200.0
226600,train_episode,return,-123.48857455768598
226600,train_episode,success,1.0
226800,train_episode,collapse,0.0
226800,train_episode,length,200.0
226800,train_episode,return,-125.6033436204288
226800,train_episode,success,1.0
227000,train_episode,collapse,0.0
227000,train_episode,length,200.0
227000,train_episode,return,-116.01718554565629
227000,train_episode,success,1.0
227200,train_episode,collapse,0.0
227200,train_episode,length,200.0
227200,train_episode,return,-118.18992748314044
227200,train_episode,success,1.0
227400,train_episode,collapse,0.0
227400,train_episode,length,200.0
227400,train_episode,return,-284.7795284708989
227400,train_episode,success,0.0
227600,train_episode,collapse,0.0
227600,train_episode,length,200.0
227600,train_episode,return,-117.32237925701769
227600,train_episode,success,1.0
227800,train_episode,collapse,0.0
227800,train_episode,length,200.0
227800,train_episode,return,-227.12291172922897
227800,train_episode,success,0.0
228000,train_episode,collapse,0.0
228000,train_episode,length,200.0
228000,train_episode,return,-123.44657442523264
228000,train_episode,success,1.0
228200,train_episode,collapse,0.0
228200,train_episode,length,200.0
228200,train_episode,return,-127.79915763835409
228200,train_episode,success,1.0
228400,train_episode,collapse,0.0
228400,train_episode,length,200.0
228400,train_episode,return,-126.53627139677822
228400,train_episode,success,1.0
228600,train_episode,collapse,0.0
228600,train_episode,length,200.0
228600,train_episode,return,-128.30994216847606
228600,train_episode,success,1.0
228800,train_episode,collapse,0.0
228800,train_episode,length,200.0
228800,train_episode,return,-119.29001513902206
228800,train_episode,success,1.0
229000,train_episode,collapse,0.0
229000,train_episode,length,200.0
229000,train_episode,return,-118.72892294603038
229000,train_episode,success,1.0
229200,train_episode,collapse,0.0
229200,train_episode,length,200.0
229200,train_episode,return,-226.36904963790013
229200,train_episode,success,0.0
229400,train_episode,collapse,0.0
229400,train_episode,length,200.0
229400,train_episode,return,-126.03128047141801
229400,train_episode,success,1.0
229600,train_episode,collapse,0.0
229600,train_episode,length,200.0
229600,train_episode,return,-279.9950219453412
229600,train_episode,success,0.0
229800,train_episode,collapse,0.0
229800,train_episode,length,200.0
229800,train_episode,return,-0.5052437645696188
229800,train_episode,success,1.0
230000,train_episode,collapse,0.0
230000,train_episode,length,200.0
230000,train_episode,return,-1.0789908671247856
230000,train_episode,success,1.0
230000,update,actor_grad_norm,0.510406494140625
230000,update,actor_grad_norm_max,17.21563720703125
230000,update,actor_grad_norm_mean,0.4921318135932088
230000,update,actor_grad_norm_min,0.06215779110789299
230000,update,actor_loss,13.068069458007812
230000,update,actor_loss_max,23.830556869506836
230000,update,actor_loss_mean,14.410848594856262
230000,update,actor_loss_min,5.808773994445801
230000,update,actor_param_norm,87.40870666503906
230000,update,actor_param_norm_max,87.40870666503906
230000,update,actor_param_norm_mean,87.01318538665771
230000,update,actor_param_norm_min,86.67017364501953
230000,update,actor_update_norm,0.00898948684334755
230000,update,actor_update_norm_max,0.04621816799044609
230000,update,actor_update_norm_mean,0.013764944198727608
230000,update,actor_update_norm_min,0.005054949317127466
230000,update,actor_update_norm_ratio,0.00010284454668528471
230000,update,actor_update_norm_ratio_max,0.000530607507977956
230000,update,actor_update_norm_ratio_mean,0.00015818790614960312
230000,update,actor_update_norm_ratio_min,5.7888045778936975e-05
230000,update,alpha,0.0044364891946315765
230000,update,alpha_loss,0.000703365309163928
230000,update,alpha_loss_max,0.0019843627233058214
230000,update,alpha_loss_mean,-2.7078848634118914e-05
230000,update,alpha_loss_min,-0.002786909928545356
230000,update,alpha_max,0.004580235108733177
230000,update,alpha_mean,0.0032838251866865904
230000,update,alpha_min,0.002545692725107074
230000,update,num_optimizer_updates,5000.0
230000,update,policy_entropy_estimate,-0.8414810299873352
230000,update,policy_entropy_estimate_max,-0.3842261731624603
230000,update,policy_entropy_estimate_mean,-1.0073347209930419
230000,update,policy_entropy_estimate_min,-1.7413508892059326
230000,update,policy_log_prob_mean,0.8414810299873352
230000,update,policy_log_prob_mean_max,1.7413508892059326
230000,update,policy_log_prob_mean_mean,1.0073347209930419
230000,update,policy_log_prob_mean_min,0.3842261731624603
230000,update,q1_loss,0.1627691388130188
230000,update,q1_loss_max,25.985111236572266
230000,update,q1_loss_mean,0.5684531310111284
230000,update,q1_loss_min,0.03328876569867134
230000,update,q1_mean,-13.246613502502441
230000,update,q1_mean_max,-5.874039173126221
230000,update,q1_mean_mean,-14.452188471031189
230000,update,q1_mean_min,-24.15106201171875
230000,update,q2_loss,0.10096076875925064
230000,update,q2_loss_max,30.79265022277832
230000,update,q2_loss_mean,0.5193515678949654
230000,update,q2_loss_min,0.04114734008908272
230000,update,q2_mean,-13.35903263092041
230000,update,q2_mean_max,-5.785370826721191
230000,update,q2_mean_mean,-14.452170992851258
230000,update,q2_mean_min,-24.171239852905273
230000,update,q_grad_norm,46.45592498779297
230000,update,q_grad_norm_max,1388.083740234375
230000,update,q_grad_norm_mean,108.45578820705414
230000,update,q_grad_norm_min,13.51311206817627
230000,update,q_loss,0.26372990012168884
230000,update,q_loss_cleanrl_logged,0.13186495006084442
230000,update,q_loss_cleanrl_logged_max,28.38888168334961
230000,update,q_loss_cleanrl_logged_mean,0.5439023494929075
230000,update,q_loss_cleanrl_logged_min,0.048390522599220276
230000,update,q_loss_max,56.77776336669922
230000,update,q_loss_mean,1.087804698985815
230000,update,q_loss_min,0.09678104519844055
230000,update,q_param_norm,473.6116027832031
230000,update,q_param_norm_max,473.61451721191406
230000,update,q_param_norm_mean,471.9146292449951
230000,update,q_param_norm_min,470.1741027832031
230000,update,q_update_norm,0.02158946357667446
230000,update,q_update_norm_max,0.10316356271505356
230000,update,q_update_norm_mean,0.033775676624290644
230000,update,q_update_norm_min,0.014879060909152031
230000,update,q_update_norm_ratio,6.446629742653411e-05
230000,update,q_update_norm_ratio_max,0.0003091579621718345
230000,update,q_update_norm_ratio_mean,0.00010122022069109762
230000,update,q_update_norm_ratio_min,4.451385673959454e-05
230000,update,target_q_mean,-13.31302547454834
230000,update,target_q_mean_max,-5.821436882019043
230000,update,target_q_mean_mean,-14.452478550434112
230000,update,target_q_mean_min,-23.95524024963379
230200,train_episode,collapse,0.0
230200,train_episode,length,200.0
230200,train_episode,return,-117.52379095618498
230200,train_episode,success,1.0
230400,train_episode,collapse,0.0
230400,train_episode,length,200.0
230400,train_episode,return,-219.68886675301263
230400,train_episode,success,0.0
230600,train_episode,collapse,0.0
230600,train_episode,length,200.0
230600,train_episode,return,-1.515901923277288
230600,train_episode,success,1.0
230800,train_episode,collapse,0.0
230800,train_episode,length,200.0
230800,train_episode,return,-121.61091260737444
230800,train_episode,success,1.0
231000,train_episode,collapse,0.0
231000,train_episode,length,200.0
231000,train_episode,return,-2.110351467703599
231000,train_episode,success,1.0
231200,train_episode,collapse,0.0
231200,train_episode,length,200.0
231200,train_episode,return,-230.87946929627944
231200,train_episode,success,0.0
231400,train_episode,collapse,0.0
231400,train_episode,length,200.0
231400,train_episode,return,-119.92887898808743
231400,train_episode,success,1.0
231600,train_episode,collapse,0.0
231600,train_episode,length,200.0
231600,train_episode,return,-5.315044473140448
231600,train_episode,success,1.0
231800,train_episode,collapse,0.0
231800,train_episode,length,200.0
231800,train_episode,return,-1.5858230874114674
231800,train_episode,success,1.0
232000,train_episode,collapse,0.0
232000,train_episode,length,200.0
232000,train_episode,return,-290.07779716981037
232000,train_episode,success,0.0
232200,train_episode,collapse,0.0
232200,train_episode,length,200.0
232200,train_episode,return,-0.32112518422680086
232200,train_episode,success,1.0
232400,train_episode,collapse,0.0
232400,train_episode,length,200.0
232400,train_episode,return,-116.52490776150066
232400,train_episode,success,1.0
232600,train_episode,collapse,0.0
232600,train_episode,length,200.0
232600,train_episode,return,-127.37872668328633
232600,train_episode,success,1.0
232800,train_episode,collapse,0.0
232800,train_episode,length,200.0
232800,train_episode,return,-119.43982027902915
232800,train_episode,success,1.0
233000,train_episode,collapse,0.0
233000,train_episode,length,200.0
233000,train_episode,return,-222.46828025123656
233000,train_episode,success,0.0
233200,train_episode,collapse,0.0
233200,train_episode,length,200.0
233200,train_episode,return,-221.34142259383938
233200,train_episode,success,0.0
233400,train_episode,collapse,0.0
233400,train_episode,length,200.0
233400,train_episode,return,-239.07776266803106
233400,train_episode,success,0.0
233600,train_episode,collapse,0.0
233600,train_episode,length,200.0
233600,train_episode,return,-129.0076943709195
233600,train_episode,success,1.0
233800,train_episode,collapse,0.0
233800,train_episode,length,200.0
233800,train_episode,return,-0.511758912070714
233800,train_episode,success,1.0
234000,train_episode,collapse,0.0
234000,train_episode,length,200.0
234000,train_episode,return,-227.928960536007
234000,train_episode,success,0.0
234200,train_episode,collapse,0.0
234200,train_episode,length,200.0
234200,train_episode,return,-124.33383009845755
234200,train_episode,success,1.0
234400,train_episode,collapse,0.0
234400,train_episode,length,200.0
234400,train_episode,return,-225.79302360915108
234400,train_episode,success,0.0
234600,train_episode,collapse,0.0
234600,train_episode,length,200.0
234600,train_episode,return,-218.20994949863788
234600,train_episode,success,0.0
234800,train_episode,collapse,0.0
234800,train_episode,length,200.0
234800,train_episode,return,-235.80220173819876
234800,train_episode,success,0.0
235000,train_episode,collapse,0.0
235000,train_episode,length,200.0
235000,train_episode,return,-117.3003501178386
235000,train_episode,success,1.0
235000,update,actor_grad_norm,0.36007270216941833
235000,update,actor_grad_norm_max,59.09418487548828
235000,update,actor_grad_norm_mean,0.5219950081929564
235000,update,actor_grad_norm_min,0.0544469840824604
235000,update,actor_loss,16.102283477783203
235000,update,actor_loss_max,22.51072120666504
235000,update,actor_loss_mean,14.284723943138122
235000,update,actor_loss_min,7.219823837280273
235000,update,actor_param_norm,88.12953186035156
235000,update,actor_param_norm_max,88.12953186035156
235000,update,actor_param_norm_mean,87.7751733215332
235000,update,actor_param_norm_min,87.40870666503906
235000,update,actor_update_norm,0.022220933809876442
235000,update,actor_update_norm_max,0.04897766932845116
235000,update,actor_update_norm_mean,0.013351908183656632
235000,update,actor_update_norm_min,0.005232277791947126
235000,update,actor_update_norm_ratio,0.0002521405872525043
235000,update,actor_update_norm_ratio_max,0.000559560415684978
235000,update,actor_update_norm_ratio_mean,0.00015210681287192737
235000,update,actor_update_norm_ratio_min,5.971396672500102e-05
235000,update,alpha,0.0025963762309402227
235000,update,alpha_loss,-0.00029040651861578226
235000,update,alpha_loss_max,0.002179083414375782
235000,update,alpha_loss_mean,8.254925479268422e-05
235000,update,alpha_loss_min,-0.0020069205202162266
235000,update,alpha_max,0.0044364891946315765
235000,update,alpha_mean,0.002612423858838156
235000,update,alpha_min,0.001962203998118639
235000,update,num_optimizer_updates,5000.0
235000,update,policy_entropy_estimate,-1.1119062900543213
235000,update,policy_entropy_estimate_max,-0.4037950932979584
235000,update,policy_entropy_estimate_mean,-0.9748832073450089
235000,update,policy_entropy_estimate_min,-1.7114850282669067
235000,update,policy_log_prob_mean,1.1119062900543213
235000,update,policy_log_prob_mean_max,1.7114850282669067
235000,update,policy_log_prob_mean_mean,0.9748832073450089
235000,update,policy_log_prob_mean_min,0.4037950932979584
235000,update,q1_loss,0.2285478264093399
235000,update,q1_loss_max,49.51992416381836
235000,update,q1_loss_mean,0.6061691762726754
235000,update,q1_loss_min,0.02377762831747532
235000,update,q1_mean,-16.17888641357422
235000,update,q1_mean_max,-6.140209197998047
235000,update,q1_mean_mean,-14.331966616535187
235000,update,q1_mean_min,-24.10165023803711
235000,update,q2_loss,0.08580313622951508
235000,update,q2_loss_max,42.13164520263672
235000,update,q2_loss_mean,0.534566318795085
235000,update,q2_loss_min,0.035885103046894073
235000,update,q2_mean,-16.05377197265625
235000,update,q2_mean_max,-6.068897724151611
235000,update,q2_mean_mean,-14.33189058523178
235000,update,q2_mean_min,-24.068099975585938
235000,update,q_grad_norm,30.6829891204834
235000,update,q_grad_norm_max,1876.8734130859375
235000,update,q_grad_norm_mean,104.45661159114837
235000,update,q_grad_norm_min,12.573759078979492
235000,update,q_loss,0.314350962638855
235000,update,q_loss_cleanrl_logged,0.1571754813194275
235000,update,q_loss_cleanrl_logged_max,45.825782775878906
235000,update,q_loss_cleanrl_logged_mean,0.570367746514827
235000,update,q_loss_cleanrl_logged_min,0.04410063102841377
235000,update,q_loss_max,91.65156555175781
235000,update,q_loss_mean,1.140735493029654
235000,update,q_loss_min,0.08820126205682755
235000,update,q_param_norm,476.5220947265625
235000,update,q_param_norm_max,476.5239715576172
235000,update,q_param_norm_mean,475.0330913696289
235000,update,q_param_norm_min,473.61109924316406
235000,update,q_update_norm,0.024266522377729416
235000,update,q_update_norm_max,0.14978186786174774
235000,update,q_update_norm_mean,0.03309752867091447
235000,update,q_update_norm_min,0.013124147430062294
235000,update,q_update_norm_ratio,7.201768470400255e-05
235000,update,q_update_norm_ratio_max,0.00044692020766213685
235000,update,q_update_norm_ratio_mean,9.8534479742006e-05
235000,update,q_update_norm_ratio_min,3.908584930796259e-05
235000,update,target_q_mean,-16.12447166442871
235000,update,target_q_mean_max,-6.174051284790039
235000,update,target_q_mean_mean,-14.33222531747818
235000,update,target_q_mean_min,-24.05438804626465
235200,train_episode,collapse,0.0
235200,train_episode,length,200.0
235200,train_episode,return,-120.7072919217148
235200,train_episode,success,1.0
235400,train_episode,collapse,0.0
235400,train_episode,length,200.0
235400,train_episode,return,-228.71763508842415
235400,train_episode,success,0.0
235600,train_episode,collapse,0.0
235600,train_episode,length,200.0
235600,train_episode,return,-119.22990180920476
235600,train_episode,success,1.0
235800,train_episode,collapse,0.0
235800,train_episode,length,200.0
235800,train_episode,return,-222.65459988490187
235800,train_episode,success,0.0
236000,train_episode,collapse,0.0
236000,train_episode,length,200.0
236000,train_episode,return,-125.61609717443588
236000,train_episode,success,1.0
236200,train_episode,collapse,0.0
236200,train_episode,length,200.0
236200,train_episode,return,-219.4221116488907
236200,train_episode,success,0.0
236400,train_episode,collapse,0.0
236400,train_episode,length,200.0
236400,train_episode,return,-218.6389932086148
236400,train_episode,success,0.0
236600,train_episode,collapse,0.0
236600,train_episode,length,200.0
236600,train_episode,return,-243.84229896891208
236600,train_episode,success,0.0
236800,train_episode,collapse,0.0
236800,train_episode,length,200.0
236800,train_episode,return,-236.41722499327054
236800,train_episode,success,0.0
237000,train_episode,collapse,0.0
237000,train_episode,length,200.0
237000,train_episode,return,-126.28719137703511
237000,train_episode,success,1.0
237200,train_episode,collapse,0.0
237200,train_episode,length,200.0
237200,train_episode,return,-118.84861143000361
237200,train_episode,success,1.0
237400,train_episode,collapse,0.0
237400,train_episode,length,200.0
237400,train_episode,return,-118.92842243583752
237400,train_episode,success,1.0
237600,train_episode,collapse,0.0
237600,train_episode,length,200.0
237600,train_episode,return,-121.5270030872747
237600,train_episode,success,1.0
237800,train_episode,collapse,0.0
237800,train_episode,length,200.0
237800,train_episode,return,-223.14971214709067
237800,train_episode,success,0.0
238000,train_episode,collapse,0.0
238000,train_episode,length,200.0
238000,train_episode,return,-225.68233104675625
238000,train_episode,success,0.0
238200,train_episode,collapse,0.0
238200,train_episode,length,200.0
238200,train_episode,return,-299.0348909386274
238200,train_episode,success,0.0
238400,train_episode,collapse,0.0
238400,train_episode,length,200.0
238400,train_episode,return,-119.09605685335008
238400,train_episode,success,1.0
238600,train_episode,collapse,0.0
238600,train_episode,length,200.0
238600,train_episode,return,-219.49147963907657
238600,train_episode,success,0.0
238800,train_episode,collapse,0.0
238800,train_episode,length,200.0
238800,train_episode,return,-123.42080510615682
238800,train_episode,success,1.0
239000,train_episode,collapse,0.0
239000,train_episode,length,200.0
239000,train_episode,return,-221.28729238643848
239000,train_episode,success,0.0
239200,train_episode,collapse,0.0
239200,train_episode,length,200.0
239200,train_episode,return,-126.2846712365444
239200,train_episode,success,1.0
239400,train_episode,collapse,0.0
239400,train_episode,length,200.0
239400,train_episode,return,-116.27759628949816
239400,train_episode,success,1.0
239600,train_episode,collapse,0.0
239600,train_episode,length,200.0
239600,train_episode,return,-125.94161238274478
239600,train_episode,success,1.0
239800,train_episode,collapse,0.0
239800,train_episode,length,200.0
239800,train_episode,return,-232.01186296545242
239800,train_episode,success,0.0
240000,train_episode,collapse,0.0
240000,train_episode,length,200.0
240000,train_episode,return,-126.27796991949671
240000,train_episode,success,1.0
240000,update,actor_grad_norm,0.5374951362609863
240000,update,actor_grad_norm_max,35.21381378173828
240000,update,actor_grad_norm_mean,0.5017395453885197
240000,update,actor_grad_norm_min,0.05401192232966423
240000,update,actor_loss,13.403189659118652
240000,update,actor_loss_max,23.51030158996582
240000,update,actor_loss_mean,14.32810879650116
240000,update,actor_loss_min,6.742430210113525
240000,update,actor_param_norm,88.81891632080078
240000,update,actor_param_norm_max,88.81970977783203
240000,update,actor_param_norm_mean,88.5123666732788
240000,update,actor_param_norm_min,88.12953186035156
240000,update,actor_update_norm,0.014015963301062584
240000,update,actor_update_norm_max,0.04647055268287659
240000,update,actor_update_norm_mean,0.013267683206871153
240000,update,actor_update_norm_min,0.00525778578594327
240000,update,actor_update_norm_ratio,0.0001578034293954874
240000,update,actor_update_norm_ratio_max,0.0005248211121050555
240000,update,actor_update_norm_ratio_mean,0.00014990708045677827
240000,update,actor_update_norm_ratio_min,5.932760908268859e-05
240000,update,alpha,0.002939772792160511
240000,update,alpha_loss,-6.37004995951429e-06
240000,update,alpha_loss_max,0.0024225900415331125
240000,update,alpha_loss_mean,2.2120914662082216e-06
240000,update,alpha_loss_min,-0.0019470234401524067
240000,update,alpha_max,0.004416997544467449
240000,update,alpha_mean,0.0032132417016196998
240000,update,alpha_min,0.0025896525476127863
240000,update,num_optimizer_updates,5000.0
240000,update,policy_entropy_estimate,-1.0021673440933228
240000,update,policy_entropy_estimate_max,-0.40040504932403564
240000,update,policy_entropy_estimate_mean,-1.0004253162622452
240000,update,policy_entropy_estimate_min,-1.6353334188461304
240000,update,policy_log_prob_mean,1.0021673440933228
240000,update,policy_log_prob_mean_max,1.6353334188461304
240000,update,policy_log_prob_mean_mean,1.0004253162622452
240000,update,policy_log_prob_mean_min,0.40040504932403564
240000,update,q1_loss,0.2519577741622925
240000,update,q1_loss_max,36.487266540527344
240000,update,q1_loss_mean,0.6190461222104728
240000,update,q1_loss_min,0.02849378064274788
240000,update,q1_mean,-13.977017402648926
240000,update,q1_mean_max,-6.573780536651611
240000,update,q1_mean_mean,-14.328384683036804
240000,update,q1_mean_min,-23.477928161621094
240000,update,q2_loss,0.13313382863998413
240000,update,q2_loss_max,34.82290267944336
240000,update,q2_loss_mean,0.5532433204516769
240000,update,q2_loss_min,0.03441264480352402
240000,update,q2_mean,-13.858009338378906
240000,update,q2_mean_max,-6.591843128204346
240000,update,q2_mean_mean,-14.32839402627945
240000,update,q2_mean_min,-23.418132781982422
240000,update,q_grad_norm,57.02425003051758
240000,update,q_grad_norm_max,1734.614990234375
240000,update,q_grad_norm_mean,109.00276335296631
240000,update,q_grad_norm_min,9.380426406860352
240000,update,q_loss,0.3850916028022766
240000,update,q_loss_cleanrl_logged,0.1925458014011383
240000,update,q_loss_cleanrl_logged_max,35.65508270263672
240000,update,q_loss_cleanrl_logged_mean,0.586144721338898
240000,update,q_loss_cleanrl_logged_min,0.042808160185813904
240000,update,q_loss_max,71.31016540527344
240000,update,q_loss_mean,1.172289442677796
240000,update,q_loss_min,0.08561632037162781
240000,update,q_param_norm,479.4616241455078
240000,update,q_param_norm_max,479.46226501464844
240000,update,q_param_norm_mean,477.9946216094971
240000,update,q_param_norm_min,476.5221710205078
240000,update,q_update_norm,0.044910021126270294
240000,update,q_update_norm_max,0.13086679577827454
240000,update,q_update_norm_mean,0.03285788694042713
240000,update,q_update_norm_min,0.01154892798513174
240000,update,q_update_norm_ratio,0.00013246579889459304
240000,update,q_update_norm_ratio_max,0.0003875676263147563
240000,update,q_update_norm_ratio_mean,9.722133626048557e-05
240000,update,q_update_norm_ratio_min,3.423127531698263e-05
240000,update,target_q_mean,-13.771343231201172
240000,update,target_q_mean_max,-6.681136608123779
240000,update,target_q_mean_mean,-14.328743657588959
240000,update,target_q_mean_min,-23.45210075378418
240200,train_episode,collapse,0.0
240200,train_episode,length,200.0
240200,train_episode,return,-126.87692794871494
240200,train_episode,success,1.0
240400,train_episode,collapse,0.0
240400,train_episode,length,200.0
240400,train_episode,return,-125.44239832659049
240400,train_episode,success,1.0
240600,train_episode,collapse,0.0
240600,train_episode,length,200.0
240600,train_episode,return,-120.46807383098165
240600,train_episode,success,1.0
240800,train_episode,collapse,0.0
240800,train_episode,length,200.0
240800,train_episode,return,-2.6451097885441675
240800,train_episode,success,1.0
241000,train_episode,collapse,0.0
241000,train_episode,length,200.0
241000,train_episode,return,-3.2313660106104334
241000,train_episode,success,1.0
241200,train_episode,collapse,0.0
241200,train_episode,length,200.0
241200,train_episode,return,-217.94143042202924
241200,train_episode,success,0.0
241400,train_episode,collapse,0.0
241400,train_episode,length,200.0
241400,train_episode,return,-230.18163534775599
241400,train_episode,success,0.0
241600,train_episode,collapse,0.0
241600,train_episode,length,200.0
241600,train_episode,return,-125.22068006851919
241600,train_episode,success,1.0
241800,train_episode,collapse,0.0
241800,train_episode,length,200.0
241800,train_episode,return,-128.42423982175237
241800,train_episode,success,1.0
242000,train_episode,collapse,0.0
242000,train_episode,length,200.0
242000,train_episode,return,-224.65331889897647
242000,train_episode,success,0.0
242200,train_episode,collapse,0.0
242200,train_episode,length,200.0
242200,train_episode,return,-121.80632524449105
242200,train_episode,success,1.0
242400,train_episode,collapse,0.0
242400,train_episode,length,200.0
242400,train_episode,return,-121.42520561975235
242400,train_episode,success,1.0
242600,train_episode,collapse,0.0
242600,train_episode,length,200.0
242600,train_episode,return,-283.9174194650041
242600,train_episode,success,0.0
242800,train_episode,collapse,0.0
242800,train_episode,length,200.0
242800,train_episode,return,-124.31085749373734
242800,train_episode,success,1.0
243000,train_episode,collapse,0.0
243000,train_episode,length,200.0
243000,train_episode,return,-124.1389977664107
243000,train_episode,success,1.0
243200,train_episode,collapse,0.0
243200,train_episode,length,200.0
243200,train_episode,return,-125.16743698715685
243200,train_episode,success,1.0
243400,train_episode,collapse,0.0
243400,train_episode,length,200.0
243400,train_episode,return,-114.45230854468294
243400,train_episode,success,1.0
243600,train_episode,collapse,0.0
243600,train_episode,length,200.0
243600,train_episode,return,-1.2595508322287445
243600,train_episode,success,1.0
243800,train_episode,collapse,0.0
243800,train_episode,length,200.0
243800,train_episode,return,-122.52930623639705
243800,train_episode,success,1.0
244000,train_episode,collapse,0.0
244000,train_episode,length,200.0
244000,train_episode,return,-119.71802235948621
244000,train_episode,success,1.0
244200,train_episode,collapse,0.0
244200,train_episode,length,200.0
244200,train_episode,return,-118.71888773054843
244200,train_episode,success,1.0
244400,train_episode,collapse,0.0
244400,train_episode,length,200.0
244400,train_episode,return,-243.7247237477939
244400,train_episode,success,0.0
244600,train_episode,collapse,0.0
244600,train_episode,length,200.0
244600,train_episode,return,-2.539384834761749
244600,train_episode,success,1.0
244800,train_episode,collapse,0.0
244800,train_episode,length,200.0
244800,train_episode,return,-118.55066830909219
244800,train_episode,success,1.0
245000,train_episode,collapse,0.0
245000,train_episode,length,200.0
245000,train_episode,return,-221.82413448474014
245000,train_episode,success,0.0
245000,update,actor_grad_norm,0.3263624608516693
245000,update,actor_grad_norm_max,8.404084205627441
245000,update,actor_grad_norm_mean,0.47694840093553065
245000,update,actor_grad_norm_min,0.06311187893152237
245000,update,actor_loss,14.36240005493164
245000,update,actor_loss_max,23.667749404907227
245000,update,actor_loss_mean,14.287462676811218
245000,update,actor_loss_min,6.985960960388184
245000,update,actor_param_norm,89.49723052978516
245000,update,actor_param_norm_max,89.49723052978516
245000,update,actor_param_norm_mean,89.13764144592285
245000,update,actor_param_norm_min,88.80272674560547
245000,update,actor_update_norm,0.012730322778224945
245000,update,actor_update_norm_max,0.043741121888160706
245000,update,actor_update_norm_mean,0.013829147191159427
245000,update,actor_update_norm_min,0.00553985545411706
245000,update,actor_update_norm_ratio,0.00014224276611833302
245000,update,actor_update_norm_ratio_max,0.0004898960919750757
245000,update,actor_update_norm_ratio_mean,0.00015513566949814614
245000,update,actor_update_norm_ratio_min,6.196919872142911e-05
245000,update,alpha,0.0028610709123313427
245000,update,alpha_loss,6.166871753521264e-05
245000,update,alpha_loss_max,0.0017256203573197126
245000,update,alpha_loss_mean,1.2682370419133804e-05
245000,update,alpha_loss_min,-0.0020861339289695024
245000,update,alpha_max,0.003697992768138647
245000,update,alpha_mean,0.002925369331147522
245000,update,alpha_min,0.0021243016235530376
245000,update,num_optimizer_updates,5000.0
245000,update,policy_entropy_estimate,-0.9784572124481201
245000,update,policy_entropy_estimate_max,-0.4245419502258301
245000,update,policy_entropy_estimate_mean,-0.9958610476255417
245000,update,policy_entropy_estimate_min,-1.6744900941848755
245000,update,policy_log_prob_mean,0.9784572124481201
245000,update,policy_log_prob_mean_max,1.6744900941848755
245000,update,policy_log_prob_mean_mean,0.9958610476255417
245000,update,policy_log_prob_mean_min,0.4245419502258301
245000,update,q1_loss,0.6745423674583435
245000,update,q1_loss_max,36.391902923583984
245000,update,q1_loss_mean,0.5970371506422758
245000,update,q1_loss_min,0.031333982944488525
245000,update,q1_mean,-14.646331787109375
245000,update,q1_mean_max,-6.355321407318115
245000,update,q1_mean_mean,-14.279795569133759
245000,update,q1_mean_min,-23.572296142578125
245000,update,q2_loss,0.3539558947086334
245000,update,q2_loss_max,32.25022506713867
245000,update,q2_loss_mean,0.5490021958172321
245000,update,q2_loss_min,0.030756674706935883
245000,update,q2_mean,-14.762752532958984
245000,update,q2_mean_max,-6.594140529632568
245000,update,q2_mean_mean,-14.27981238565445
245000,update,q2_mean_min,-23.55900764465332
245000,update,q_grad_norm,101.1106185913086
245000,update,q_grad_norm_max,1386.9615478515625
245000,update,q_grad_norm_mean,106.81699731273652
245000,update,q_grad_norm_min,13.154470443725586
245000,update,q_loss,1.0284982919692993
245000,update,q_loss_cleanrl_logged,0.5142491459846497
245000,update,q_loss_cleanrl_logged_max,34.32106399536133
245000,update,q_loss_cleanrl_logged_mean,0.5730196730613708
245000,update,q_loss_cleanrl_logged_min,0.06089609116315842
245000,update,q_loss_max,68.64212799072266
245000,update,q_loss_mean,1.1460393461227416
245000,update,q_loss_min,0.12179218232631683
245000,update,q_param_norm,482.1563262939453
245000,update,q_param_norm_max,482.1615753173828
245000,update,q_param_norm_mean,480.7029002441406
245000,update,q_param_norm_min,479.4610290527344
245000,update,q_update_norm,0.025091776624321938
245000,update,q_update_norm_max,0.10170290619134903
245000,update,q_update_norm_mean,0.03310940101891756
245000,update,q_update_norm_min,0.01466319989413023
245000,update,q_update_norm_ratio,7.359665547501878e-05
245000,update,q_update_norm_ratio_max,0.00029982951216295955
245000,update,q_update_norm_ratio_mean,9.740941359246704e-05
245000,update,q_update_norm_ratio_min,4.320967999121383e-05
245000,update,target_q_mean,-14.74296760559082
245000,update,target_q_mean_max,-6.363155841827393
245000,update,target_q_mean_mean,-14.280128948307038
245000,update,target_q_mean_min,-23.583999633789062
245200,train_episode,collapse,0.0
245200,train_episode,length,200.0
245200,train_episode,return,-119.79848982864785
245200,train_episode,success,1.0
245400,train_episode,collapse,0.0
245400,train_episode,length,200.0
245400,train_episode,return,-121.73627697110776
245400,train_episode,success,1.0
245600,train_episode,collapse,0.0
245600,train_episode,length,200.0
245600,train_episode,return,-291.89768657507216
245600,train_episode,success,0.0
245800,train_episode,collapse,0.0
245800,train_episode,length,200.0
245800,train_episode,return,-222.64731709732283
245800,train_episode,success,0.0
246000,train_episode,collapse,0.0
246000,train_episode,length,200.0
246000,train_episode,return,-218.64901100958252
246000,train_episode,success,0.0
246200,train_episode,collapse,0.0
246200,train_episode,length,200.0
246200,train_episode,return,-119.2981269477507
246200,train_episode,success,1.0
246400,train_episode,collapse,0.0
246400,train_episode,length,200.0
246400,train_episode,return,-117.99110413826548
246400,train_episode,success,1.0
246600,train_episode,collapse,0.0
246600,train_episode,length,200.0
246600,train_episode,return,-241.69891212796827
246600,train_episode,success,0.0
246800,train_episode,collapse,0.0
246800,train_episode,length,200.0
246800,train_episode,return,-117.87121004823074
246800,train_episode,success,1.0
247000,train_episode,collapse,0.0
247000,train_episode,length,200.0
247000,train_episode,return,-115.57035865362009
247000,train_episode,success,1.0
247200,train_episode,collapse,0.0
247200,train_episode,length,200.0
247200,train_episode,return,-237.0679329655664
247200,train_episode,success,0.0
247400,train_episode,collapse,0.0
247400,train_episode,length,200.0
247400,train_episode,return,-223.21671195964637
247400,train_episode,success,0.0
247600,train_episode,collapse,0.0
247600,train_episode,length,200.0
247600,train_episode,return,-225.62333804739137
247600,train_episode,success,0.0
247800,train_episode,collapse,0.0
247800,train_episode,length,200.0
247800,train_episode,return,-121.7387187988088
247800,train_episode,success,1.0
248000,train_episode,collapse,0.0
248000,train_episode,length,200.0
248000,train_episode,return,-121.13678495034982
248000,train_episode,success,1.0
248200,train_episode,collapse,0.0
248200,train_episode,length,200.0
248200,train_episode,return,-119.73112438692348
248200,train_episode,success,1.0
248400,train_episode,collapse,0.0
248400,train_episode,length,200.0
248400,train_episode,return,-219.4307165145993
248400,train_episode,success,0.0
248600,train_episode,collapse,0.0
248600,train_episode,length,200.0
248600,train_episode,return,-227.94977208958974
248600,train_episode,success,0.0
248800,train_episode,collapse,0.0
248800,train_episode,length,200.0
248800,train_episode,return,-215.92511994775796
248800,train_episode,success,0.0
249000,train_episode,collapse,0.0
249000,train_episode,length,200.0
249000,train_episode,return,-125.6028865737229
249000,train_episode,success,1.0
249200,train_episode,collapse,0.0
249200,train_episode,length,200.0
249200,train_episode,return,-117.20301362891604
249200,train_episode,success,1.0
249400,train_episode,collapse,0.0
249400,train_episode,length,200.0
249400,train_episode,return,-125.20673821953052
249400,train_episode,success,1.0
249600,train_episode,collapse,0.0
249600,train_episode,length,200.0
249600,train_episode,return,-264.85214810867797
249600,train_episode,success,0.0
249800,train_episode,collapse,0.0
249800,train_episode,length,200.0
249800,train_episode,return,-3.426146509027048
249800,train_episode,success,1.0
250000,train_episode,collapse,0.0
250000,train_episode,length,200.0
250000,train_episode,return,-0.816759891412222
250000,train_episode,success,1.0
250000,update,actor_grad_norm,0.8342912197113037
250000,update,actor_grad_norm_max,28.425418853759766
250000,update,actor_grad_norm_mean,0.46162214961647985
250000,update,actor_grad_norm_min,0.05135194584727287
250000,update,actor_loss,12.868170738220215
250000,update,actor_loss_max,23.989906311035156
250000,update,actor_loss_mean,14.161444875144959
250000,update,actor_loss_min,5.814972877502441
250000,update,actor_param_norm,90.14221954345703
250000,update,actor_param_norm_max,90.14221954345703
250000,update,actor_param_norm_mean,89.81797272949218
250000,update,actor_param_norm_min,89.49400329589844
250000,update,actor_update_norm,0.008414696902036667
250000,update,actor_update_norm_max,0.04750865697860718
250000,update,actor_update_norm_mean,0.012918400344997645
250000,update,actor_update_norm_min,0.0051034861244261265
250000,update,actor_update_norm_ratio,9.334927838058684e-05
250000,update,actor_update_norm_ratio_max,0.0005277481191034073
250000,update,actor_update_norm_ratio_mean,0.00014383344242725683
250000,update,actor_update_norm_ratio_min,5.692246130861296e-05
250000,update,alpha,0.002893272787332535
250000,update,alpha_loss,0.0002511324128136039
250000,update,alpha_loss_max,0.002062160987406969
250000,update,alpha_loss_mean,1.34703460491437e-05
250000,update,alpha_loss_min,-0.002744800178334117
250000,update,alpha_max,0.005131264217197895
250000,update,alpha_mean,0.004051127950195223
250000,update,alpha_min,0.002733259927481413
250000,update,num_optimizer_updates,5000.0
250000,update,policy_entropy_estimate,-0.9132331609725952
250000,update,policy_entropy_estimate_max,-0.5710629224777222
250000,update,policy_entropy_estimate_mean,-0.9969156967401505
250000,update,policy_entropy_estimate_min,-1.5586483478546143
250000,update,policy_log_prob_mean,0.9132331609725952
250000,update,policy_log_prob_mean_max,1.5586483478546143
250000,update,policy_log_prob_mean_mean,0.9969156967401505
250000,update,policy_log_prob_mean_min,0.5710629224777222
250000,update,q1_loss,0.49749717116355896
250000,update,q1_loss_max,18.923370361328125
250000,update,q1_loss_mean,0.5239465099334717
250000,update,q1_loss_min,0.028943248093128204
250000,update,q1_mean,-12.665759086608887
250000,update,q1_mean_max,-5.665736675262451
250000,update,q1_mean_mean,-14.17910479335785
250000,update,q1_mean_min,-24.885704040527344
250000,update,q2_loss,0.3265550136566162
250000,update,q2_loss_max,20.054643630981445
250000,update,q2_loss_mean,0.4834788126129657
250000,update,q2_loss_min,0.02351635880768299
250000,update,q2_mean,-12.904830932617188
250000,update,q2_mean_max,-5.7835373878479
250000,update,q2_mean_mean,-14.179073563861847
250000,update,q2_mean_min,-25.05626106262207
250000,update,q_grad_norm,71.26362609863281
250000,update,q_grad_norm_max,1393.8250732421875
250000,update,q_grad_norm_mean,100.22907983093262
250000,update,q_grad_norm_min,12.804776191711426
250000,update,q_loss,0.8240522146224976
250000,update,q_loss_cleanrl_logged,0.4120261073112488
250000,update,q_loss_cleanrl_logged_max,19.48900604248047
250000,update,q_loss_cleanrl_logged_mean,0.5037126609824598
250000,update,q_loss_cleanrl_logged_min,0.03180256858468056
250000,update,q_loss_max,38.97801208496094
250000,update,q_loss_mean,1.0074253219649196
250000,update,q_loss_min,0.06360513716936111
250000,update,q_param_norm,485.2031555175781
250000,update,q_param_norm_max,485.2062683105469
250000,update,q_param_norm_mean,483.6628675292969
250000,update,q_param_norm_min,482.1458740234375
250000,update,q_update_norm,0.04594510421156883
250000,update,q_update_norm_max,0.10300397872924805
250000,update,q_update_norm_mean,0.03232387458346784
250000,update,q_update_norm_min,0.015753546729683876
250000,update,q_update_norm_ratio,0.0001339153899561657
250000,update,q_update_norm_ratio_max,0.00030163461876165737
250000,update,q_update_norm_ratio_mean,9.451530949115299e-05
250000,update,q_update_norm_ratio_min,4.6189238183573025e-05
250000,update,target_q_mean,-12.786587715148926
250000,update,target_q_mean_max,-5.742391109466553
250000,update,target_q_mean_mean,-14.179317673397064
250000,update,target_q_mean_min,-25.058887481689453
250000,replay,action_abs_max,2.0
250000,replay,action_abs_mean,0.5590976476669312
250000,replay,action_saturation_fraction,0.07336
250000,replay,capacity,500000.0
250000,replay,done_fraction,0.0
250000,replay,fill_fraction,0.5
250000,replay,near_upright_any_transition_fraction,0.834004
250000,replay,near_upright_next_obs_fraction,0.833924
250000,replay,near_upright_obs_fraction,0.82952
250000,replay,reward_max,-4.2872531480497855e-07
250000,replay,reward_mean,-0.8756306171417236
250000,replay,reward_min,-16.269039154052734
250000,replay,reward_std,2.52120041847229
250000,replay,sample_count_max,1118.0
250000,replay,sample_count_mean,250.88
250000,replay,size,250000.0
250000,replay,transition_age_max,249999.0
250000,replay,transition_age_mean,124999.5
250000,diagnostics,actor_layer0_activation_abs_max,3.811756134033203
250000,diagnostics,actor_layer0_activation_abs_mean,0.09818840026855469
250000,diagnostics,actor_layer0_dormant_fraction,0.1171875
250000,diagnostics,actor_layer0_effective_rank_fraction,0.052079834043979645
250000,diagnostics,actor_layer1_activation_abs_max,18.886205673217773
250000,diagnostics,actor_layer1_activation_abs_mean,0.022144649177789688
250000,diagnostics,actor_layer1_dormant_fraction,0.5234375
250000,diagnostics,actor_layer1_effective_rank_fraction,0.09665936976671219
250000,diagnostics,actor_param_norm,90.14221954345703
250000,diagnostics,alpha,0.002893272787332535
250000,diagnostics,q1_layer0_activation_abs_max,6.241806507110596
250000,diagnostics,q1_layer0_activation_abs_mean,0.31282681226730347
250000,diagnostics,q1_layer0_dormant_fraction,0.15234375
250000,diagnostics,q1_layer0_effective_rank_fraction,0.050837695598602295
250000,diagnostics,q1_layer1_activation_abs_max,39.466148376464844
250000,diagnostics,q1_layer1_activation_abs_mean,2.06502103805542
250000,diagnostics,q1_layer1_dormant_fraction,0.70703125
250000,diagnostics,q1_layer1_effective_rank_fraction,0.05632530152797699
250000,diagnostics,q1_param_norm,242.83876037597656
250000,diagnostics,q2_layer0_activation_abs_max,5.416234016418457
250000,diagnostics,q2_layer0_activation_abs_mean,0.31155645847320557
250000,diagnostics,q2_layer0_dormant_fraction,0.16796875
250000,diagnostics,q2_layer0_effective_rank_fraction,0.04952932521700859
250000,diagnostics,q2_layer1_activation_abs_max,37.63629150390625
250000,diagnostics,q2_layer1_activation_abs_mean,2.1439645290374756
250000,diagnostics,q2_layer1_dormant_fraction,0.72265625
250000,diagnostics,q2_layer1_effective_rank_fraction,0.05134054273366928
250000,diagnostics,q2_param_norm,242.36439514160156
250200,train_episode,collapse,0.0
250200,train_episode,length,200.0
250200,train_episode,return,-121.73659467679705
250200,train_episode,success,1.0
250400,train_episode,collapse,0.0
250400,train_episode,length,200.0
250400,train_episode,return,-231.61779473649588
250400,train_episode,success,0.0
250600,train_episode,collapse,0.0
250600,train_episode,length,200.0
250600,train_episode,return,-126.62844589070136
250600,train_episode,success,1.0
250800,train_episode,collapse,0.0
250800,train_episode,length,200.0
250800,train_episode,return,-238.1638792483628
250800,train_episode,success,0.0
251000,train_episode,collapse,0.0
251000,train_episode,length,200.0
251000,train_episode,return,-217.27953492429367
251000,train_episode,success,0.0
251200,train_episode,collapse,0.0
251200,train_episode,length,200.0
251200,train_episode,return,-218.18289604553914
251200,train_episode,success,0.0
251400,train_episode,collapse,0.0
251400,train_episode,length,200.0
251400,train_episode,return,-118.1609955129914
251400,train_episode,success,1.0
251600,train_episode,collapse,0.0
251600,train_episode,length,200.0
251600,train_episode,return,-117.29444355170818
251600,train_episode,success,1.0
251800,train_episode,collapse,0.0
251800,train_episode,length,200.0
251800,train_episode,return,-223.22351282993498
251800,train_episode,success,0.0
252000,train_episode,collapse,0.0
252000,train_episode,length,200.0
252000,train_episode,return,-225.9127806119069
252000,train_episode,success,0.0
252200,train_episode,collapse,0.0
252200,train_episode,length,200.0
252200,train_episode,return,-119.51979828993028
252200,train_episode,success,1.0
252400,train_episode,collapse,0.0
252400,train_episode,length,200.0
252400,train_episode,return,-216.93351382946366
252400,train_episode,success,0.0
252600,train_episode,collapse,0.0
252600,train_episode,length,200.0
252600,train_episode,return,-127.11297028851789
252600,train_episode,success,1.0
252800,train_episode,collapse,0.0
252800,train_episode,length,200.0
252800,train_episode,return,-217.60902503899604
252800,train_episode,success,0.0
253000,train_episode,collapse,0.0
253000,train_episode,length,200.0
253000,train_episode,return,-0.951794844930045
253000,train_episode,success,1.0
253200,train_episode,collapse,0.0
253200,train_episode,length,200.0
253200,train_episode,return,-123.33201788164124
253200,train_episode,success,1.0
253400,train_episode,collapse,0.0
253400,train_episode,length,200.0
253400,train_episode,return,-2.7236265354184543
253400,train_episode,success,1.0
253600,train_episode,collapse,0.0
253600,train_episode,length,200.0
253600,train_episode,return,-114.81623834762318
253600,train_episode,success,1.0
253800,train_episode,collapse,0.0
253800,train_episode,length,200.0
253800,train_episode,return,-227.96089331460277
253800,train_episode,success,0.0
254000,train_episode,collapse,0.0
254000,train_episode,length,200.0
254000,train_episode,return,-124.02899967063752
254000,train_episode,success,1.0
254200,train_episode,collapse,0.0
254200,train_episode,length,200.0
254200,train_episode,return,-219.7964129190927
254200,train_episode,success,0.0
254400,train_episode,collapse,0.0
254400,train_episode,length,200.0
254400,train_episode,return,-224.33341395104787
254400,train_episode,success,0.0
254600,train_episode,collapse,0.0
254600,train_episode,length,200.0
254600,train_episode,return,-2.73129135539029
254600,train_episode,success,1.0
254800,train_episode,collapse,0.0
254800,train_episode,length,200.0
254800,train_episode,return,-121.77374558077275
254800,train_episode,success,1.0
255000,train_episode,collapse,0.0
255000,train_episode,length,200.0
255000,train_episode,return,-224.8444558852023
255000,train_episode,success,0.0
255000,update,actor_grad_norm,0.5566350817680359
255000,update,actor_grad_norm_max,11.019030570983887
255000,update,actor_grad_norm_mean,0.4545649006515741
255000,update,actor_grad_norm_min,0.06606467068195343
255000,update,actor_loss,15.746251106262207
255000,update,actor_loss_max,22.565723419189453
255000,update,actor_loss_mean,14.17134184398651
255000,update,actor_loss_min,6.679220199584961
255000,update,actor_param_norm,90.8225326538086
255000,update,actor_param_norm_max,90.82341766357422
255000,update,actor_param_norm_mean,90.47404608459473
255000,update,actor_param_norm_min,90.13801574707031
255000,update,actor_update_norm,0.01777626946568489
255000,update,actor_update_norm_max,0.03739314153790474
255000,update,actor_update_norm_mean,0.013166910111159086
255000,update,actor_update_norm_min,0.005547537002712488
255000,update,actor_update_norm_ratio,0.0001957250426825524
255000,update,actor_update_norm_ratio_max,0.00041471379936737284
255000,update,actor_update_norm_ratio_mean,0.00014551783162626965
255000,update,actor_update_norm_ratio_min,6.13751934854991e-05
255000,update,alpha,0.00443677045404911
255000,update,alpha_loss,-0.0006356588564813137
255000,update,alpha_loss_max,0.0019297541584819555
255000,update,alpha_loss_mean,-4.1669797188660594e-05
255000,update,alpha_loss_min,-0.00204094173386693
255000,update,alpha_max,0.004898196551948786
255000,update,alpha_mean,0.003762319556809962
255000,update,alpha_min,0.002888627350330353
255000,update,num_optimizer_updates,5000.0
255000,update,policy_entropy_estimate,-1.1433130502700806
255000,update,policy_entropy_estimate_max,-0.5439643859863281
255000,update,policy_entropy_estimate_mean,-1.0122627134799957
255000,update,policy_entropy_estimate_min,-1.482985019683838
255000,update,policy_log_prob_mean,1.1433130502700806
255000,update,policy_log_prob_mean_max,1.482985019683838
255000,update,policy_log_prob_mean_mean,1.0122627134799957
255000,update,policy_log_prob_mean_min,0.5439643859863281
255000,update,q1_loss,0.34894293546676636
255000,update,q1_loss_max,29.349971771240234
255000,update,q1_loss_mean,0.5071151077985764
255000,update,q1_loss_min,0.03297571465373039
255000,update,q1_mean,-15.93940258026123
255000,update,q1_mean_max,-5.305026054382324
255000,update,q1_mean_mean,-14.133482759571075
255000,update,q1_mean_min,-23.927112579345703
255000,update,q2_loss,0.3073238730430603
255000,update,q2_loss_max,21.75270652770996
255000,update,q2_loss_mean,0.487756800365448
255000,update,q2_loss_min,0.02913229912519455
255000,update,q2_mean,-15.953792572021484
255000,update,q2_mean_max,-5.253231048583984
255000,update,q2_mean_mean,-14.133487590217591
255000,update,q2_mean_min,-23.895118713378906
255000,update,q_grad_norm,57.73192596435547
255000,update,q_grad_norm_max,1499.4207763671875
255000,update,q_grad_norm_mean,98.82097976894379
255000,update,q_grad_norm_min,12.934527397155762
255000,update,q_loss,0.6562668085098267
255000,update,q_loss_cleanrl_logged,0.32813340425491333
255000,update,q_loss_cleanrl_logged_max,25.55133819580078
255000,update,q_loss_cleanrl_logged_mean,0.49743595330491663
255000,update,q_loss_cleanrl_logged_min,0.04709754139184952
255000,update,q_loss_max,51.10267639160156
255000,update,q_loss_mean,0.9948719066098333
255000,update,q_loss_min,0.09419508278369904
255000,update,q_param_norm,488.0724334716797
255000,update,q_param_norm_max,488.0724334716797
255000,update,q_param_norm_mean,486.7075131561279
255000,update,q_param_norm_min,485.20103454589844
255000,update,q_update_norm,0.04015541449189186
255000,update,q_update_norm_max,0.11302840709686279
255000,update,q_update_norm_mean,0.03273693476449698
255000,update,q_update_norm_min,0.01537165604531765
255000,update,q_update_norm_ratio,0.00011635217089777975
255000,update,q_update_norm_ratio_max,0.0003278002031163596
255000,update,q_update_norm_ratio_mean,9.512437740613265e-05
255000,update,q_update_norm_ratio_min,4.4563731935615754e-05
255000,update,target_q_mean,-15.977972984313965
255000,update,target_q_mean_max,-5.371129035949707
255000,update,target_q_mean_mean,-14.133824847412109
255000,update,target_q_mean_min,-23.737709045410156
255200,train_episode,collapse,0.0
255200,train_episode,length,200.0
255200,train_episode,return,-124.22592359450262
255200,train_episode,success,1.0
255400,train_episode,collapse,0.0
255400,train_episode,length,200.0
255400,train_episode,return,-122.94101494236723
255400,train_episode,success,1.0
255600,train_episode,collapse,0.0
255600,train_episode,length,200.0
255600,train_episode,return,-5.6553297035386
255600,train_episode,success,1.0
255800,train_episode,collapse,0.0
255800,train_episode,length,200.0
255800,train_episode,return,-238.51460273915015
255800,train_episode,success,0.0
256000,train_episode,collapse,0.0
256000,train_episode,length,200.0
256000,train_episode,return,-4.265281328954413
256000,train_episode,success,1.0
256200,train_episode,collapse,0.0
256200,train_episode,length,200.0
256200,train_episode,return,-123.070084763295
256200,train_episode,success,1.0
256400,train_episode,collapse,0.0
256400,train_episode,length,200.0
256400,train_episode,return,-121.12363639419249
256400,train_episode,success,1.0
256600,train_episode,collapse,0.0
256600,train_episode,length,200.0
256600,train_episode,return,-123.59473721424891
256600,train_episode,success,1.0
256800,train_episode,collapse,0.0
256800,train_episode,length,200.0
256800,train_episode,return,-2.1973962275837065
256800,train_episode,success,1.0
257000,train_episode,collapse,0.0
257000,train_episode,length,200.0
257000,train_episode,return,-116.63166044208951
257000,train_episode,success,1.0
257200,train_episode,collapse,0.0
257200,train_episode,length,200.0
257200,train_episode,return,-5.840241403034526
257200,train_episode,success,1.0
257400,train_episode,collapse,0.0
257400,train_episode,length,200.0
257400,train_episode,return,-130.10918468377847
257400,train_episode,success,1.0
257600,train_episode,collapse,0.0
257600,train_episode,length,200.0
257600,train_episode,return,-119.61580027550305
257600,train_episode,success,1.0
257800,train_episode,collapse,0.0
257800,train_episode,length,200.0
257800,train_episode,return,-230.78453245926755
257800,train_episode,success,0.0
258000,train_episode,collapse,0.0
258000,train_episode,length,200.0
258000,train_episode,return,-223.28453994987765
258000,train_episode,success,0.0
258200,train_episode,collapse,0.0
258200,train_episode,length,200.0
258200,train_episode,return,-126.60366628959116
258200,train_episode,success,1.0
258400,train_episode,collapse,0.0
258400,train_episode,length,200.0
258400,train_episode,return,-123.68363526120629
258400,train_episode,success,1.0
258600,train_episode,collapse,0.0
258600,train_episode,length,200.0
258600,train_episode,return,-223.94782080464836
258600,train_episode,success,0.0
258800,train_episode,collapse,0.0
258800,train_episode,length,200.0
258800,train_episode,return,-6.1577276044527816
258800,train_episode,success,1.0
259000,train_episode,collapse,0.0
259000,train_episode,length,200.0
259000,train_episode,return,-4.481871317929601
259000,train_episode,success,1.0
259200,train_episode,collapse,0.0
259200,train_episode,length,200.0
259200,train_episode,return,-126.34369227298066
259200,train_episode,success,1.0
259400,train_episode,collapse,0.0
259400,train_episode,length,200.0
259400,train_episode,return,-121.79395483469138
259400,train_episode,success,1.0
259600,train_episode,collapse,0.0
259600,train_episode,length,200.0
259600,train_episode,return,-1.4283121579400364
259600,train_episode,success,1.0
259800,train_episode,collapse,0.0
259800,train_episode,length,200.0
259800,train_episode,return,-222.18954031128453
259800,train_episode,success,0.0
260000,train_episode,collapse,0.0
260000,train_episode,length,200.0
260000,train_episode,return,-217.64247691037065
260000,train_episode,success,0.0
260000,update,actor_grad_norm,0.15198275446891785
260000,update,actor_grad_norm_max,15.607522964477539
260000,update,actor_grad_norm_mean,0.4659109179854393
260000,update,actor_grad_norm_min,0.0809098333120346
260000,update,actor_loss,13.014544486999512
260000,update,actor_loss_max,23.692127227783203
260000,update,actor_loss_mean,13.997200583076477
260000,update,actor_loss_min,6.7095947265625
260000,update,actor_param_norm,91.5397720336914
260000,update,actor_param_norm_max,91.54067993164062
260000,update,actor_param_norm_mean,91.19555589904785
260000,update,actor_param_norm_min,90.82239532470703
260000,update,actor_update_norm,0.01790270209312439
260000,update,actor_update_norm_max,0.044487178325653076
260000,update,actor_update_norm_mean,0.01314055951628834
260000,update,actor_update_norm_min,0.004877091851085424
260000,update,actor_update_norm_ratio,0.00019557251346375207
260000,update,actor_update_norm_ratio_max,0.0004872575629699111
260000,update,actor_update_norm_ratio_mean,0.00014409998112152386
260000,update,actor_update_norm_ratio_min,5.344856953988999e-05
260000,update,alpha,0.0026321036275476217
260000,update,alpha_loss,-0.0003037528367713094
260000,update,alpha_loss_max,0.0017883533146232367
260000,update,alpha_loss_mean,6.582154765001178e-05
260000,update,alpha_loss_min,-0.0018732252065092325
260000,update,alpha_max,0.004487736150622368
260000,update,alpha_mean,0.003337582810362801
260000,update,alpha_min,0.0024388174060732126
260000,update,num_optimizer_updates,5000.0
260000,update,policy_entropy_estimate,-1.1155041456222534
260000,update,policy_entropy_estimate_max,-0.46309661865234375
260000,update,policy_entropy_estimate_mean,-0.9811565361499787
260000,update,policy_entropy_estimate_min,-1.6452680826187134
260000,update,policy_log_prob_mean,1.1155041456222534
260000,update,policy_log_prob_mean_max,1.6452680826187134
260000,update,policy_log_prob_mean_mean,0.9811565361499787
260000,update,policy_log_prob_mean_min,0.46309661865234375
260000,update,q1_loss,0.14325068891048431
260000,update,q1_loss_max,46.283287048339844
260000,update,q1_loss_mean,0.5558525506071746
260000,update,q1_loss_min,0.03613518550992012
260000,update,q1_mean,-12.944754600524902
260000,update,q1_mean_max,-6.578877925872803
260000,update,q1_mean_mean,-14.011905500507355
260000,update,q1_mean_min,-25.868850708007812
260000,update,q2_loss,0.14038611948490143
260000,update,q2_loss_max,46.712772369384766
260000,update,q2_loss_mean,0.5017416428133845
260000,update,q2_loss_min,0.031591225415468216
260000,update,q2_mean,-12.814937591552734
260000,update,q2_mean_max,-6.620179176330566
260000,update,q2_mean_mean,-14.011860105419158
260000,update,q2_mean_min,-25.704017639160156
260000,update,q_grad_norm,36.780921936035156
260000,update,q_grad_norm_max,1557.7724609375
260000,update,q_grad_norm_mean,101.73284969673156
260000,update,q_grad_norm_min,11.248748779296875
260000,update,q_loss,0.28363680839538574
260000,update,q_loss_cleanrl_logged,0.14181840419769287
260000,update,q_loss_cleanrl_logged_max,46.49803161621094
260000,update,q_loss_cleanrl_logged_mean,0.5287970968872309
260000,update,q_loss_cleanrl_logged_min,0.04559679329395294
260000,update,q_loss_max,92.99606323242188
260000,update,q_loss_mean,1.0575941937744617
260000,update,q_loss_min,0.09119358658790588
260000,update,q_param_norm,491.1166076660156
260000,update,q_param_norm_max,491.1166076660156
260000,update,q_param_norm_mean,489.587631350708
260000,update,q_param_norm_min,488.0603332519531
260000,update,q_update_norm,0.0291904266923666
260000,update,q_update_norm_max,0.11553362011909485
260000,update,q_update_norm_mean,0.03214935105852783
260000,update,q_update_norm_min,0.01532755233347416
260000,update,q_update_norm_ratio,8.405649597087198e-05
260000,update,q_update_norm_ratio_max,0.00033319140118422797
260000,update,q_update_norm_ratio_mean,9.286539705331267e-05
260000,update,q_update_norm_ratio_min,4.4178758010358233e-05
260000,update,target_q_mean,-12.8359956741333
260000,update,target_q_mean_max,-6.48269510269165
260000,update,target_q_mean_mean,-14.012148777580261
260000,update,target_q_mean_min,-25.81128692626953
260200,train_episode,collapse,0.0
260200,train_episode,length,200.0
260200,train_episode,return,-117.31364341418283
260200,train_episode,success,1.0
260400,train_episode,collapse,0.0
260400,train_episode,length,200.0
260400,train_episode,return,-313.2283022242472
260400,train_episode,success,0.0
260600,train_episode,collapse,0.0
260600,train_episode,length,200.0
260600,train_episode,return,-219.91565499417945
260600,train_episode,success,0.0
260800,train_episode,collapse,0.0
260800,train_episode,length,200.0
260800,train_episode,return,-122.5458201719601
260800,train_episode,success,1.0
261000,train_episode,collapse,0.0
261000,train_episode,length,200.0
261000,train_episode,return,-123.09179350329316
261000,train_episode,success,1.0
261200,train_episode,collapse,0.0
261200,train_episode,length,200.0
261200,train_episode,return,-129.37439376402756
261200,train_episode,success,1.0
261400,train_episode,collapse,0.0
261400,train_episode,length,200.0
261400,train_episode,return,-117.78796487805924
261400,train_episode,success,1.0
261600,train_episode,collapse,0.0
261600,train_episode,length,200.0
261600,train_episode,return,-121.94106260175698
261600,train_episode,success,1.0
261800,train_episode,collapse,0.0
261800,train_episode,length,200.0
261800,train_episode,return,-125.12902690727432
261800,train_episode,success,1.0
262000,train_episode,collapse,0.0
262000,train_episode,length,200.0
262000,train_episode,return,-2.22381185981964
262000,train_episode,success,1.0
262200,train_episode,collapse,0.0
262200,train_episode,length,200.0
262200,train_episode,return,-119.8587416425278
262200,train_episode,success,1.0
262400,train_episode,collapse,0.0
262400,train_episode,length,200.0
262400,train_episode,return,-118.44208550160563
262400,train_episode,success,1.0
262600,train_episode,collapse,0.0
262600,train_episode,length,200.0
262600,train_episode,return,-224.73320922690337
262600,train_episode,success,0.0
262800,train_episode,collapse,0.0
262800,train_episode,length,200.0
262800,train_episode,return,-120.79473917473703
262800,train_episode,success,1.0
263000,train_episode,collapse,0.0
263000,train_episode,length,200.0
263000,train_episode,return,-126.1150326437553
263000,train_episode,success,1.0
263200,train_episode,collapse,0.0
263200,train_episode,length,200.0
263200,train_episode,return,-115.91980269582874
263200,train_episode,success,1.0
263400,train_episode,collapse,0.0
263400,train_episode,length,200.0
263400,train_episode,return,-241.21762943062612
263400,train_episode,success,0.0
263600,train_episode,collapse,0.0
263600,train_episode,length,200.0
263600,train_episode,return,-3.518729900502996
263600,train_episode,success,1.0
263800,train_episode,collapse,0.0
263800,train_episode,length,200.0
263800,train_episode,return,-224.371148706738
263800,train_episode,success,0.0
264000,train_episode,collapse,0.0
264000,train_episode,length,200.0
264000,train_episode,return,-120.16081860646142
264000,train_episode,success,1.0
264200,train_episode,collapse,0.0
264200,train_episode,length,200.0
264200,train_episode,return,-295.86491393469294
264200,train_episode,success,0.0
264400,train_episode,collapse,0.0
264400,train_episode,length,200.0
264400,train_episode,return,-120.27483066959144
264400,train_episode,success,1.0
264600,train_episode,collapse,0.0
264600,train_episode,length,200.0
264600,train_episode,return,-223.655747420448
264600,train_episode,success,0.0
264800,train_episode,collapse,0.0
264800,train_episode,length,200.0
264800,train_episode,return,-123.40268742261024
264800,train_episode,success,1.0
265000,train_episode,collapse,0.0
265000,train_episode,length,200.0
265000,train_episode,return,-3.1232632350628506
265000,train_episode,success,1.0
265000,update,actor_grad_norm,0.424343466758728
265000,update,actor_grad_norm_max,15.39133358001709
265000,update,actor_grad_norm_mean,0.47806074271202087
265000,update,actor_grad_norm_min,0.07532032579183578
265000,update,actor_loss,12.514266014099121
265000,update,actor_loss_max,23.959665298461914
265000,update,actor_loss_mean,13.952506085968018
265000,update,actor_loss_min,6.021666526794434
265000,update,actor_param_norm,92.19683074951172
265000,update,actor_param_norm_max,92.19683074951172
265000,update,actor_param_norm_mean,91.87895809631348
265000,update,actor_param_norm_min,91.53789520263672
265000,update,actor_update_norm,0.01688867248594761
265000,update,actor_update_norm_max,0.04819139465689659
265000,update,actor_update_norm_mean,0.012952472363598646
265000,update,actor_update_norm_min,0.0048170569352805614
265000,update,actor_update_norm_ratio,0.0001831806943518608
265000,update,actor_update_norm_ratio_max,0.0005264534280392011
265000,update,actor_update_norm_ratio_mean,0.00014097294470274757
265000,update,actor_update_norm_ratio_min,5.249356274834425e-05
265000,update,alpha,0.002267183968797326
265000,update,alpha_loss,-7.161535177147016e-05
265000,update,alpha_loss_max,0.002744038123637438
265000,update,alpha_loss_mean,3.9685268090761386e-05
265000,update,alpha_loss_min,-0.0017865626141428947
265000,update,alpha_max,0.004362524952739477
265000,update,alpha_mean,0.003070244734827429
265000,update,alpha_min,0.002180175855755806
265000,update,num_optimizer_updates,5000.0
265000,update,policy_entropy_estimate,-1.031602144241333
265000,update,policy_entropy_estimate_max,-0.1635819971561432
265000,update,policy_entropy_estimate_mean,-0.9859007995128631
265000,update,policy_entropy_estimate_min,-1.5549678802490234
265000,update,policy_log_prob_mean,1.031602144241333
265000,update,policy_log_prob_mean_max,1.5549678802490234
265000,update,policy_log_prob_mean_mean,0.9859007995128631
265000,update,policy_log_prob_mean_min,0.1635819971561432
265000,update,q1_loss,0.20626209676265717
265000,update,q1_loss_max,44.881370544433594
265000,update,q1_loss_mean,0.5528424183622003
265000,update,q1_loss_min,0.036320760846138
265000,update,q1_mean,-12.745235443115234
265000,update,q1_mean_max,-6.12256383895874
265000,update,q1_mean_mean,-13.954741876220703
265000,update,q1_mean_min,-24.618803024291992
265000,update,q2_loss,0.2641127109527588
265000,update,q2_loss_max,45.230045318603516
265000,update,q2_loss_mean,0.5173682568650693
265000,update,q2_loss_min,0.02967510186135769
265000,update,q2_mean,-12.630995750427246
265000,update,q2_mean_max,-6.277707099914551
265000,update,q2_mean_mean,-13.95474633359909
265000,update,q2_mean_min,-24.371850967407227
265000,update,q_grad_norm,105.62509155273438
265000,update,q_grad_norm_max,1469.85205078125
265000,update,q_grad_norm_mean,101.1880587846756
265000,update,q_grad_norm_min,11.087211608886719
265000,update,q_loss,0.47037482261657715
265000,update,q_loss_cleanrl_logged,0.23518741130828857
265000,update,q_loss_cleanrl_logged_max,45.05570983886719
265000,update,q_loss_cleanrl_logged_mean,0.5351053385458887
265000,update,q_loss_cleanrl_logged_min,0.044867757707834244
265000,update,q_loss_max,90.11141967773438
265000,update,q_loss_mean,1.0702106770917774
265000,update,q_loss_min,0.08973551541566849
265000,update,q_param_norm,493.9954376220703
265000,update,q_param_norm_max,493.9990234375
265000,update,q_param_norm_mean,492.5264732513428
265000,update,q_param_norm_min,491.1193084716797
265000,update,q_update_norm,0.03643159568309784
265000,update,q_update_norm_max,0.128085196018219
265000,update,q_update_norm_mean,0.031743071766942736
265000,update,q_update_norm_min,0.014672448858618736
265000,update,q_update_norm_ratio,0.00010429605001075905
265000,update,q_update_norm_ratio_max,0.00036735691224212407
265000,update,q_update_norm_ratio_mean,9.114691253491274e-05
265000,update,q_update_norm_ratio_min,4.217905396305536e-05
265000,update,target_q_mean,-12.625099182128906
265000,update,target_q_mean_max,-6.006243705749512
265000,update,target_q_mean_mean,-13.954993543243408
265000,update,target_q_mean_min,-24.649303436279297
265200,train_episode,collapse,0.0
265200,train_episode,length,200.0
265200,train_episode,return,-128.39798387186232
265200,train_episode,success,1.0
265400,train_episode,collapse,0.0
265400,train_episode,length,200.0
265400,train_episode,return,-3.820032362851238
265400,train_episode,success,1.0
265600,train_episode,collapse,0.0
265600,train_episode,length,200.0
265600,train_episode,return,-118.22583020443646
265600,train_episode,success,1.0
265800,train_episode,collapse,0.0
265800,train_episode,length,200.0
265800,train_episode,return,-120.38917641835157
265800,train_episode,success,1.0
266000,train_episode,collapse,0.0
266000,train_episode,length,200.0
266000,train_episode,return,-126.88810709563111
266000,train_episode,success,1.0
266200,train_episode,collapse,0.0
266200,train_episode,length,200.0
266200,train_episode,return,-121.87924664670062
266200,train_episode,success,1.0
266400,train_episode,collapse,0.0
266400,train_episode,length,200.0
266400,train_episode,return,-231.38802301233312
266400,train_episode,success,0.0
266600,train_episode,collapse,0.0
266600,train_episode,length,200.0
266600,train_episode,return,-2.359155052132717
266600,train_episode,success,1.0
266800,train_episode,collapse,0.0
266800,train_episode,length,200.0
266800,train_episode,return,-3.266432033754056
266800,train_episode,success,1.0
267000,train_episode,collapse,0.0
267000,train_episode,length,200.0
267000,train_episode,return,-119.75377125907949
267000,train_episode,success,1.0
267200,train_episode,collapse,0.0
267200,train_episode,length,200.0
267200,train_episode,return,-121.13490921336842
267200,train_episode,success,1.0
267400,train_episode,collapse,0.0
267400,train_episode,length,200.0
267400,train_episode,return,-122.66266086747862
267400,train_episode,success,1.0
267600,train_episode,collapse,0.0
267600,train_episode,length,200.0
267600,train_episode,return,-117.90911893572857
267600,train_episode,success,1.0
267800,train_episode,collapse,0.0
267800,train_episode,length,200.0
267800,train_episode,return,-128.9325114511535
267800,train_episode,success,1.0
268000,train_episode,collapse,0.0
268000,train_episode,length,200.0
268000,train_episode,return,-3.65521578877229
268000,train_episode,success,1.0
268200,train_episode,collapse,0.0
268200,train_episode,length,200.0
268200,train_episode,return,-121.22165768138896
268200,train_episode,success,1.0
268400,train_episode,collapse,0.0
268400,train_episode,length,200.0
268400,train_episode,return,-128.44046275176774
268400,train_episode,success,1.0
268600,train_episode,collapse,0.0
268600,train_episode,length,200.0
268600,train_episode,return,-119.47025539407784
268600,train_episode,success,1.0
268800,train_episode,collapse,0.0
268800,train_episode,length,200.0
268800,train_episode,return,-115.34974708679997
268800,train_episode,success,1.0
269000,train_episode,collapse,0.0
269000,train_episode,length,200.0
269000,train_episode,return,-1.6950234251847502
269000,train_episode,success,1.0
269200,train_episode,collapse,0.0
269200,train_episode,length,200.0
269200,train_episode,return,-255.17989968962226
269200,train_episode,success,0.0
269400,train_episode,collapse,0.0
269400,train_episode,length,200.0
269400,train_episode,return,-116.92937128917991
269400,train_episode,success,1.0
269600,train_episode,collapse,0.0
269600,train_episode,length,200.0
269600,train_episode,return,-119.89061852106337
269600,train_episode,success,1.0
269800,train_episode,collapse,0.0
269800,train_episode,length,200.0
269800,train_episode,return,-126.32539486551423
269800,train_episode,success,1.0
270000,train_episode,collapse,0.0
270000,train_episode,length,200.0
270000,train_episode,return,-122.87957590028962
270000,train_episode,success,1.0
270000,update,actor_grad_norm,0.20623871684074402
270000,update,actor_grad_norm_max,13.41884994506836
270000,update,actor_grad_norm_mean,0.45399431889504194
270000,update,actor_grad_norm_min,0.05871700868010521
270000,update,actor_loss,21.757183074951172
270000,update,actor_loss_max,23.07239532470703
270000,update,actor_loss_mean,13.858652711677552
270000,update,actor_loss_min,5.857893943786621
270000,update,actor_param_norm,92.76565551757812
270000,update,actor_param_norm_max,92.76565551757812
270000,update,actor_param_norm_mean,92.4854723373413
270000,update,actor_param_norm_min,92.19683074951172
270000,update,actor_update_norm,0.008101298473775387
270000,update,actor_update_norm_max,0.04319983720779419
270000,update,actor_update_norm_mean,0.012844670942053198
270000,update,actor_update_norm_min,0.005604382138699293
270000,update,actor_update_norm_ratio,8.733097487034762e-05
270000,update,actor_update_norm_ratio_max,0.00046686623279126735
270000,update,actor_update_norm_ratio_mean,0.00013889166400742043
270000,update,actor_update_norm_ratio_min,6.045958221726145e-05
270000,update,alpha,0.003159938845783472
270000,update,alpha_loss,-0.00022235544747672975
270000,update,alpha_loss_max,0.002458064816892147
270000,update,alpha_loss_mean,-1.3715521861740853e-05
270000,update,alpha_loss_min,-0.002557893982157111
270000,update,alpha_max,0.005609314888715744
270000,update,alpha_mean,0.0037088706895243378
270000,update,alpha_min,0.002267183968797326
270000,update,num_optimizer_updates,5000.0
270000,update,policy_entropy_estimate,-1.0703028440475464
270000,update,policy_entropy_estimate_max,-0.4752628207206726
270000,update,policy_entropy_estimate_mean,-1.008437389409542
270000,update,policy_entropy_estimate_min,-1.7634305953979492
270000,update,policy_log_prob_mean,1.0703028440475464
270000,update,policy_log_prob_mean_max,1.7634305953979492
270000,update,policy_log_prob_mean_mean,1.008437389409542
270000,update,policy_log_prob_mean_min,0.4752628207206726
270000,update,q1_loss,0.34445294737815857
270000,update,q1_loss_max,29.039287567138672
270000,update,q1_loss_mean,0.5437256943494081
270000,update,q1_loss_min,0.03259396180510521
270000,update,q1_mean,-22.18412971496582
270000,update,q1_mean_max,-5.700991630554199
270000,update,q1_mean_mean,-13.90103221502304
270000,update,q1_mean_min,-24.9725341796875
270000,update,q2_loss,0.5622037053108215
270000,update,q2_loss_max,30.63625717163086
270000,update,q2_loss_mean,0.5008196109063924
270000,update,q2_loss_min,0.02681718021631241
270000,update,q2_mean,-22.121965408325195
270000,update,q2_mean_max,-5.786149978637695
270000,update,q2_mean_mean,-13.900993169403076
270000,update,q2_mean_min,-24.796852111816406
270000,update,q_grad_norm,60.860347747802734
270000,update,q_grad_norm_max,1819.780029296875
270000,update,q_grad_norm_mean,99.02419685554504
270000,update,q_grad_norm_min,9.450307846069336
270000,update,q_loss,0.9066566228866577
270000,update,q_loss_cleanrl_logged,0.45332831144332886
270000,update,q_loss_cleanrl_logged_max,29.837772369384766
270000,update,q_loss_cleanrl_logged_mean,0.5222726523913443
270000,update,q_loss_cleanrl_logged_min,0.04205118492245674
270000,update,q_loss_max,59.67554473876953
270000,update,q_loss_mean,1.0445453047826887
270000,update,q_loss_min,0.08410236984491348
270000,update,q_param_norm,496.70057678222656
270000,update,q_param_norm_max,496.70057678222656
270000,update,q_param_norm_mean,495.45360492248534
270000,update,q_param_norm_min,493.96702575683594
270000,update,q_update_norm,0.029608778655529022
270000,update,q_update_norm_max,0.10344748944044113
270000,update,q_update_norm_mean,0.03164306302648038
270000,update,q_update_norm_min,0.010719933547079563
270000,update,q_update_norm_ratio,8.430190070487962e-05
270000,update,q_update_norm_ratio_max,0.0002948335984105008
270000,update,q_update_norm_ratio_mean,9.032296880353066e-05
270000,update,q_update_norm_ratio_min,3.053831207506035e-05
270000,update,target_q_mean,-22.268823623657227
270000,update,target_q_mean_max,-5.796614170074463
270000,update,target_q_mean_mean,-13.901326346874237
270000,update,target_q_mean_min,-24.88504981994629
270200,train_episode,collapse,0.0
270200,train_episode,length,200.0
270200,train_episode,return,-217.17682864723855
270200,train_episode,success,0.0
270400,train_episode,collapse,0.0
270400,train_episode,length,200.0
270400,train_episode,return,-117.41393418035781
270400,train_episode,success,1.0
270600,train_episode,collapse,0.0
270600,train_episode,length,200.0
270600,train_episode,return,-1.4968474675325367
270600,train_episode,success,1.0
270800,train_episode,collapse,0.0
270800,train_episode,length,200.0
270800,train_episode,return,-263.72351002857374
270800,train_episode,success,0.0
271000,train_episode,collapse,0.0
271000,train_episode,length,200.0
271000,train_episode,return,-119.19075466792329
271000,train_episode,success,1.0
271200,train_episode,collapse,0.0
271200,train_episode,length,200.0
271200,train_episode,return,-216.7051847481112
271200,train_episode,success,0.0
271400,train_episode,collapse,0.0
271400,train_episode,length,200.0
271400,train_episode,return,-122.7943785940159
271400,train_episode,success,1.0
271600,train_episode,collapse,0.0
271600,train_episode,length,200.0
271600,train_episode,return,-127.14409871723525
271600,train_episode,success,1.0
271800,train_episode,collapse,0.0
271800,train_episode,length,200.0
271800,train_episode,return,-2.4242396529087955
271800,train_episode,success,1.0
272000,train_episode,collapse,0.0
272000,train_episode,length,200.0
272000,train_episode,return,-1.6129148678282068
272000,train_episode,success,1.0
272200,train_episode,collapse,0.0
272200,train_episode,length,200.0
272200,train_episode,return,-125.26523675720146
272200,train_episode,success,1.0
272400,train_episode,collapse,0.0
272400,train_episode,length,200.0
272400,train_episode,return,-1.1760956542895846
272400,train_episode,success,1.0
272600,train_episode,collapse,0.0
272600,train_episode,length,200.0
272600,train_episode,return,-222.62788995543553
272600,train_episode,success,0.0
272800,train_episode,collapse,0.0
272800,train_episode,length,200.0
272800,train_episode,return,-122.0914287111637
272800,train_episode,success,1.0
273000,train_episode,collapse,0.0
273000,train_episode,length,200.0
273000,train_episode,return,-234.8496487358331
273000,train_episode,success,0.0
273200,train_episode,collapse,0.0
273200,train_episode,length,200.0
273200,train_episode,return,-116.43274698901097
273200,train_episode,success,1.0
273400,train_episode,collapse,0.0
273400,train_episode,length,200.0
273400,train_episode,return,-132.1279720012772
273400,train_episode,success,1.0
273600,train_episode,collapse,0.0
273600,train_episode,length,200.0
273600,train_episode,return,-117.77455120481828
273600,train_episode,success,1.0
273800,train_episode,collapse,0.0
273800,train_episode,length,200.0
273800,train_episode,return,-5.289816174305045
273800,train_episode,success,1.0
274000,train_episode,collapse,0.0
274000,train_episode,length,200.0
274000,train_episode,return,-240.0746616630079
274000,train_episode,success,0.0
274200,train_episode,collapse,0.0
274200,train_episode,length,200.0
274200,train_episode,return,-120.83685715143434
274200,train_episode,success,1.0
274400,train_episode,collapse,0.0
274400,train_episode,length,200.0
274400,train_episode,return,-222.28179013808742
274400,train_episode,success,0.0
274600,train_episode,collapse,0.0
274600,train_episode,length,200.0
274600,train_episode,return,-122.68922756283906
274600,train_episode,success,1.0
274800,train_episode,collapse,0.0
274800,train_episode,length,200.0
274800,train_episode,return,-225.17596898872267
274800,train_episode,success,0.0
275000,train_episode,collapse,0.0
275000,train_episode,length,200.0
275000,train_episode,return,-131.0077660549145
275000,train_episode,success,1.0
275000,update,actor_grad_norm,0.8106594681739807
275000,update,actor_grad_norm_max,18.891204833984375
275000,update,actor_grad_norm_mean,0.4586349094837904
275000,update,actor_grad_norm_min,0.06890123337507248
275000,update,actor_loss,14.129522323608398
275000,update,actor_loss_max,22.420656204223633
275000,update,actor_loss_mean,13.701271430587768
275000,update,actor_loss_min,6.007486343383789
275000,update,actor_param_norm,93.47257995605469
275000,update,actor_param_norm_max,93.47312927246094
275000,update,actor_param_norm_mean,93.09435543823243
275000,update,actor_param_norm_min,92.76565551757812
275000,update,actor_update_norm,0.022204501554369926
275000,update,actor_update_norm_max,0.04521236568689346
275000,update,actor_update_norm_mean,0.01284242290686816
275000,update,actor_update_norm_min,0.005394311621785164
275000,update,actor_update_norm_ratio,0.00023755079033328132
275000,update,actor_update_norm_ratio_max,0.0004846399619189127
275000,update,actor_update_norm_ratio_mean,0.00013795148533818634
275000,update,actor_update_norm_ratio_min,5.784674306256835e-05
275000,update,alpha,0.002593326149508357
275000,update,alpha_loss,1.8480568542145193e-07
275000,update,alpha_loss_max,0.0026573657523840666
275000,update,alpha_loss_mean,2.701898418017663e-05
275000,update,alpha_loss_min,-0.002447669394314289
275000,update,alpha_max,0.003932314924895763
275000,update,alpha_mean,0.003017173159075901
275000,update,alpha_min,0.002297047059983015
275000,update,num_optimizer_updates,5000.0
275000,update,policy_entropy_estimate,-0.9999287128448486
275000,update,policy_entropy_estimate_max,-0.28800132870674133
275000,update,policy_entropy_estimate_mean,-0.9908956556916236
275000,update,policy_entropy_estimate_min,-1.7453628778457642
275000,update,policy_log_prob_mean,0.9999287128448486
275000,update,policy_log_prob_mean_max,1.7453628778457642
275000,update,policy_log_prob_mean_mean,0.9908956556916236
275000,update,policy_log_prob_mean_min,0.28800132870674133
275000,update,q1_loss,0.39544397592544556
275000,update,q1_loss_max,16.333654403686523
275000,update,q1_loss_mean,0.5108139839448035
275000,update,q1_loss_min,0.03532104566693306
275000,update,q1_mean,-14.500478744506836
275000,update,q1_mean_max,-5.8133440017700195
275000,update,q1_mean_mean,-13.81815190782547
275000,update,q1_mean_min,-23.136913299560547
275000,update,q2_loss,0.1403924822807312
275000,update,q2_loss_max,19.23322105407715
275000,update,q2_loss_mean,0.46445109788775446
275000,update,q2_loss_min,0.027948252856731415
275000,update,q2_mean,-14.5613374710083
275000,update,q2_mean_max,-5.942934513092041
275000,update,q2_mean_mean,-13.81816088027954
275000,update,q2_mean_min,-23.315181732177734
275000,update,q_grad_norm,108.00567626953125
275000,update,q_grad_norm_max,2457.50341796875
275000,update,q_grad_norm_mean,99.0590278131485
275000,update,q_grad_norm_min,11.001304626464844
275000,update,q_loss,0.5358364582061768
275000,update,q_loss_cleanrl_logged,0.2679182291030884
275000,update,q_loss_cleanrl_logged_max,15.779752731323242
275000,update,q_loss_cleanrl_logged_mean,0.48763254094421865
275000,update,q_loss_cleanrl_logged_min,0.032358892261981964
275000,update,q_loss_max,31.559505462646484
275000,update,q_loss_mean,0.9752650818884373
275000,update,q_loss_min,0.06471778452396393
275000,update,q_param_norm,499.72650146484375
275000,update,q_param_norm_max,499.7389678955078
275000,update,q_param_norm_mean,498.2226824432373
275000,update,q_param_norm_min,496.70179748535156
275000,update,q_update_norm,0.023508600890636444
275000,update,q_update_norm_max,0.12801936268806458
275000,update,q_update_norm_mean,0.031259770193696024
275000,update,q_update_norm_min,0.01471108291298151
275000,update,q_update_norm_ratio,6.652782129127159e-05
275000,update,q_update_norm_ratio_max,0.000364394929334361
275000,update,q_update_norm_ratio_mean,8.873356522803699e-05
275000,update,q_update_norm_ratio_min,4.186701632735469e-05
275000,update,target_q_mean,-14.411028861999512
275000,update,target_q_mean_max,-5.92742395401001
275000,update,target_q_mean_mean,-13.818386709785461
275000,update,target_q_mean_min,-23.349262237548828
275000,replay,action_abs_max,2.0
275000,replay,action_abs_mean,0.5657364726066589
275000,replay,action_saturation_fraction,0.07265454545454546
275000,replay,capacity,500000.0
275000,replay,done_fraction,0.0
275000,replay,fill_fraction,0.55
275000,replay,near_upright_any_transition_fraction,0.8372109090909091
275000,replay,near_upright_next_obs_fraction,0.8371272727272727
275000,replay,near_upright_obs_fraction,0.8327381818181818
275000,replay,reward_max,-4.2872531480497855e-07
275000,replay,reward_mean,-0.8555704355239868
275000,replay,reward_min,-16.269039154052734
275000,replay,reward_std,2.4954869747161865
275000,replay,sample_count_max,1144.0
275000,replay,sample_count_mean,251.34545454545454
275000,replay,size,275000.0
275000,replay,transition_age_max,274999.0
275000,replay,transition_age_mean,137499.5
275000,diagnostics,actor_layer0_activation_abs_max,3.7646238803863525
275000,diagnostics,actor_layer0_activation_abs_mean,0.09385117888450623
275000,diagnostics,actor_layer0_dormant_fraction,0.12890625
275000,diagnostics,actor_layer0_effective_rank_fraction,0.05248985067009926
275000,diagnostics,actor_layer1_activation_abs_max,18.461591720581055
275000,diagnostics,actor_layer1_activation_abs_mean,0.02358527109026909
275000,diagnostics,actor_layer1_dormant_fraction,0.578125
275000,diagnostics,actor_layer1_effective_rank_fraction,0.0866694226861
275000,diagnostics,actor_param_norm,93.47257995605469
275000,diagnostics,alpha,0.002593326149508357
275000,diagnostics,q1_layer0_activation_abs_max,5.965593338012695
275000,diagnostics,q1_layer0_activation_abs_mean,0.29653555154800415
275000,diagnostics,q1_layer0_dormant_fraction,0.17578125
275000,diagnostics,q1_layer0_effective_rank_fraction,0.05282933637499809
275000,diagnostics,q1_layer1_activation_abs_max,38.06688690185547
275000,diagnostics,q1_layer1_activation_abs_mean,2.0666682720184326
275000,diagnostics,q1_layer1_dormant_fraction,0.71484375
275000,diagnostics,q1_layer1_effective_rank_fraction,0.05722988024353981
275000,diagnostics,q1_param_norm,251.17645263671875
275000,diagnostics,q2_layer0_activation_abs_max,5.662558078765869
275000,diagnostics,q2_layer0_activation_abs_mean,0.2983299493789673
275000,diagnostics,q2_layer0_dormant_fraction,0.1953125
275000,diagnostics,q2_layer0_effective_rank_fraction,0.05103373900055885
275000,diagnostics,q2_layer1_activation_abs_max,32.89111328125
275000,diagnostics,q2_layer1_activation_abs_mean,1.9455777406692505
275000,diagnostics,q2_layer1_dormant_fraction,0.75
275000,diagnostics,q2_layer1_effective_rank_fraction,0.05387343466281891
275000,diagnostics,q2_param_norm,248.550048828125
275200,train_episode,collapse,0.0
275200,train_episode,length,200.0
275200,train_episode,return,-126.1483409985446
275200,train_episode,success,1.0
275400,train_episode,collapse,0.0
275400,train_episode,length,200.0
275400,train_episode,return,-0.7581939620550419
275400,train_episode,success,1.0
275600,train_episode,collapse,0.0
275600,train_episode,length,200.0
275600,train_episode,return,-226.2938755296124
275600,train_episode,success,0.0
275800,train_episode,collapse,0.0
275800,train_episode,length,200.0
275800,train_episode,return,-123.5859861923475
275800,train_episode,success,1.0
276000,train_episode,collapse,0.0
276000,train_episode,length,200.0
276000,train_episode,return,-121.57343601155658
276000,train_episode,success,1.0
276200,train_episode,collapse,0.0
276200,train_episode,length,200.0
276200,train_episode,return,-121.41063143236607
276200,train_episode,success,1.0
276400,train_episode,collapse,0.0
276400,train_episode,length,200.0
276400,train_episode,return,-122.74218997299545
276400,train_episode,success,1.0
276600,train_episode,collapse,0.0
276600,train_episode,length,200.0
276600,train_episode,return,-234.98264195693474
276600,train_episode,success,0.0
276800,train_episode,collapse,0.0
276800,train_episode,length,200.0
276800,train_episode,return,-128.8067574431643
276800,train_episode,success,1.0
277000,train_episode,collapse,0.0
277000,train_episode,length,200.0
277000,train_episode,return,-119.93096296535069
277000,train_episode,success,1.0
277200,train_episode,collapse,0.0
277200,train_episode,length,200.0
277200,train_episode,return,-118.6173770121073
277200,train_episode,success,1.0
277400,train_episode,collapse,0.0
277400,train_episode,length,200.0
277400,train_episode,return,-0.6707245386752659
277400,train_episode,success,1.0
277600,train_episode,collapse,0.0
277600,train_episode,length,200.0
277600,train_episode,return,-121.50797017649865
277600,train_episode,success,1.0
277800,train_episode,collapse,0.0
277800,train_episode,length,200.0
277800,train_episode,return,-227.58126418235423
277800,train_episode,success,0.0
278000,train_episode,collapse,0.0
278000,train_episode,length,200.0
278000,train_episode,return,-234.15190093463113
278000,train_episode,success,0.0
278200,train_episode,collapse,0.0
278200,train_episode,length,200.0
278200,train_episode,return,-121.22059982763254
278200,train_episode,success,1.0
278400,train_episode,collapse,0.0
278400,train_episode,length,200.0
278400,train_episode,return,-115.98161558327118
278400,train_episode,success,1.0
278600,train_episode,collapse,0.0
278600,train_episode,length,200.0
278600,train_episode,return,-119.5981794304479
278600,train_episode,success,1.0
278800,train_episode,collapse,0.0
278800,train_episode,length,200.0
278800,train_episode,return,-127.01930134026
278800,train_episode,success,1.0
279000,train_episode,collapse,0.0
279000,train_episode,length,200.0
279000,train_episode,return,-116.45694092791624
279000,train_episode,success,1.0
279200,train_episode,collapse,0.0
279200,train_episode,length,200.0
279200,train_episode,return,-117.65548865961806
279200,train_episode,success,1.0
279400,train_episode,collapse,0.0
279400,train_episode,length,200.0
279400,train_episode,return,-227.7654137231116
279400,train_episode,success,0.0
279600,train_episode,collapse,0.0
279600,train_episode,length,200.0
279600,train_episode,return,-119.01616153409884
279600,train_episode,success,1.0
279800,train_episode,collapse,0.0
279800,train_episode,length,200.0
279800,train_episode,return,-124.45339638792193
279800,train_episode,success,1.0
280000,train_episode,collapse,0.0
280000,train_episode,length,200.0
280000,train_episode,return,-118.69446618163607
280000,train_episode,success,1.0
280000,update,actor_grad_norm,1.7906612157821655
280000,update,actor_grad_norm_max,9.183375358581543
280000,update,actor_grad_norm_mean,0.4591700423836708
280000,update,actor_grad_norm_min,0.0701691210269928
280000,update,actor_loss,11.231084823608398
280000,update,actor_loss_max,23.738475799560547
280000,update,actor_loss_mean,13.753529278755188
280000,update,actor_loss_min,5.981698036193848
280000,update,actor_param_norm,94.13248443603516
280000,update,actor_param_norm_max,94.13253021240234
280000,update,actor_param_norm_mean,93.7957190322876
280000,update,actor_param_norm_min,93.47232818603516
280000,update,actor_update_norm,0.017548058182001114
280000,update,actor_update_norm_max,0.040857039391994476
280000,update,actor_update_norm_mean,0.012989871344529093
280000,update,actor_update_norm_min,0.006052265875041485
280000,update,actor_update_norm_ratio,0.00018641880535128587
280000,update,actor_update_norm_ratio_max,0.0004344736723678072
280000,update,actor_update_norm_ratio_mean,0.00013848722910535943
280000,update,actor_update_norm_ratio_min,6.442107970681209e-05
280000,update,alpha,0.004487978294491768
280000,update,alpha_loss,0.0006451888475567102
280000,update,alpha_loss_max,0.0021197109017521143
280000,update,alpha_loss_mean,-5.101912274330971e-05
280000,update,alpha_loss_min,-0.002249824581667781
280000,update,alpha_max,0.004487978294491768
280000,update,alpha_mean,0.003514032103912905
280000,update,alpha_min,0.002579007763415575
280000,update,num_optimizer_updates,5000.0
280000,update,policy_entropy_estimate,-0.8562194108963013
280000,update,policy_entropy_estimate_max,-0.4792458117008209
280000,update,policy_entropy_estimate_mean,-1.015516822195053
280000,update,policy_entropy_estimate_min,-1.6454477310180664
280000,update,policy_log_prob_mean,0.8562194108963013
280000,update,policy_log_prob_mean_max,1.6454477310180664
280000,update,policy_log_prob_mean_mean,1.015516822195053
280000,update,policy_log_prob_mean_min,0.4792458117008209
280000,update,q1_loss,0.15589866042137146
280000,update,q1_loss_max,15.806879997253418
280000,update,q1_loss_mean,0.5202134350977838
280000,update,q1_loss_min,0.031319908797740936
280000,update,q1_mean,-11.17304515838623
280000,update,q1_mean_max,-5.779221057891846
280000,update,q1_mean_mean,-13.740800639724732
280000,update,q1_mean_min,-23.661401748657227
280000,update,q2_loss,0.15816964209079742
280000,update,q2_loss_max,17.949810028076172
280000,update,q2_loss_mean,0.510259891717881
280000,update,q2_loss_min,0.03187957778573036
280000,update,q2_mean,-11.067997932434082
280000,update,q2_mean_max,-5.899563312530518
280000,update,q2_mean_mean,-13.740780270957947
280000,update,q2_mean_min,-23.64199447631836
280000,update,q_grad_norm,37.61910629272461
280000,update,q_grad_norm_max,1309.6180419921875
280000,update,q_grad_norm_mean,101.80100377464295
280000,update,q_grad_norm_min,10.886031150817871
280000,update,q_loss,0.3140683174133301
280000,update,q_loss_cleanrl_logged,0.15703415870666504
280000,update,q_loss_cleanrl_logged_max,16.692241668701172
280000,update,q_loss_cleanrl_logged_mean,0.5152366631470621
280000,update,q_loss_cleanrl_logged_min,0.04797692596912384
280000,update,q_loss_max,33.384483337402344
280000,update,q_loss_mean,1.0304733262941241
280000,update,q_loss_min,0.09595385193824768
280000,update,q_param_norm,502.6848602294922
280000,update,q_param_norm_max,502.6848602294922
280000,update,q_param_norm_mean,501.0776228668213
280000,update,q_param_norm_min,499.7213592529297
280000,update,q_update_norm,0.03155520558357239
280000,update,q_update_norm_max,0.0884738489985466
280000,update,q_update_norm_mean,0.032125786452181636
280000,update,q_update_norm_min,0.014310888946056366
280000,update,q_update_norm_ratio,8.877380537851132e-05
280000,update,q_update_norm_ratio_max,0.00024933007120937783
280000,update,q_update_norm_ratio_mean,9.066992034028774e-05
280000,update,q_update_norm_ratio_min,4.040939672017355e-05
280000,update,target_q_mean,-11.1123628616333
280000,update,target_q_mean_max,-5.843348026275635
280000,update,target_q_mean_mean,-13.741069453144073
280000,update,target_q_mean_min,-23.733781814575195
280200,train_episode,collapse,0.0
280200,train_episode,length,200.0
280200,train_episode,return,-3.599018663157341
280200,train_episode,success,1.0
280400,train_episode,collapse,0.0
280400,train_episode,length,200.0
280400,train_episode,return,-125.46599667743956
280400,train_episode,success,1.0
280600,train_episode,collapse,0.0
280600,train_episode,length,200.0
280600,train_episode,return,-284.0149116237015
280600,train_episode,success,0.0
280800,train_episode,collapse,0.0
280800,train_episode,length,200.0
280800,train_episode,return,-5.947609969146501
280800,train_episode,success,1.0
281000,train_episode,collapse,0.0
281000,train_episode,length,200.0
281000,train_episode,return,-131.05267734711597
281000,train_episode,success,1.0
281200,train_episode,collapse,0.0
281200,train_episode,length,200.0
281200,train_episode,return,-116.83607752482776
281200,train_episode,success,1.0
281400,train_episode,collapse,0.0
281400,train_episode,length,200.0
281400,train_episode,return,-117.72693047782872
281400,train_episode,success,1.0
281600,train_episode,collapse,0.0
281600,train_episode,length,200.0
281600,train_episode,return,-3.794572516078911
281600,train_episode,success,1.0
281800,train_episode,collapse,0.0
281800,train_episode,length,200.0
281800,train_episode,return,-239.729813014249
281800,train_episode,success,0.0
282000,train_episode,collapse,0.0
282000,train_episode,length,200.0
282000,train_episode,return,-122.09376191255181
282000,train_episode,success,1.0
282200,train_episode,collapse,0.0
282200,train_episode,length,200.0
282200,train_episode,return,-129.85482230403443
282200,train_episode,success,1.0
282400,train_episode,collapse,0.0
282400,train_episode,length,200.0
282400,train_episode,return,-120.38359488884444
282400,train_episode,success,1.0
282600,train_episode,collapse,0.0
282600,train_episode,length,200.0
282600,train_episode,return,-223.98772164616295
282600,train_episode,success,0.0
282800,train_episode,collapse,0.0
282800,train_episode,length,200.0
282800,train_episode,return,-118.25965303672899
282800,train_episode,success,1.0
283000,train_episode,collapse,0.0
283000,train_episode,length,200.0
283000,train_episode,return,-229.7456834461958
283000,train_episode,success,0.0
283200,train_episode,collapse,0.0
283200,train_episode,length,200.0
283200,train_episode,return,-121.07145021344006
283200,train_episode,success,1.0
283400,train_episode,collapse,0.0
283400,train_episode,length,200.0
283400,train_episode,return,-4.232556401742379
283400,train_episode,success,1.0
283600,train_episode,collapse,0.0
283600,train_episode,length,200.0
283600,train_episode,return,-127.29067992592151
283600,train_episode,success,1.0
283800,train_episode,collapse,0.0
283800,train_episode,length,200.0
283800,train_episode,return,-118.95892303707653
283800,train_episode,success,1.0
284000,train_episode,collapse,0.0
284000,train_episode,length,200.0
284000,train_episode,return,-233.67331150265863
284000,train_episode,success,0.0
284200,train_episode,collapse,0.0
284200,train_episode,length,200.0
284200,train_episode,return,-120.20142957568258
284200,train_episode,success,1.0
284400,train_episode,collapse,0.0
284400,train_episode,length,200.0
284400,train_episode,return,-124.33450255008657
284400,train_episode,success,1.0
284600,train_episode,collapse,0.0
284600,train_episode,length,200.0
284600,train_episode,return,-119.53073132461537
284600,train_episode,success,1.0
284800,train_episode,collapse,0.0
284800,train_episode,length,200.0
284800,train_episode,return,-129.019577572677
284800,train_episode,success,1.0
285000,train_episode,collapse,0.0
285000,train_episode,length,200.0
285000,train_episode,return,-224.3825541294494
285000,train_episode,success,0.0
285000,update,actor_grad_norm,0.4110370874404907
285000,update,actor_grad_norm_max,40.105079650878906
285000,update,actor_grad_norm_mean,0.47754488103687764
285000,update,actor_grad_norm_min,0.05616185814142227
285000,update,actor_loss,12.441781997680664
285000,update,actor_loss_max,22.350370407104492
285000,update,actor_loss_mean,13.751157428741456
285000,update,actor_loss_min,6.49776554107666
285000,update,actor_param_norm,94.78861999511719
285000,update,actor_param_norm_max,94.78861999511719
285000,update,actor_param_norm_mean,94.48989127960205
285000,update,actor_param_norm_min,94.13117980957031
285000,update,actor_update_norm,0.008205418474972248
285000,update,actor_update_norm_max,0.05031745880842209
285000,update,actor_update_norm_mean,0.01299624332524836
285000,update,actor_update_norm_min,0.005041178315877914
285000,update,actor_update_norm_ratio,8.656558503223228e-05
285000,update,actor_update_norm_ratio_max,0.0005330340862577277
285000,update,actor_update_norm_ratio_mean,0.0001375454469136021
285000,update,actor_update_norm_ratio_min,5.3426721119306304e-05
285000,update,alpha,0.002812642138451338
285000,update,alpha_loss,0.0005825478583574295
285000,update,alpha_loss_max,0.0028034537099301815
285000,update,alpha_loss_mean,6.960865137734799e-05
285000,update,alpha_loss_min,-0.0023527215234935284
285000,update,alpha_max,0.004941785708069801
285000,update,alpha_mean,0.0034354565783403816
285000,update,alpha_min,0.0024420595727860928
285000,update,num_optimizer_updates,5000.0
285000,update,policy_entropy_estimate,-0.7929346561431885
285000,update,policy_entropy_estimate_max,-0.3920363783836365
285000,update,policy_entropy_estimate_mean,-0.9807317726254463
285000,update,policy_entropy_estimate_min,-1.6300798654556274
285000,update,policy_log_prob_mean,0.7929346561431885
285000,update,policy_log_prob_mean_max,1.6300798654556274
285000,update,policy_log_prob_mean_mean,0.9807317726254463
285000,update,policy_log_prob_mean_min,0.3920363783836365
285000,update,q1_loss,1.6220024824142456
285000,update,q1_loss_max,34.61545181274414
285000,update,q1_loss_mean,0.5905153425179422
285000,update,q1_loss_min,0.03387122601270676
285000,update,q1_mean,-12.301223754882812
285000,update,q1_mean_max,-5.211894512176514
285000,update,q1_mean_mean,-13.745982459259034
285000,update,q1_mean_min,-22.695161819458008
285000,update,q2_loss,0.7462267875671387
285000,update,q2_loss_max,35.017333984375
285000,update,q2_loss_mean,0.5779049161083997
285000,update,q2_loss_min,0.03421233594417572
285000,update,q2_mean,-12.31187629699707
285000,update,q2_mean_max,-5.151913642883301
285000,update,q2_mean_mean,-13.745948473644257
285000,update,q2_mean_min,-22.654151916503906
285000,update,q_grad_norm,146.528564453125
285000,update,q_grad_norm_max,1891.0323486328125
285000,update,q_grad_norm_mean,104.92258039836884
285000,update,q_grad_norm_min,10.987754821777344
285000,update,q_loss,2.368229389190674
285000,update,q_loss_cleanrl_logged,1.184114694595337
285000,update,q_loss_cleanrl_logged_max,34.81639099121094
285000,update,q_loss_cleanrl_logged_mean,0.5842101283170282
285000,update,q_loss_cleanrl_logged_min,0.046977609395980835
285000,update,q_loss_max,69.63278198242188
285000,update,q_loss_mean,1.1684202566340565
285000,update,q_loss_min,0.09395521879196167
285000,update,q_param_norm,505.27130126953125
285000,update,q_param_norm_max,505.285400390625
285000,update,q_param_norm_mean,504.00948105163576
285000,update,q_param_norm_min,502.6861877441406
285000,update,q_update_norm,0.031305696815252304
285000,update,q_update_norm_max,0.19524246454238892
285000,update,q_update_norm_mean,0.03176085570715368
285000,update,q_update_norm_min,0.013882753439247608
285000,update,q_update_norm_ratio,8.762065788387596e-05
285000,update,q_update_norm_ratio_max,0.0005482808083122619
285000,update,q_update_norm_ratio_mean,8.911704065200125e-05
285000,update,q_update_norm_ratio_min,3.898173166553931e-05
285000,update,target_q_mean,-12.334268569946289
285000,update,target_q_mean_max,-5.217958450317383
285000,update,target_q_mean_mean,-13.746294438076019
285000,update,target_q_mean_min,-22.6248779296875
285200,train_episode,collapse,0.0
285200,train_episode,length,200.0
285200,train_episode,return,-3.1019487970341473
285200,train_episode,success,1.0
285400,train_episode,collapse,0.0
285400,train_episode,length,200.0
285400,train_episode,return,-128.09547391003665
285400,train_episode,success,1.0
285600,train_episode,collapse,0.0
285600,train_episode,length,200.0
285600,train_episode,return,-256.927379682252
285600,train_episode,success,0.0
285800,train_episode,collapse,0.0
285800,train_episode,length,200.0
285800,train_episode,return,-117.05686249640236
285800,train_episode,success,1.0
286000,train_episode,collapse,0.0
286000,train_episode,length,200.0
286000,train_episode,return,-278.52473321358127
286000,train_episode,success,0.0
286200,train_episode,collapse,0.0
286200,train_episode,length,200.0
286200,train_episode,return,-127.14567071741375
286200,train_episode,success,1.0
286400,train_episode,collapse,0.0
286400,train_episode,length,200.0
286400,train_episode,return,-271.94554923984384
286400,train_episode,success,0.0
286600,train_episode,collapse,0.0
286600,train_episode,length,200.0
286600,train_episode,return,-116.94060907371647
286600,train_episode,success,1.0
286800,train_episode,collapse,0.0
286800,train_episode,length,200.0
286800,train_episode,return,-126.47107758468734
286800,train_episode,success,1.0
287000,train_episode,collapse,0.0
287000,train_episode,length,200.0
287000,train_episode,return,-127.48364791273413
287000,train_episode,success,1.0
287200,train_episode,collapse,0.0
287200,train_episode,length,200.0
287200,train_episode,return,-124.71791887780317
287200,train_episode,success,1.0
287400,train_episode,collapse,0.0
287400,train_episode,length,200.0
287400,train_episode,return,-120.84876803649216
287400,train_episode,success,1.0
287600,train_episode,collapse,0.0
287600,train_episode,length,200.0
287600,train_episode,return,-127.66375038591498
287600,train_episode,success,1.0
287800,train_episode,collapse,0.0
287800,train_episode,length,200.0
287800,train_episode,return,-3.371089299902444
287800,train_episode,success,1.0
288000,train_episode,collapse,0.0
288000,train_episode,length,200.0
288000,train_episode,return,-125.41380443256014
288000,train_episode,success,1.0
288200,train_episode,collapse,0.0
288200,train_episode,length,200.0
288200,train_episode,return,-129.73326381517705
288200,train_episode,success,1.0
288400,train_episode,collapse,0.0
288400,train_episode,length,200.0
288400,train_episode,return,-300.8390942100872
288400,train_episode,success,0.0
288600,train_episode,collapse,0.0
288600,train_episode,length,200.0
288600,train_episode,return,-0.91848831361131
288600,train_episode,success,1.0
288800,train_episode,collapse,0.0
288800,train_episode,length,200.0
288800,train_episode,return,-120.163131329636
288800,train_episode,success,1.0
289000,train_episode,collapse,0.0
289000,train_episode,length,200.0
289000,train_episode,return,-227.9661842358231
289000,train_episode,success,0.0
289200,train_episode,collapse,0.0
289200,train_episode,length,200.0
289200,train_episode,return,-120.86839217347786
289200,train_episode,success,1.0
289400,train_episode,collapse,0.0
289400,train_episode,length,200.0
289400,train_episode,return,-131.3149688747785
289400,train_episode,success,1.0
289600,train_episode,collapse,0.0
289600,train_episode,length,200.0
289600,train_episode,return,-122.00052091121434
289600,train_episode,success,1.0
289800,train_episode,collapse,0.0
289800,train_episode,length,200.0
289800,train_episode,return,-243.30639942081558
289800,train_episode,success,0.0
290000,train_episode,collapse,0.0
290000,train_episode,length,200.0
290000,train_episode,return,-120.56819357354736
290000,train_episode,success,1.0
290000,update,actor_grad_norm,0.6210691928863525
290000,update,actor_grad_norm_max,14.981138229370117
290000,update,actor_grad_norm_mean,0.4895664392322302
290000,update,actor_grad_norm_min,0.07497052103281021
290000,update,actor_loss,15.391287803649902
290000,update,actor_loss_max,23.69594955444336
290000,update,actor_loss_mean,13.75703929386139
290000,update,actor_loss_min,7.121014595031738
290000,update,actor_param_norm,95.58290100097656
290000,update,actor_param_norm_max,95.58290100097656
290000,update,actor_param_norm_mean,95.19377072143554
290000,update,actor_param_norm_min,94.78861999511719
290000,update,actor_update_norm,0.011900768615305424
290000,update,actor_update_norm_max,0.04636433720588684
290000,update,actor_update_norm_mean,0.012553703108616173
290000,update,actor_update_norm_min,0.005088893696665764
290000,update,actor_update_norm_ratio,0.000124507714112587
290000,update,actor_update_norm_ratio_max,0.00048557434909417843
290000,update,actor_update_norm_ratio_mean,0.0001318735689404188
290000,update,actor_update_norm_ratio_min,5.349465889556161e-05
290000,update,alpha,0.002582528628408909
290000,update,alpha_loss,-0.0003163153596688062
290000,update,alpha_loss_max,0.002302695531398058
290000,update,alpha_loss_mean,2.971063726581633e-05
290000,update,alpha_loss_min,-0.002804430667310953
290000,update,alpha_max,0.005897293798625469
290000,update,alpha_mean,0.0034762194332666695
290000,update,alpha_min,0.0025299685075879097
290000,update,num_optimizer_updates,5000.0
290000,update,policy_entropy_estimate,-1.1225483417510986
290000,update,policy_entropy_estimate_max,-0.46046093106269836
290000,update,policy_entropy_estimate_mean,-0.9917301996946335
290000,update,policy_entropy_estimate_min,-1.6446068286895752
290000,update,policy_log_prob_mean,1.1225483417510986
290000,update,policy_log_prob_mean_max,1.6446068286895752
290000,update,policy_log_prob_mean_mean,0.9917301996946335
290000,update,policy_log_prob_mean_min,0.46046093106269836
290000,update,q1_loss,0.17065204679965973
290000,update,q1_loss_max,29.82866096496582
290000,update,q1_loss_mean,0.5720801634896546
290000,update,q1_loss_min,0.025173921138048172
290000,update,q1_mean,-15.699122428894043
290000,update,q1_mean_max,-6.733417510986328
290000,update,q1_mean_mean,-13.771150761127473
290000,update,q1_mean_min,-23.865638732910156
290000,update,q2_loss,0.3017195165157318
290000,update,q2_loss_max,29.993099212646484
290000,update,q2_loss_mean,0.5485383122012019
290000,update,q2_loss_min,0.02557583525776863
290000,update,q2_mean,-15.59576416015625
290000,update,q2_mean_max,-6.680046558380127
290000,update,q2_mean_mean,-13.771200668621063
290000,update,q2_mean_min,-23.77513313293457
290000,update,q_grad_norm,34.60078430175781
290000,update,q_grad_norm_max,1524.13525390625
290000,update,q_grad_norm_mean,101.20448853054047
290000,update,q_grad_norm_min,11.732298851013184
290000,update,q_loss,0.47237157821655273
290000,update,q_loss_cleanrl_logged,0.23618578910827637
290000,update,q_loss_cleanrl_logged_max,28.112314224243164
290000,update,q_loss_cleanrl_logged_mean,0.5603092372205108
290000,update,q_loss_cleanrl_logged_min,0.03047417663037777
290000,update,q_loss_max,56.22462844848633
290000,update,q_loss_mean,1.1206184744410217
290000,update,q_loss_min,0.06094835326075554
290000,update,q_param_norm,507.7918701171875
290000,update,q_param_norm_max,507.81707763671875
290000,update,q_param_norm_mean,506.5783671905518
290000,update,q_param_norm_min,505.2711639404297
290000,update,q_update_norm,0.03251189365983009
290000,update,q_update_norm_max,0.09920438379049301
290000,update,q_update_norm_mean,0.03153803794514388
290000,update,q_update_norm_min,0.014501688070595264
290000,update,q_update_norm_ratio,9.054508276336102e-05
290000,update,q_update_norm_ratio_max,0.0002764908314133758
290000,update,q_update_norm_ratio_mean,8.804069428366335e-05
290000,update,q_update_norm_ratio_min,4.043375479519449e-05
290000,update,target_q_mean,-15.626301765441895
290000,update,target_q_mean_max,-6.756594181060791
290000,update,target_q_mean_mean,-13.771491495609283
290000,update,target_q_mean_min,-23.900171279907227
290200,train_episode,collapse,0.0
290200,train_episode,length,200.0
290200,train_episode,return,-226.52597275000537
290200,train_episode,success,0.0
290400,train_episode,collapse,0.0
290400,train_episode,length,200.0
290400,train_episode,return,-121.08136018389055
290400,train_episode,success,1.0
290600,train_episode,collapse,0.0
290600,train_episode,length,200.0
290600,train_episode,return,-4.61820275292351
290600,train_episode,success,1.0
290800,train_episode,collapse,0.0
290800,train_episode,length,200.0
290800,train_episode,return,-225.56157275347968
290800,train_episode,success,0.0
291000,train_episode,collapse,0.0
291000,train_episode,length,200.0
291000,train_episode,return,-118.10695641567695
291000,train_episode,success,1.0
291200,train_episode,collapse,0.0
291200,train_episode,length,200.0
291200,train_episode,return,-226.8343448831163
291200,train_episode,success,0.0
291400,train_episode,collapse,0.0
291400,train_episode,length,200.0
291400,train_episode,return,-117.88345713296374
291400,train_episode,success,1.0
291600,train_episode,collapse,0.0
291600,train_episode,length,200.0
291600,train_episode,return,-129.48829392785757
291600,train_episode,success,1.0
291800,train_episode,collapse,0.0
291800,train_episode,length,200.0
291800,train_episode,return,-126.15743866121501
291800,train_episode,success,1.0
292000,train_episode,collapse,0.0
292000,train_episode,length,200.0
292000,train_episode,return,-126.0113947000713
292000,train_episode,success,1.0
292200,train_episode,collapse,0.0
292200,train_episode,length,200.0
292200,train_episode,return,-127.5852225654439
292200,train_episode,success,1.0
292400,train_episode,collapse,0.0
292400,train_episode,length,200.0
292400,train_episode,return,-4.482909430748709
292400,train_episode,success,1.0
292600,train_episode,collapse,0.0
292600,train_episode,length,200.0
292600,train_episode,return,-224.43022187706092
292600,train_episode,success,0.0
292800,train_episode,collapse,0.0
292800,train_episode,length,200.0
292800,train_episode,return,-120.14575951286474
292800,train_episode,success,1.0
293000,train_episode,collapse,0.0
293000,train_episode,length,200.0
293000,train_episode,return,-0.866631827718299
293000,train_episode,success,1.0
293200,train_episode,collapse,0.0
293200,train_episode,length,200.0
293200,train_episode,return,-228.16737749966518
293200,train_episode,success,0.0
293400,train_episode,collapse,0.0
293400,train_episode,length,200.0
293400,train_episode,return,-127.26233502334605
293400,train_episode,success,1.0
293600,train_episode,collapse,0.0
293600,train_episode,length,200.0
293600,train_episode,return,-222.46662412587125
293600,train_episode,success,0.0
293800,train_episode,collapse,0.0
293800,train_episode,length,200.0
293800,train_episode,return,-121.59899521437848
293800,train_episode,success,1.0
294000,train_episode,collapse,0.0
294000,train_episode,length,200.0
294000,train_episode,return,-224.84225871684285
294000,train_episode,success,0.0
294200,train_episode,collapse,0.0
294200,train_episode,length,200.0
294200,train_episode,return,-117.76805302497974
294200,train_episode,success,1.0
294400,train_episode,collapse,0.0
294400,train_episode,length,200.0
294400,train_episode,return,-0.6903174806107153
294400,train_episode,success,1.0
294600,train_episode,collapse,0.0
294600,train_episode,length,200.0
294600,train_episode,return,-120.06357500069079
294600,train_episode,success,1.0
294800,train_episode,collapse,0.0
294800,train_episode,length,200.0
294800,train_episode,return,-121.8332065000317
294800,train_episode,success,1.0
295000,train_episode,collapse,0.0
295000,train_episode,length,200.0
295000,train_episode,return,-127.99209764003838
295000,train_episode,success,1.0
295000,update,actor_grad_norm,0.1506308615207672
295000,update,actor_grad_norm_max,47.27809143066406
295000,update,actor_grad_norm_mean,0.5282795399695634
295000,update,actor_grad_norm_min,0.07868959754705429
295000,update,actor_loss,16.76695442199707
295000,update,actor_loss_max,23.275304794311523
295000,update,actor_loss_mean,13.63222962474823
295000,update,actor_loss_min,6.6763153076171875
295000,update,actor_param_norm,96.27054595947266
295000,update,actor_param_norm_max,96.27054595947266
295000,update,actor_param_norm_mean,95.94776792449952
295000,update,actor_param_norm_min,95.58290100097656
295000,update,actor_update_norm,0.012381898239254951
295000,update,actor_update_norm_max,0.04688557609915733
295000,update,actor_update_norm_mean,0.012605936294607819
295000,update,actor_update_norm_min,0.0049057514406740665
295000,update,actor_update_norm_ratio,0.0001286158679541903
295000,update,actor_update_norm_ratio_max,0.0004904361567248257
295000,update,actor_update_norm_ratio_mean,0.00013138390951848632
295000,update,actor_update_norm_ratio_min,5.113973647895115e-05
295000,update,alpha,0.003482148749753833
295000,update,alpha_loss,-0.00016428239177912474
295000,update,alpha_loss_max,0.0031340881250798702
295000,update,alpha_loss_mean,2.0586249446569126e-05
295000,update,alpha_loss_min,-0.0030997490976005793
295000,update,alpha_max,0.006375431083142757
295000,update,alpha_mean,0.00396007235259749
295000,update,alpha_min,0.002582528628408909
295000,update,num_optimizer_updates,5000.0
295000,update,policy_entropy_estimate,-1.0471597909927368
295000,update,policy_entropy_estimate_max,-0.38674795627593994
295000,update,policy_entropy_estimate_mean,-0.9984860911726952
295000,update,policy_entropy_estimate_min,-1.6136876344680786
295000,update,policy_log_prob_mean,1.0471597909927368
295000,update,policy_log_prob_mean_max,1.6136876344680786
295000,update,policy_log_prob_mean_mean,0.9984860911726952
295000,update,policy_log_prob_mean_min,0.38674795627593994
295000,update,q1_loss,0.2556884288787842
295000,update,q1_loss_max,37.70549774169922
295000,update,q1_loss_mean,0.6049788065426052
295000,update,q1_loss_min,0.03288457170128822
295000,update,q1_mean,-16.94774627685547
295000,update,q1_mean_max,-6.024676322937012
295000,update,q1_mean_mean,-13.650217627429962
295000,update,q1_mean_min,-23.681053161621094
295000,update,q2_loss,0.12628889083862305
295000,update,q2_loss_max,42.425254821777344
295000,update,q2_loss_mean,0.5742672556735575
295000,update,q2_loss_min,0.026523757725954056
295000,update,q2_mean,-16.89844512939453
295000,update,q2_mean_max,-6.25766134262085
295000,update,q2_mean_mean,-13.650181369113922
295000,update,q2_mean_min,-23.645977020263672
295000,update,q_grad_norm,29.28818702697754
295000,update,q_grad_norm_max,3464.377685546875
295000,update,q_grad_norm_mean,103.02935676708222
295000,update,q_grad_norm_min,10.959290504455566
295000,update,q_loss,0.3819773197174072
295000,update,q_loss_cleanrl_logged,0.1909886598587036
295000,update,q_loss_cleanrl_logged_max,40.06537628173828
295000,update,q_loss_cleanrl_logged_mean,0.5896230322167277
295000,update,q_loss_cleanrl_logged_min,0.040780194103717804
295000,update,q_loss_max,80.13075256347656
295000,update,q_loss_mean,1.1792460644334555
295000,update,q_loss_min,0.08156038820743561
295000,update,q_param_norm,510.03697204589844
295000,update,q_param_norm_max,510.03712463378906
295000,update,q_param_norm_mean,508.89261531982424
295000,update,q_param_norm_min,507.79193115234375
295000,update,q_update_norm,0.02199537679553032
295000,update,q_update_norm_max,0.16131073236465454
295000,update,q_update_norm_mean,0.031032724355533718
295000,update,q_update_norm_min,0.0140070216730237
295000,update,q_update_norm_ratio,6.098677453412666e-05
295000,update,q_update_norm_ratio_max,0.00044858428140403075
295000,update,q_update_norm_ratio_mean,8.623659383931414e-05
295000,update,q_update_norm_ratio_min,3.8889668177828517e-05
295000,update,target_q_mean,-16.9273738861084
295000,update,target_q_mean_max,-5.969270706176758
295000,update,target_q_mean_mean,-13.650534058189391
295000,update,target_q_mean_min,-23.526674270629883
295200,train_episode,collapse,0.0
295200,train_episode,length,200.0
295200,train_episode,return,-118.12421152558323
295200,train_episode,success,1.0
295400,train_episode,collapse,0.0
295400,train_episode,length,200.0
295400,train_episode,return,-114.49337305781047
295400,train_episode,success,1.0
295600,train_episode,collapse,0.0
295600,train_episode,length,200.0
295600,train_episode,return,-127.32560298001027
295600,train_episode,success,1.0
295800,train_episode,collapse,0.0
295800,train_episode,length,200.0
295800,train_episode,return,-120.66042884894098
295800,train_episode,success,1.0
296000,train_episode,collapse,0.0
296000,train_episode,length,200.0
296000,train_episode,return,-121.31632850807866
296000,train_episode,success,1.0
296200,train_episode,collapse,0.0
296200,train_episode,length,200.0
296200,train_episode,return,-122.78727022962904
296200,train_episode,success,1.0
296400,train_episode,collapse,0.0
296400,train_episode,length,200.0
296400,train_episode,return,-2.7545150815248176
296400,train_episode,success,1.0
296600,train_episode,collapse,0.0
296600,train_episode,length,200.0
296600,train_episode,return,-0.298152454164096
296600,train_episode,success,1.0
296800,train_episode,collapse,0.0
296800,train_episode,length,200.0
296800,train_episode,return,-233.89156481423018
296800,train_episode,success,0.0
297000,train_episode,collapse,0.0
297000,train_episode,length,200.0
297000,train_episode,return,-235.0441884066468
297000,train_episode,success,0.0
297200,train_episode,collapse,0.0
297200,train_episode,length,200.0
297200,train_episode,return,-124.65944629873484
297200,train_episode,success,1.0
297400,train_episode,collapse,0.0
297400,train_episode,length,200.0
297400,train_episode,return,-117.29264966216373
297400,train_episode,success,1.0
297600,train_episode,collapse,0.0
297600,train_episode,length,200.0
297600,train_episode,return,-126.33682826073915
297600,train_episode,success,1.0
297800,train_episode,collapse,0.0
297800,train_episode,length,200.0
297800,train_episode,return,-118.74327996421098
297800,train_episode,success,1.0
298000,train_episode,collapse,0.0
298000,train_episode,length,200.0
298000,train_episode,return,-126.24102378723512
298000,train_episode,success,1.0
298200,train_episode,collapse,0.0
298200,train_episode,length,200.0
298200,train_episode,return,-117.901920546108
298200,train_episode,success,1.0
298400,train_episode,collapse,0.0
298400,train_episode,length,200.0
298400,train_episode,return,-124.21622289446114
298400,train_episode,success,1.0
298600,train_episode,collapse,0.0
298600,train_episode,length,200.0
298600,train_episode,return,-131.998065546643
298600,train_episode,success,1.0
298800,train_episode,collapse,0.0
298800,train_episode,length,200.0
298800,train_episode,return,-217.9750760120148
298800,train_episode,success,0.0
299000,train_episode,collapse,0.0
299000,train_episode,length,200.0
299000,train_episode,return,-217.69513552624025
299000,train_episode,success,0.0
299200,train_episode,collapse,0.0
299200,train_episode,length,200.0
299200,train_episode,return,-120.32801672918008
299200,train_episode,success,1.0
299400,train_episode,collapse,0.0
299400,train_episode,length,200.0
299400,train_episode,return,-125.51086676062272
299400,train_episode,success,1.0
299600,train_episode,collapse,0.0
299600,train_episode,length,200.0
299600,train_episode,return,-242.98000758566403
299600,train_episode,success,0.0
299800,train_episode,collapse,0.0
299800,train_episode,length,200.0
299800,train_episode,return,-119.85306716143035
299800,train_episode,success,1.0
300000,train_episode,collapse,0.0
300000,train_episode,length,200.0
300000,train_episode,return,-115.51826421083493
300000,train_episode,success,1.0
300000,update,actor_grad_norm,0.679151713848114
300000,update,actor_grad_norm_max,34.44666290283203
300000,update,actor_grad_norm_mean,0.47495797083079816
300000,update,actor_grad_norm_min,0.06913166493177414
300000,update,actor_loss,19.165359497070312
300000,update,actor_loss_max,24.082170486450195
300000,update,actor_loss_mean,13.657668692016601
300000,update,actor_loss_min,6.227545261383057
300000,update,actor_param_norm,97.0025863647461
300000,update,actor_param_norm_max,97.0069580078125
300000,update,actor_param_norm_mean,96.64386825256348
300000,update,actor_param_norm_min,96.27054595947266
300000,update,actor_update_norm,0.013421125710010529
300000,update,actor_update_norm_max,0.046296339482069016
300000,update,actor_update_norm_mean,0.012079579111747443
300000,update,actor_update_norm_min,0.004980398342013359
300000,update,actor_update_norm_ratio,0.0001383588342328071
300000,update,actor_update_norm_ratio_max,0.0004776877764932678
300000,update,actor_update_norm_ratio_mean,0.00012498118957876884
300000,update,actor_update_norm_ratio_min,5.162309165516703e-05
300000,update,alpha,0.003213973483070731
300000,update,alpha_loss,-0.0004557484935503453
300000,update,alpha_loss_max,0.001997733023017645
300000,update,alpha_loss_mean,2.5639812842564426e-05
300000,update,alpha_loss_min,-0.0024010424967855215
300000,update,alpha_max,0.005332694388926029
300000,update,alpha_mean,0.0038954859904944896
300000,update,alpha_min,0.002940915524959564
300000,update,num_optimizer_updates,5000.0
300000,update,policy_entropy_estimate,-1.141770362854004
300000,update,policy_entropy_estimate_max,-0.49998265504837036
300000,update,policy_entropy_estimate_mean,-0.9932418914556503
300000,update,policy_entropy_estimate_min,-1.5324468612670898
300000,update,policy_log_prob_mean,1.141770362854004
300000,update,policy_log_prob_mean_max,1.5324468612670898
300000,update,policy_log_prob_mean_mean,0.9932418914556503
300000,update,policy_log_prob_mean_min,0.49998265504837036
300000,update,q1_loss,0.5794721841812134
300000,update,q1_loss_max,11.588156700134277
300000,update,q1_loss_mean,0.44598264793902637
300000,update,q1_loss_min,0.03397616744041443
300000,update,q1_mean,-19.185483932495117
300000,update,q1_mean_max,-5.786001682281494
300000,update,q1_mean_mean,-13.660005565738677
300000,update,q1_mean_min,-24.240097045898438
300000,update,q2_loss,0.43880510330200195
300000,update,q2_loss_max,16.634071350097656
300000,update,q2_loss_mean,0.43389189154356717
300000,update,q2_loss_min,0.031102217733860016
300000,update,q2_mean,-19.332841873168945
300000,update,q2_mean_max,-5.7997331619262695
300000,update,q2_mean_mean,-13.660041761875153
300000,update,q2_mean_min,-24.01493263244629
300000,update,q_grad_norm,150.03836059570312
300000,update,q_grad_norm_max,1394.3212890625
300000,update,q_grad_norm_mean,90.28509205188752
300000,update,q_grad_norm_min,10.402538299560547
300000,update,q_loss,1.0182772874832153
300000,update,q_loss_cleanrl_logged,0.5091386437416077
300000,update,q_loss_cleanrl_logged_max,14.111114501953125
300000,update,q_loss_cleanrl_logged_mean,0.439937270282954
300000,update,q_loss_cleanrl_logged_min,0.034798040986061096
300000,update,q_loss_max,28.22222900390625
300000,update,q_loss_mean,0.879874540565908
300000,update,q_loss_min,0.06959608197212219
300000,update,q_param_norm,512.8017272949219
300000,update,q_param_norm_max,512.8017272949219
300000,update,q_param_norm_mean,511.412045123291
300000,update,q_param_norm_min,510.0365753173828
300000,update,q_update_norm,0.03321404010057449
300000,update,q_update_norm_max,0.07146638631820679
300000,update,q_update_norm_mean,0.030128777109272777
300000,update,q_update_norm_min,0.013589143753051758
300000,update,q_update_norm_ratio,9.15960676806833e-05
300000,update,q_update_norm_ratio_max,0.00019751951648801455
300000,update,q_update_norm_ratio_mean,8.330972266718701e-05
300000,update,q_update_norm_ratio_min,3.7493050396006394e-05
300000,update,target_q_mean,-19.135717391967773
300000,update,target_q_mean_max,-5.935407638549805
300000,update,target_q_mean_mean,-13.660213132953643
300000,update,target_q_mean_min,-24.039012908935547
300000,replay,action_abs_max,2.0
300000,replay,action_abs_mean,0.5721691846847534
300000,replay,action_saturation_fraction,0.07262333333333333
300000,replay,capacity,500000.0
300000,replay,done_fraction,0.0
300000,replay,fill_fraction,0.6
300000,replay,near_upright_any_transition_fraction,0.8391566666666667
300000,replay,near_upright_next_obs_fraction,0.8390733333333333
300000,replay,near_upright_obs_fraction,0.83467
300000,replay,reward_max,-4.2872531480497855e-07
300000,replay,reward_mean,-0.8404783606529236
300000,replay,reward_min,-16.269039154052734
300000,replay,reward_std,2.475839138031006
300000,replay,sample_count_max,1167.0
300000,replay,sample_count_mean,251.73333333333332
300000,replay,size,300000.0
300000,replay,transition_age_max,299999.0
300000,replay,transition_age_mean,149999.5
300000,diagnostics,actor_layer0_activation_abs_max,3.8634040355682373
300000,diagnostics,actor_layer0_activation_abs_mean,0.09765304625034332
300000,diagnostics,actor_layer0_dormant_fraction,0.1015625
300000,diagnostics,actor_layer0_effective_rank_fraction,0.05475606396794319
300000,diagnostics,actor_layer1_activation_abs_max,16.23304557800293
300000,diagnostics,actor_layer1_activation_abs_mean,0.027875419706106186
300000,diagnostics,actor_layer1_dormant_fraction,0.5703125
300000,diagnostics,actor_layer1_effective_rank_fraction,0.09807554632425308
300000,diagnostics,actor_param_norm,97.0025863647461
300000,diagnostics,alpha,0.003213973483070731
300000,diagnostics,q1_layer0_activation_abs_max,7.221472263336182
300000,diagnostics,q1_layer0_activation_abs_mean,0.293762743473053
300000,diagnostics,q1_layer0_dormant_fraction,0.1953125
300000,diagnostics,q1_layer0_effective_rank_fraction,0.05290273204445839
300000,diagnostics,q1_layer1_activation_abs_max,34.02513885498047
300000,diagnostics,q1_layer1_activation_abs_mean,1.981053352355957
300000,diagnostics,q1_layer1_dormant_fraction,0.7265625
300000,diagnostics,q1_layer1_effective_rank_fraction,0.05703027918934822
300000,diagnostics,q1_param_norm,258.3683166503906
300000,diagnostics,q2_layer0_activation_abs_max,5.791627407073975
300000,diagnostics,q2_layer0_activation_abs_mean,0.2982625961303711
300000,diagnostics,q2_layer0_dormant_fraction,0.22265625
300000,diagnostics,q2_layer0_effective_rank_fraction,0.05132482945919037
300000,diagnostics,q2_layer1_activation_abs_max,42.08002471923828
300000,diagnostics,q2_layer1_activation_abs_mean,1.814322829246521
300000,diagnostics,q2_layer1_dormant_fraction,0.76953125
300000,diagnostics,q2_layer1_effective_rank_fraction,0.05261090770363808
300000,diagnostics,q2_param_norm,254.43341064453125
300000,eval,best_return,-0.3998034384395906
300000,eval,collapse_rate,0.0
300000,eval,failure_rate,0.44999999999999996
300000,eval,fraction_return_ge_-100,0.15
300000,eval,fraction_return_ge_-150,0.55
300000,eval,fraction_return_ge_-200,0.55
300000,eval,fraction_return_ge_-250,0.85
300000,eval,max_not_near_upright_streak,71.0
300000,eval,mean_episode_length,200.0
300000,eval,mean_min_step_reward,-11.564061196471503
300000,eval,mean_return,-159.16890573152895
300000,eval,median_return,-126.28523662757851
300000,eval,near_upright_fraction,0.842
300000,eval,num_collapses,0.0
300000,eval,num_eval_episodes,20.0
300000,eval,num_strict_successes,11.0
300000,eval,num_successes,11.0
300000,eval,return_failure_rate,0.44999999999999996
300000,eval,return_p05,-275.5445873518883
300000,eval,return_p10,-254.48221443515848
300000,eval,return_p25,-239.34961450617732
300000,eval,return_p75,-120.74357209218194
300000,eval,return_p90,-2.0221375982858394
300000,eval,return_p95,-0.5335016182109437
300000,eval,return_reliability_nines_empirical,0.3467874862246564
300000,eval,return_reliability_nines_wilson95_low,0.18183043793474354
300000,eval,return_success_rate,0.55
300000,eval,stability_success_rate,0.7
300000,eval,std_return,88.06340417976246
300000,eval,streak_success_rate,0.95
300000,eval,strict_failure_rate,0.44999999999999996
300000,eval,strict_reliability_nines_empirical,0.3467874862246564
300000,eval,strict_reliability_nines_wilson95_low,0.18183043793474354
300000,eval,strict_success_rate,0.55
300000,eval,strict_success_rate_wilson95_high,0.7418021417443758
300000,eval,strict_success_rate_wilson95_low,0.3420853424503424
300000,eval,success_rate,0.55
300000,eval,success_rate_wilson95_high,0.7418021417443758
300000,eval,success_rate_wilson95_low,0.3420853424503424
300000,eval,worst_episode_near_upright_fraction,0.645
300000,eval,worst_min_step_reward,-15.934039924796332
300000,eval,worst_return,-279.1870771257705
300200,train_episode,collapse,0.0
300200,train_episode,length,200.0
300200,train_episode,return,-122.93219889483433
300200,train_episode,success,1.0
300400,train_episode,collapse,0.0
300400,train_episode,length,200.0
300400,train_episode,return,-118.10409840158002
300400,train_episode,success,1.0
300600,train_episode,collapse,0.0
300600,train_episode,length,200.0
300600,train_episode,return,-226.39035134868405
300600,train_episode,success,0.0
300800,train_episode,collapse,0.0
300800,train_episode,length,200.0
300800,train_episode,return,-122.28111801795805
300800,train_episode,success,1.0
301000,train_episode,collapse,0.0
301000,train_episode,length,200.0
301000,train_episode,return,-119.34386499233717
301000,train_episode,success,1.0
301200,train_episode,collapse,0.0
301200,train_episode,length,200.0
301200,train_episode,return,-127.50769153941204
301200,train_episode,success,1.0
301400,train_episode,collapse,0.0
301400,train_episode,length,200.0
301400,train_episode,return,-123.91868559269383
301400,train_episode,success,1.0
301600,train_episode,collapse,0.0
301600,train_episode,length,200.0
301600,train_episode,return,-1.797075581876412
301600,train_episode,success,1.0
301800,train_episode,collapse,0.0
301800,train_episode,length,200.0
301800,train_episode,return,-1.618883873036746
301800,train_episode,success,1.0
302000,train_episode,collapse,0.0
302000,train_episode,length,200.0
302000,train_episode,return,-118.73126952725859
302000,train_episode,success,1.0
302200,train_episode,collapse,0.0
302200,train_episode,length,200.0
302200,train_episode,return,-3.785188155968255
302200,train_episode,success,1.0
302400,train_episode,collapse,0.0
302400,train_episode,length,200.0
302400,train_episode,return,-2.5317252491910924
302400,train_episode,success,1.0
302600,train_episode,collapse,0.0
302600,train_episode,length,200.0
302600,train_episode,return,-119.90464269251578
302600,train_episode,success,1.0
302800,train_episode,collapse,0.0
302800,train_episode,length,200.0
302800,train_episode,return,-115.66209847208391
302800,train_episode,success,1.0
303000,train_episode,collapse,0.0
303000,train_episode,length,200.0
303000,train_episode,return,-129.84366876800772
303000,train_episode,success,1.0
303200,train_episode,collapse,0.0
303200,train_episode,length,200.0
303200,train_episode,return,-2.738565899243088
303200,train_episode,success,1.0
303400,train_episode,collapse,0.0
303400,train_episode,length,200.0
303400,train_episode,return,-122.7034915650366
303400,train_episode,success,1.0
303600,train_episode,collapse,0.0
303600,train_episode,length,200.0
303600,train_episode,return,-278.80842449597077
303600,train_episode,success,0.0
303800,train_episode,collapse,0.0
303800,train_episode,length,200.0
303800,train_episode,return,-220.06302588155265
303800,train_episode,success,0.0
304000,train_episode,collapse,0.0
304000,train_episode,length,200.0
304000,train_episode,return,-235.50373615263126
304000,train_episode,success,0.0
304200,train_episode,collapse,0.0
304200,train_episode,length,200.0
304200,train_episode,return,-117.65694114334472
304200,train_episode,success,1.0
304400,train_episode,collapse,0.0
304400,train_episode,length,200.0
304400,train_episode,return,-120.7038489294385
304400,train_episode,success,1.0
304600,train_episode,collapse,0.0
304600,train_episode,length,200.0
304600,train_episode,return,-120.8867705175782
304600,train_episode,success,1.0
304800,train_episode,collapse,0.0
304800,train_episode,length,200.0
304800,train_episode,return,-1.9693189211632216
304800,train_episode,success,1.0
305000,train_episode,collapse,0.0
305000,train_episode,length,200.0
305000,train_episode,return,-115.86795932486584
305000,train_episode,success,1.0
305000,update,actor_grad_norm,0.21499121189117432
305000,update,actor_grad_norm_max,36.66355895996094
305000,update,actor_grad_norm_mean,0.4666814264461398
305000,update,actor_grad_norm_min,0.06200731173157692
305000,update,actor_loss,14.511489868164062
305000,update,actor_loss_max,22.574939727783203
305000,update,actor_loss_mean,13.49371309261322
305000,update,actor_loss_min,6.244540691375732
305000,update,actor_param_norm,97.4453353881836
305000,update,actor_param_norm_max,97.46426391601562
305000,update,actor_param_norm_mean,97.22110117797851
305000,update,actor_param_norm_min,96.99468231201172
305000,update,actor_update_norm,0.015124781988561153
305000,update,actor_update_norm_max,0.047600146383047104
305000,update,actor_update_norm_mean,0.011851268704794348
305000,update,actor_update_norm_min,0.004869561642408371
305000,update,actor_update_norm_ratio,0.00015521224996153333
305000,update,actor_update_norm_ratio_max,0.0004904230951888311
305000,update,actor_update_norm_ratio_mean,0.00012190085517598144
305000,update,actor_update_norm_ratio_min,5.0095922671996566e-05
305000,update,alpha,0.0022273086942732334
305000,update,alpha_loss,-0.000663065817207098
305000,update,alpha_loss_max,0.0020747166126966476
305000,update,alpha_loss_mean,6.666203985150787e-05
305000,update,alpha_loss_min,-0.0023128711618483067
305000,update,alpha_max,0.004636196885257959
305000,update,alpha_mean,0.003396411232696846
305000,update,alpha_min,0.002122434787452221
305000,update,num_optimizer_updates,5000.0
305000,update,policy_entropy_estimate,-1.2979612350463867
305000,update,policy_entropy_estimate_max,-0.3795633912086487
305000,update,policy_entropy_estimate_mean,-0.976474030137062
305000,update,policy_entropy_estimate_min,-1.655124545097351
305000,update,policy_log_prob_mean,1.2979612350463867
305000,update,policy_log_prob_mean_max,1.655124545097351
305000,update,policy_log_prob_mean_mean,0.976474030137062
305000,update,policy_log_prob_mean_min,0.3795633912086487
305000,update,q1_loss,0.7262068390846252
305000,update,q1_loss_max,18.231834411621094
305000,update,q1_loss_mean,0.48040322001837193
305000,update,q1_loss_min,0.028671016916632652
305000,update,q1_mean,-14.57047176361084
305000,update,q1_mean_max,-6.1240692138671875
305000,update,q1_mean_mean,-13.465387419128419
305000,update,q1_mean_min,-23.08277130126953
305000,update,q2_loss,0.5296427607536316
305000,update,q2_loss_max,16.45766258239746
305000,update,q2_loss_mean,0.4751813557170331
305000,update,q2_loss_min,0.021968267858028412
305000,update,q2_mean,-14.44568157196045
305000,update,q2_mean_max,-6.011752128601074
305000,update,q2_mean_mean,-13.46541303319931
305000,update,q2_mean_min,-23.090272903442383
305000,update,q_grad_norm,53.84895324707031
305000,update,q_grad_norm_max,1600.4315185546875
305000,update,q_grad_norm_mean,94.75598908691406
305000,update,q_grad_norm_min,9.516963958740234
305000,update,q_loss,1.2558495998382568
305000,update,q_loss_cleanrl_logged,0.6279247999191284
305000,update,q_loss_cleanrl_logged_max,15.597838401794434
305000,update,q_loss_cleanrl_logged_mean,0.4777922879509628
305000,update,q_loss_cleanrl_logged_min,0.02817409858107567
305000,update,q_loss_max,31.195676803588867
305000,update,q_loss_mean,0.9555845759019256
305000,update,q_loss_min,0.05634819716215134
305000,update,q_param_norm,515.5196380615234
305000,update,q_param_norm_max,515.5394744873047
305000,update,q_param_norm_mean,514.0820057006836
305000,update,q_param_norm_min,512.8051300048828
305000,update,q_update_norm,0.04140467941761017
305000,update,q_update_norm_max,0.10538589209318161
305000,update,q_update_norm_mean,0.03122164912261069
305000,update,q_update_norm_min,0.012471438385546207
305000,update,q_update_norm_ratio,0.00011358071297842395
305000,update,q_update_norm_ratio_max,0.00028997596514306024
305000,update,q_update_norm_ratio_mean,8.588676714559805e-05
305000,update,q_update_norm_ratio_min,3.430925530600409e-05
305000,update,target_q_mean,-14.564376831054688
305000,update,target_q_mean_max,-6.091219425201416
305000,update,target_q_mean_mean,-13.46568878955841
305000,update,target_q_mean_min,-22.980344772338867
305200,train_episode,collapse,0.0
305200,train_episode,length,200.0
305200,train_episode,return,-227.7707601069281
305200,train_episode,success,0.0
305400,train_episode,collapse,0.0
305400,train_episode,length,200.0
305400,train_episode,return,-0.3864570905923462
305400,train_episode,success,1.0
305600,train_episode,collapse,0.0
305600,train_episode,length,200.0
305600,train_episode,return,-226.44374414546996
305600,train_episode,success,0.0
305800,train_episode,collapse,0.0
305800,train_episode,length,200.0
305800,train_episode,return,-1.1638680100029044
305800,train_episode,success,1.0
306000,train_episode,collapse,0.0
306000,train_episode,length,200.0
306000,train_episode,return,-220.1123508766421
306000,train_episode,success,0.0
306200,train_episode,collapse,0.0
306200,train_episode,length,200.0
306200,train_episode,return,-117.74718130891263
306200,train_episode,success,1.0
306400,train_episode,collapse,0.0
306400,train_episode,length,200.0
306400,train_episode,return,-1.2911916171398141
306400,train_episode,success,1.0
306600,train_episode,collapse,0.0
306600,train_episode,length,200.0
306600,train_episode,return,-126.40485171585613
306600,train_episode,success,1.0
306800,train_episode,collapse,0.0
306800,train_episode,length,200.0
306800,train_episode,return,-222.4840584730425
306800,train_episode,success,0.0
307000,train_episode,collapse,0.0
307000,train_episode,length,200.0
307000,train_episode,return,-115.1356998165468
307000,train_episode,success,1.0
307200,train_episode,collapse,0.0
307200,train_episode,length,200.0
307200,train_episode,return,-225.574815123591
307200,train_episode,success,0.0
307400,train_episode,collapse,0.0
307400,train_episode,length,200.0
307400,train_episode,return,-130.18942860941007
307400,train_episode,success,1.0
307600,train_episode,collapse,0.0
307600,train_episode,length,200.0
307600,train_episode,return,-0.6080252556794739
307600,train_episode,success,1.0
307800,train_episode,collapse,0.0
307800,train_episode,length,200.0
307800,train_episode,return,-115.31373704672569
307800,train_episode,success,1.0
308000,train_episode,collapse,0.0
308000,train_episode,length,200.0
308000,train_episode,return,-216.7490341587404
308000,train_episode,success,0.0
308200,train_episode,collapse,0.0
308200,train_episode,length,200.0
308200,train_episode,return,-117.17435795538364
308200,train_episode,success,1.0
308400,train_episode,collapse,0.0
308400,train_episode,length,200.0
308400,train_episode,return,-247.60721203227885
308400,train_episode,success,0.0
308600,train_episode,collapse,0.0
308600,train_episode,length,200.0
308600,train_episode,return,-124.90045118299994
308600,train_episode,success,1.0
308800,train_episode,collapse,0.0
308800,train_episode,length,200.0
308800,train_episode,return,-130.71200208000957
308800,train_episode,success,1.0
309000,train_episode,collapse,0.0
309000,train_episode,length,200.0
309000,train_episode,return,-121.35147112094126
309000,train_episode,success,1.0
309200,train_episode,collapse,0.0
309200,train_episode,length,200.0
309200,train_episode,return,-126.60021790885426
309200,train_episode,success,1.0
309400,train_episode,collapse,0.0
309400,train_episode,length,200.0
309400,train_episode,return,-121.59527261326653
309400,train_episode,success,1.0
309600,train_episode,collapse,0.0
309600,train_episode,length,200.0
309600,train_episode,return,-6.906184909736136
309600,train_episode,success,1.0
309800,train_episode,collapse,0.0
309800,train_episode,length,200.0
309800,train_episode,return,-133.03492555935006
309800,train_episode,success,1.0
310000,train_episode,collapse,0.0
310000,train_episode,length,200.0
310000,train_episode,return,-119.09119170583989
310000,train_episode,success,1.0
310000,update,actor_grad_norm,0.7190709710121155
310000,update,actor_grad_norm_max,14.067626953125
310000,update,actor_grad_norm_mean,0.45354510799199343
310000,update,actor_grad_norm_min,0.05640826001763344
310000,update,actor_loss,10.207893371582031
310000,update,actor_loss_max,21.464609146118164
310000,update,actor_loss_mean,13.293249972724915
310000,update,actor_loss_min,5.809264183044434
310000,update,actor_param_norm,98.09102630615234
310000,update,actor_param_norm_max,98.09102630615234
310000,update,actor_param_norm_mean,97.78778077087402
310000,update,actor_param_norm_min,97.4443130493164
310000,update,actor_update_norm,0.010668588802218437
310000,update,actor_update_norm_max,0.048475198447704315
310000,update,actor_update_norm_mean,0.012874295724183322
310000,update,actor_update_norm_min,0.005503547843545675
310000,update,actor_update_norm_ratio,0.00010876249219755294
310000,update,actor_update_norm_ratio_max,0.0004946378736569537
310000,update,actor_update_norm_ratio_mean,0.00013164903879488038
310000,update,actor_update_norm_ratio_min,5.625718980615323e-05
310000,update,alpha,0.002863918198272586
310000,update,alpha_loss,0.0006621977663598955
310000,update,alpha_loss_max,0.002557741943746805
310000,update,alpha_loss_mean,-8.057613228811534e-06
310000,update,alpha_loss_min,-0.0022685490548610687
310000,update,alpha_max,0.004673473071306944
310000,update,alpha_mean,0.0029261024607811124
310000,update,alpha_min,0.0022273086942732334
310000,update,num_optimizer_updates,5000.0
310000,update,policy_entropy_estimate,-0.7690644860267639
310000,update,policy_entropy_estimate_max,-0.3689503073692322
310000,update,policy_entropy_estimate_mean,-1.0049888431429863
310000,update,policy_entropy_estimate_min,-1.6219943761825562
310000,update,policy_log_prob_mean,0.7690644860267639
310000,update,policy_log_prob_mean_max,1.6219943761825562
310000,update,policy_log_prob_mean_mean,1.0049888431429863
310000,update,policy_log_prob_mean_min,0.3689503073692322
310000,update,q1_loss,0.7399935722351074
310000,update,q1_loss_max,17.04581069946289
310000,update,q1_loss_mean,0.47617247702740134
310000,update,q1_loss_min,0.017473211511969566
310000,update,q1_mean,-10.421415328979492
310000,update,q1_mean_max,-5.92536735534668
310000,update,q1_mean_mean,-13.285190447330475
310000,update,q1_mean_min,-23.330810546875
310000,update,q2_loss,0.4276549816131592
310000,update,q2_loss_max,12.406768798828125
310000,update,q2_loss_mean,0.4648895943365991
310000,update,q2_loss_min,0.028247665613889694
310000,update,q2_mean,-10.267616271972656
310000,update,q2_mean_max,-5.904204368591309
310000,update,q2_mean_mean,-13.285163721370697
310000,update,q2_mean_min,-23.520404815673828
310000,update,q_grad_norm,203.28164672851562
310000,update,q_grad_norm_max,1127.2073974609375
310000,update,q_grad_norm_mean,94.74537843227387
310000,update,q_grad_norm_min,9.584195137023926
310000,update,q_loss,1.1676485538482666
310000,update,q_loss_cleanrl_logged,0.5838242769241333
310000,update,q_loss_cleanrl_logged_max,13.713359832763672
310000,update,q_loss_cleanrl_logged_mean,0.4705310358919203
310000,update,q_loss_cleanrl_logged_min,0.0298616886138916
310000,update,q_loss_max,27.426719665527344
310000,update,q_loss_mean,0.9410620717838406
310000,update,q_loss_min,0.0597233772277832
310000,update,q_param_norm,518.0570373535156
310000,update,q_param_norm_max,518.0730285644531
310000,update,q_param_norm_mean,516.7137217346192
310000,update,q_param_norm_min,515.4724731445312
310000,update,q_update_norm,0.03550076112151146
310000,update,q_update_norm_max,0.1034492701292038
310000,update,q_update_norm_mean,0.030646305187605322
310000,update,q_update_norm_min,0.013168076053261757
310000,update,q_update_norm_ratio,9.690808701048476e-05
310000,update,q_update_norm_ratio_max,0.00028378155127440794
310000,update,q_update_norm_ratio_mean,8.387378333121172e-05
310000,update,q_update_norm_ratio_min,3.6085169373925574e-05
310000,update,target_q_mean,-10.35254192352295
310000,update,target_q_mean_max,-5.868423938751221
310000,update,target_q_mean_mean,-13.285377954483032
310000,update,target_q_mean_min,-23.42495346069336
310200,train_episode,collapse,0.0
310200,train_episode,length,200.0
310200,train_episode,return,-225.0594725165598
310200,train_episode,success,0.0
310400,train_episode,collapse,0.0
310400,train_episode,length,200.0
310400,train_episode,return,-6.084580920875991
310400,train_episode,success,1.0
310600,train_episode,collapse,0.0
310600,train_episode,length,200.0
310600,train_episode,return,-121.57841275994375
310600,train_episode,success,1.0
310800,train_episode,collapse,0.0
310800,train_episode,length,200.0
310800,train_episode,return,-310.4693675570118
310800,train_episode,success,0.0
311000,train_episode,collapse,0.0
311000,train_episode,length,200.0
311000,train_episode,return,-301.15113679791597
311000,train_episode,success,0.0
311200,train_episode,collapse,0.0
311200,train_episode,length,200.0
311200,train_episode,return,-119.69627985926259
311200,train_episode,success,1.0
311400,train_episode,collapse,0.0
311400,train_episode,length,200.0
311400,train_episode,return,-117.39676955831015
311400,train_episode,success,1.0
311600,train_episode,collapse,0.0
311600,train_episode,length,200.0
311600,train_episode,return,-113.91790214675576
311600,train_episode,success,1.0
311800,train_episode,collapse,0.0
311800,train_episode,length,200.0
311800,train_episode,return,-118.28970404304602
311800,train_episode,success,1.0
312000,train_episode,collapse,0.0
312000,train_episode,length,200.0
312000,train_episode,return,-117.45103037852765
312000,train_episode,success,1.0
312200,train_episode,collapse,0.0
312200,train_episode,length,200.0
312200,train_episode,return,-127.09338683131315
312200,train_episode,success,1.0
312400,train_episode,collapse,0.0
312400,train_episode,length,200.0
312400,train_episode,return,-230.0930730503564
312400,train_episode,success,0.0
312600,train_episode,collapse,0.0
312600,train_episode,length,200.0
312600,train_episode,return,-120.54162215486257
312600,train_episode,success,1.0
312800,train_episode,collapse,0.0
312800,train_episode,length,200.0
312800,train_episode,return,-123.17638475262581
312800,train_episode,success,1.0
313000,train_episode,collapse,0.0
313000,train_episode,length,200.0
313000,train_episode,return,-220.4720772525301
313000,train_episode,success,0.0
313200,train_episode,collapse,0.0
313200,train_episode,length,200.0
313200,train_episode,return,-7.145033386193809
313200,train_episode,success,1.0
313400,train_episode,collapse,0.0
313400,train_episode,length,200.0
313400,train_episode,return,-122.75361582833408
313400,train_episode,success,1.0
313600,train_episode,collapse,0.0
313600,train_episode,length,200.0
313600,train_episode,return,-241.99035030996671
313600,train_episode,success,0.0
313800,train_episode,collapse,0.0
313800,train_episode,length,200.0
313800,train_episode,return,-224.17700980434228
313800,train_episode,success,0.0
314000,train_episode,collapse,0.0
314000,train_episode,length,200.0
314000,train_episode,return,-130.96412908535206
314000,train_episode,success,1.0
314200,train_episode,collapse,0.0
314200,train_episode,length,200.0
314200,train_episode,return,-119.51233951090576
314200,train_episode,success,1.0
314400,train_episode,collapse,0.0
314400,train_episode,length,200.0
314400,train_episode,return,-121.18686506907615
314400,train_episode,success,1.0
314600,train_episode,collapse,0.0
314600,train_episode,length,200.0
314600,train_episode,return,-128.01218679479223
314600,train_episode,success,1.0
314800,train_episode,collapse,0.0
314800,train_episode,length,200.0
314800,train_episode,return,-122.35175131251518
314800,train_episode,success,1.0
315000,train_episode,collapse,0.0
315000,train_episode,length,200.0
315000,train_episode,return,-116.74247032535074
315000,train_episode,success,1.0
315000,update,actor_grad_norm,0.2644789218902588
315000,update,actor_grad_norm_max,28.63397789001465
315000,update,actor_grad_norm_mean,0.4794246523588896
315000,update,actor_grad_norm_min,0.07869613915681839
315000,update,actor_loss,17.840991973876953
315000,update,actor_loss_max,21.97992706298828
315000,update,actor_loss_mean,13.15448478488922
315000,update,actor_loss_min,6.039180755615234
315000,update,actor_param_norm,98.65410614013672
315000,update,actor_param_norm_max,98.65410614013672
315000,update,actor_param_norm_mean,98.35003479919433
315000,update,actor_param_norm_min,98.09102630615234
315000,update,actor_update_norm,0.010374496690928936
315000,update,actor_update_norm_max,0.04812546446919441
315000,update,actor_update_norm_mean,0.013029146149381995
315000,update,actor_update_norm_min,0.004788348451256752
315000,update,actor_update_norm_ratio,0.00010516045135994469
315000,update,actor_update_norm_ratio_max,0.00048814499270953516
315000,update,actor_update_norm_ratio_mean,0.00013246598229192937
315000,update,actor_update_norm_ratio_min,4.855083626309426e-05
315000,update,alpha,0.0064360410906374454
315000,update,alpha_loss,0.00271949777379632
315000,update,alpha_loss_max,0.014162913896143436
315000,update,alpha_loss_mean,-0.0005146368006760895
315000,update,alpha_loss_min,-0.018022587522864342
315000,update,alpha_max,0.012635940685868263
315000,update,alpha_mean,0.004467315915506333
315000,update,alpha_min,0.001844216836616397
315000,update,num_optimizer_updates,5000.0
315000,update,policy_entropy_estimate,-0.577646791934967
315000,update,policy_entropy_estimate_max,0.19796162843704224
315000,update,policy_entropy_estimate_mean,-1.1418525492619722
315000,update,policy_entropy_estimate_min,-4.2305402755737305
315000,update,policy_log_prob_mean,0.577646791934967
315000,update,policy_log_prob_mean_max,4.2305402755737305
315000,update,policy_log_prob_mean_mean,1.1418525492619722
315000,update,policy_log_prob_mean_min,-0.19796162843704224
315000,update,q1_loss,0.2218625247478485
315000,update,q1_loss_max,43.992618560791016
315000,update,q1_loss_mean,0.5439313023924828
315000,update,q1_loss_min,0.028945494443178177
315000,update,q1_mean,-17.68885612487793
315000,update,q1_mean_max,-5.837514877319336
315000,update,q1_mean_mean,-13.174667198181153
315000,update,q1_mean_min,-22.436731338500977
315000,update,q2_loss,0.29498788714408875
315000,update,q2_loss_max,44.29096221923828
315000,update,q2_loss_mean,0.5144151668012142
315000,update,q2_loss_min,0.032397858798503876
315000,update,q2_mean,-17.799114227294922
315000,update,q2_mean_max,-5.9524455070495605
315000,update,q2_mean_mean,-13.174695631980896
315000,update,q2_mean_min,-22.24959945678711
315000,update,q_grad_norm,33.74064254760742
315000,update,q_grad_norm_max,2088.877197265625
315000,update,q_grad_norm_mean,100.33820342330932
315000,update,q_grad_norm_min,8.842309951782227
315000,update,q_loss,0.5168504118919373
315000,update,q_loss_cleanrl_logged,0.25842520594596863
315000,update,q_loss_cleanrl_logged_max,44.14179229736328
315000,update,q_loss_cleanrl_logged_mean,0.5291732347868383
315000,update,q_loss_cleanrl_logged_min,0.04029649496078491
315000,update,q_loss_max,88.28358459472656
315000,update,q_loss_mean,1.0583464695736766
315000,update,q_loss_min,0.08059298992156982
315000,update,q_param_norm,520.61865234375
315000,update,q_param_norm_max,520.6344604492188
315000,update,q_param_norm_mean,519.3404959960938
315000,update,q_param_norm_min,518.0579528808594
315000,update,q_update_norm,0.026476096361875534
315000,update,q_update_norm_max,0.13399432599544525
315000,update,q_update_norm_mean,0.03135761420186609
315000,update,q_update_norm_min,0.014801234006881714
315000,update,q_update_norm_ratio,7.191707830945813e-05
315000,update,q_update_norm_ratio_max,0.00036477465009595976
315000,update,q_update_norm_ratio_mean,8.538876012009511e-05
315000,update,q_update_norm_ratio_min,4.0246216737800505e-05
315000,update,target_q_mean,-17.82320785522461
315000,update,target_q_mean_max,-5.86798620223999
315000,update,target_q_mean_mean,-13.174926020622253
315000,update,target_q_mean_min,-22.26291275024414
315200,train_episode,collapse,0.0
315200,train_episode,length,200.0
315200,train_episode,return,-124.93563897787045
315200,train_episode,success,1.0
315400,train_episode,collapse,0.0
315400,train_episode,length,200.0
315400,train_episode,return,-125.94915765181541
315400,train_episode,success,1.0
315600,train_episode,collapse,0.0
315600,train_episode,length,200.0
315600,train_episode,return,-115.48060350771203
315600,train_episode,success,1.0
315800,train_episode,collapse,0.0
315800,train_episode,length,200.0
315800,train_episode,return,-232.48853781103026
315800,train_episode,success,0.0
316000,train_episode,collapse,0.0
316000,train_episode,length,200.0
316000,train_episode,return,-117.91353250920707
316000,train_episode,success,1.0
316200,train_episode,collapse,0.0
316200,train_episode,length,200.0
316200,train_episode,return,-243.93070699037264
316200,train_episode,success,0.0
316400,train_episode,collapse,0.0
316400,train_episode,length,200.0
316400,train_episode,return,-235.47919590248094
316400,train_episode,success,0.0
316600,train_episode,collapse,0.0
316600,train_episode,length,200.0
316600,train_episode,return,-218.93609923625203
316600,train_episode,success,0.0
316800,train_episode,collapse,0.0
316800,train_episode,length,200.0
316800,train_episode,return,-118.29758085156128
316800,train_episode,success,1.0
317000,train_episode,collapse,0.0
317000,train_episode,length,200.0
317000,train_episode,return,-118.86977882293618
317000,train_episode,success,1.0
317200,train_episode,collapse,0.0
317200,train_episode,length,200.0
317200,train_episode,return,-123.78927683804268
317200,train_episode,success,1.0
317400,train_episode,collapse,0.0
317400,train_episode,length,200.0
317400,train_episode,return,-219.02760952498056
317400,train_episode,success,0.0
317600,train_episode,collapse,0.0
317600,train_episode,length,200.0
317600,train_episode,return,-116.10654523867105
317600,train_episode,success,1.0
317800,train_episode,collapse,0.0
317800,train_episode,length,200.0
317800,train_episode,return,-116.3199034599205
317800,train_episode,success,1.0
318000,train_episode,collapse,0.0
318000,train_episode,length,200.0
318000,train_episode,return,-123.39033728677141
318000,train_episode,success,1.0
318200,train_episode,collapse,0.0
318200,train_episode,length,200.0
318200,train_episode,return,-118.85638126057165
318200,train_episode,success,1.0
318400,train_episode,collapse,0.0
318400,train_episode,length,200.0
318400,train_episode,return,-115.72933187046254
318400,train_episode,success,1.0
318600,train_episode,collapse,0.0
318600,train_episode,length,200.0
318600,train_episode,return,-0.9898679405238269
318600,train_episode,success,1.0
318800,train_episode,collapse,0.0
318800,train_episode,length,200.0
318800,train_episode,return,-238.89619705112213
318800,train_episode,success,0.0
319000,train_episode,collapse,0.0
319000,train_episode,length,200.0
319000,train_episode,return,-126.02828239039918
319000,train_episode,success,1.0
319200,train_episode,collapse,0.0
319200,train_episode,length,200.0
319200,train_episode,return,-127.81663226096296
319200,train_episode,success,1.0
319400,train_episode,collapse,0.0
319400,train_episode,length,200.0
319400,train_episode,return,-126.15661143030053
319400,train_episode,success,1.0
319600,train_episode,collapse,0.0
319600,train_episode,length,200.0
319600,train_episode,return,-0.9369165597526774
319600,train_episode,success,1.0
319800,train_episode,collapse,0.0
319800,train_episode,length,200.0
319800,train_episode,return,-115.65898696345211
319800,train_episode,success,1.0
320000,train_episode,collapse,0.0
320000,train_episode,length,200.0
320000,train_episode,return,-120.7935063584109
320000,train_episode,success,1.0
320000,update,actor_grad_norm,0.3312719464302063
320000,update,actor_grad_norm_max,16.05032730102539
320000,update,actor_grad_norm_mean,0.4492579666495323
320000,update,actor_grad_norm_min,0.04610013961791992
320000,update,actor_loss,14.369213104248047
320000,update,actor_loss_max,22.47005271911621
320000,update,actor_loss_mean,12.843212405204772
320000,update,actor_loss_min,5.97011661529541
320000,update,actor_param_norm,99.1009292602539
320000,update,actor_param_norm_max,99.10496520996094
320000,update,actor_param_norm_mean,98.86815534667969
320000,update,actor_param_norm_min,98.65410614013672
320000,update,actor_update_norm,0.010924352332949638
320000,update,actor_update_norm_max,0.0440608486533165
320000,update,actor_update_norm_mean,0.011545389139279723
320000,update,actor_update_norm_min,0.004115262534469366
320000,update,actor_update_norm_ratio,0.00011023482262093039
320000,update,actor_update_norm_ratio_max,0.0004459539319562644
320000,update,actor_update_norm_ratio_mean,0.00011677294841343446
320000,update,actor_update_norm_ratio_min,4.1578869665310456e-05
320000,update,alpha,0.001759845414198935
320000,update,alpha_loss,0.00019837496802210808
320000,update,alpha_loss_max,0.004415702074766159
320000,update,alpha_loss_mean,0.0008941020786369336
320000,update,alpha_loss_min,-0.001301502576097846
320000,update,alpha_max,0.0064360410906374454
320000,update,alpha_mean,0.0031144113974412905
320000,update,alpha_min,0.001759845414198935
320000,update,num_optimizer_updates,5000.0
320000,update,policy_entropy_estimate,-0.8873050808906555
320000,update,policy_entropy_estimate_max,-0.21675202250480652
320000,update,policy_entropy_estimate_mean,-0.7638294991433621
320000,update,policy_entropy_estimate_min,-1.6053380966186523
320000,update,policy_log_prob_mean,0.8873050808906555
320000,update,policy_log_prob_mean_max,1.6053380966186523
320000,update,policy_log_prob_mean_mean,0.7638294991433621
320000,update,policy_log_prob_mean_min,0.21675202250480652
320000,update,q1_loss,0.133734330534935
320000,update,q1_loss_max,19.858427047729492
320000,update,q1_loss_mean,0.4949282760377973
320000,update,q1_loss_min,0.024250011891126633
320000,update,q1_mean,-14.211363792419434
320000,update,q1_mean_max,-5.539948463439941
320000,update,q1_mean_mean,-12.871890267848968
320000,update,q1_mean_min,-22.235408782958984
320000,update,q2_loss,0.12391690164804459
320000,update,q2_loss_max,22.671768188476562
320000,update,q2_loss_mean,0.4771828916464001
320000,update,q2_loss_min,0.026046281680464745
320000,update,q2_mean,-14.247611045837402
320000,update,q2_mean_max,-5.450726509094238
320000,update,q2_mean_mean,-12.871828230667115
320000,update,q2_mean_min,-22.450302124023438
320000,update,q_grad_norm,28.843002319335938
320000,update,q_grad_norm_max,1388.1533203125
320000,update,q_grad_norm_mean,95.53896188049316
320000,update,q_grad_norm_min,8.409274101257324
320000,update,q_loss,0.2576512396335602
320000,update,q_loss_cleanrl_logged,0.1288256198167801
320000,update,q_loss_cleanrl_logged_max,21.265098571777344
320000,update,q_loss_cleanrl_logged_mean,0.4860555833376944
320000,update,q_loss_cleanrl_logged_min,0.03195178136229515
320000,update,q_loss_max,42.53019714355469
320000,update,q_loss_mean,0.9721111666753888
320000,update,q_loss_min,0.0639035627245903
320000,update,q_param_norm,523.2659301757812
320000,update,q_param_norm_max,523.2659301757812
320000,update,q_param_norm_mean,521.9836633178711
320000,update,q_param_norm_min,520.6190795898438
320000,update,q_update_norm,0.029242586344480515
320000,update,q_update_norm_max,0.10298062860965729
320000,update,q_update_norm_mean,0.029938173062726857
320000,update,q_update_norm_min,0.011444450356066227
320000,update,q_update_norm_ratio,7.902953903962148e-05
320000,update,q_update_norm_ratio_max,0.0002789880935015272
320000,update,q_update_norm_ratio_mean,8.110988797509767e-05
320000,update,q_update_norm_ratio_min,3.095756332048e-05
320000,update,target_q_mean,-14.255861282348633
320000,update,target_q_mean_max,-5.462655544281006
320000,update,target_q_mean_mean,-12.872067762374877
320000,update,target_q_mean_min,-22.38953971862793
320200,train_episode,collapse,0.0
320200,train_episode,length,200.0
320200,train_episode,return,-0.26551965268373634
320200,train_episode,success,1.0
320400,train_episode,collapse,0.0
320400,train_episode,length,200.0
320400,train_episode,return,-127.10221088300698
320400,train_episode,success,1.0
320600,train_episode,collapse,0.0
320600,train_episode,length,200.0
320600,train_episode,return,-126.73060753443076
320600,train_episode,success,1.0
320800,train_episode,collapse,0.0
320800,train_episode,length,200.0
320800,train_episode,return,-232.10717729051083
320800,train_episode,success,0.0
321000,train_episode,collapse,0.0
321000,train_episode,length,200.0
321000,train_episode,return,-120.55899507097925
321000,train_episode,success,1.0
321200,train_episode,collapse,0.0
321200,train_episode,length,200.0
321200,train_episode,return,-117.5748118527311
321200,train_episode,success,1.0
321400,train_episode,collapse,0.0
321400,train_episode,length,200.0
321400,train_episode,return,-116.0823270851979
321400,train_episode,success,1.0
321600,train_episode,collapse,0.0
321600,train_episode,length,200.0
321600,train_episode,return,-1.7092330399478455
321600,train_episode,success,1.0
321800,train_episode,collapse,0.0
321800,train_episode,length,200.0
321800,train_episode,return,-126.49300462302185
321800,train_episode,success,1.0
322000,train_episode,collapse,0.0
322000,train_episode,length,200.0
322000,train_episode,return,-116.67490419625238
322000,train_episode,success,1.0
322200,train_episode,collapse,0.0
322200,train_episode,length,200.0
322200,train_episode,return,-238.11165520210227
322200,train_episode,success,0.0
322400,train_episode,collapse,0.0
322400,train_episode,length,200.0
322400,train_episode,return,-124.80039583095149
322400,train_episode,success,1.0
322600,train_episode,collapse,0.0
322600,train_episode,length,200.0
322600,train_episode,return,-123.94369965855851
322600,train_episode,success,1.0
322800,train_episode,collapse,0.0
322800,train_episode,length,200.0
322800,train_episode,return,-1.7143866869180744
322800,train_episode,success,1.0
323000,train_episode,collapse,0.0
323000,train_episode,length,200.0
323000,train_episode,return,-121.62224239837931
323000,train_episode,success,1.0
323200,train_episode,collapse,0.0
323200,train_episode,length,200.0
323200,train_episode,return,-2.8974040369781826
323200,train_episode,success,1.0
323400,train_episode,collapse,0.0
323400,train_episode,length,200.0
323400,train_episode,return,-223.1419700648766
323400,train_episode,success,0.0
323600,train_episode,collapse,0.0
323600,train_episode,length,200.0
323600,train_episode,return,-120.64626801359984
323600,train_episode,success,1.0
323800,train_episode,collapse,0.0
323800,train_episode,length,200.0
323800,train_episode,return,-119.49356978433408
323800,train_episode,success,1.0
324000,train_episode,collapse,0.0
324000,train_episode,length,200.0
324000,train_episode,return,-118.23337107755164
324000,train_episode,success,1.0
324200,train_episode,collapse,0.0
324200,train_episode,length,200.0
324200,train_episode,return,-116.3010394928354
324200,train_episode,success,1.0
324400,train_episode,collapse,0.0
324400,train_episode,length,200.0
324400,train_episode,return,-219.52625367359772
324400,train_episode,success,0.0
324600,train_episode,collapse,0.0
324600,train_episode,length,200.0
324600,train_episode,return,-121.89656662966438
324600,train_episode,success,1.0
324800,train_episode,collapse,0.0
324800,train_episode,length,200.0
324800,train_episode,return,-243.17357213982743
324800,train_episode,success,0.0
325000,train_episode,collapse,0.0
325000,train_episode,length,200.0
325000,train_episode,return,-3.2935882333310786
325000,train_episode,success,1.0
325000,update,actor_grad_norm,0.28566184639930725
325000,update,actor_grad_norm_max,16.674304962158203
325000,update,actor_grad_norm_mean,0.456126472479105
325000,update,actor_grad_norm_min,0.05842483788728714
325000,update,actor_loss,10.880524635314941
325000,update,actor_loss_max,23.103252410888672
325000,update,actor_loss_mean,12.822850477027893
325000,update,actor_loss_min,5.230495929718018
325000,update,actor_param_norm,99.71812438964844
325000,update,actor_param_norm_max,99.71812438964844
325000,update,actor_param_norm_mean,99.41296988372802
325000,update,actor_param_norm_min,99.09615325927734
325000,update,actor_update_norm,0.013205058872699738
325000,update,actor_update_norm_max,0.054737638682127
325000,update,actor_update_norm_mean,0.013218649498745799
325000,update,actor_update_norm_min,0.005272919312119484
325000,update,actor_update_norm_ratio,0.00013242400113253468
325000,update,actor_update_norm_ratio_max,0.0005490511620983584
325000,update,actor_update_norm_ratio_mean,0.00013296422705556598
325000,update,actor_update_norm_ratio_min,5.301995502052309e-05
325000,update,alpha,0.0016008545644581318
325000,update,alpha_loss,-0.00024021824356168509
325000,update,alpha_loss_max,0.0010089444695040584
325000,update,alpha_loss_mean,2.571717712962709e-05
325000,update,alpha_loss_min,-0.0012473611859604716
325000,update,alpha_max,0.002580277156084776
325000,update,alpha_mean,0.0016890041439561172
325000,update,alpha_min,0.001183212618343532
325000,update,num_optimizer_updates,5000.0
325000,update,policy_entropy_estimate,-1.1501539945602417
325000,update,policy_entropy_estimate_max,-0.29950711131095886
325000,update,policy_entropy_estimate_mean,-0.9841737266421318
325000,update,policy_entropy_estimate_min,-1.567011833190918
325000,update,policy_log_prob_mean,1.1501539945602417
325000,update,policy_log_prob_mean_max,1.567011833190918
325000,update,policy_log_prob_mean_mean,0.9841737266421318
325000,update,policy_log_prob_mean_min,0.29950711131095886
325000,update,q1_loss,1.2640341520309448
325000,update,q1_loss_max,43.36841583251953
325000,update,q1_loss_mean,0.5634197277996689
325000,update,q1_loss_min,0.02364705502986908
325000,update,q1_mean,-10.74587631225586
325000,update,q1_mean_max,-5.031070232391357
325000,update,q1_mean_mean,-12.793854758453369
325000,update,q1_mean_min,-22.971954345703125
325000,update,q2_loss,1.029204249382019
325000,update,q2_loss_max,36.064998626708984
325000,update,q2_loss_mean,0.5499117105050012
325000,update,q2_loss_min,0.01351665984839201
325000,update,q2_mean,-10.771747589111328
325000,update,q2_mean_max,-5.004481315612793
325000,update,q2_mean_mean,-12.793910225772859
325000,update,q2_mean_min,-22.993764877319336
325000,update,q_grad_norm,150.41485595703125
325000,update,q_grad_norm_max,1925.677490234375
325000,update,q_grad_norm_mean,103.66803717317582
325000,update,q_grad_norm_min,7.589460849761963
325000,update,q_loss,2.293238401412964
325000,update,q_loss_cleanrl_logged,1.146619200706482
325000,update,q_loss_cleanrl_logged_max,39.716705322265625
325000,update,q_loss_cleanrl_logged_mean,0.5566657185450197
325000,update,q_loss_cleanrl_logged_min,0.021863311529159546
325000,update,q_loss_max,79.43341064453125
325000,update,q_loss_mean,1.1133314370900393
325000,update,q_loss_min,0.04372662305831909
325000,update,q_param_norm,525.6257934570312
325000,update,q_param_norm_max,525.6978149414062
325000,update,q_param_norm_mean,524.4688652954102
325000,update,q_param_norm_min,523.2538757324219
325000,update,q_update_norm,0.03689396008849144
325000,update,q_update_norm_max,0.11249939352273941
325000,update,q_update_norm_mean,0.031156728297472
325000,update,q_update_norm_min,0.01149181928485632
325000,update,q_update_norm_ratio,9.92587241637426e-05
325000,update,q_update_norm_ratio_max,0.0003026502421775833
325000,update,q_update_norm_ratio_mean,8.401171524211833e-05
325000,update,q_update_norm_ratio_min,3.0983613671069945e-05
325000,update,target_q_mean,-10.681598663330078
325000,update,target_q_mean_max,-5.065763473510742
325000,update,target_q_mean_mean,-12.794179704856873
325000,update,target_q_mean_min,-23.066389083862305
325000,replay,action_abs_max,2.0
325000,replay,action_abs_mean,0.5747432708740234
325000,replay,action_saturation_fraction,0.07283692307692308
325000,replay,capacity,500000.0
325000,replay,done_fraction,0.0
325000,replay,fill_fraction,0.65
325000,replay,near_upright_any_transition_fraction,0.8414
325000,replay,near_upright_next_obs_fraction,0.8413169230769231
325000,replay,near_upright_obs_fraction,0.8369076923076924
325000,replay,reward_max,-4.2872531480497855e-07
325000,replay,reward_mean,-0.8254315257072449
325000,replay,reward_min,-16.269039154052734
325000,replay,reward_std,2.455857753753662
325000,replay,sample_count_max,1193.0
325000,replay,sample_count_mean,252.06153846153848
325000,replay,size,325000.0
325000,replay,transition_age_max,324999.0
325000,replay,transition_age_mean,162499.5
325000,diagnostics,actor_layer0_activation_abs_max,3.9654223918914795
325000,diagnostics,actor_layer0_activation_abs_mean,0.08720922470092773
325000,diagnostics,actor_layer0_dormant_fraction,0.125
325000,diagnostics,actor_layer0_effective_rank_fraction,0.05361810326576233
325000,diagnostics,actor_layer1_activation_abs_max,14.434101104736328
325000,diagnostics,actor_layer1_activation_abs_mean,0.021388627588748932
325000,diagnostics,actor_layer1_dormant_fraction,0.6015625
325000,diagnostics,actor_layer1_effective_rank_fraction,0.09569837152957916
325000,diagnostics,actor_param_norm,99.71812438964844
325000,diagnostics,alpha,0.0016008545644581318
325000,diagnostics,q1_layer0_activation_abs_max,7.367415428161621
325000,diagnostics,q1_layer0_activation_abs_mean,0.2773813307285309
325000,diagnostics,q1_layer0_dormant_fraction,0.21875
325000,diagnostics,q1_layer0_effective_rank_fraction,0.053399644792079926
325000,diagnostics,q1_layer1_activation_abs_max,36.84569549560547
325000,diagnostics,q1_layer1_activation_abs_mean,1.9808863401412964
325000,diagnostics,q1_layer1_dormant_fraction,0.7421875
325000,diagnostics,q1_layer1_effective_rank_fraction,0.057282231748104095
325000,diagnostics,q1_param_norm,265.51025390625
325000,diagnostics,q2_layer0_activation_abs_max,6.1197333335876465
325000,diagnostics,q2_layer0_activation_abs_mean,0.2839495837688446
325000,diagnostics,q2_layer0_dormant_fraction,0.25
325000,diagnostics,q2_layer0_effective_rank_fraction,0.05187392234802246
325000,diagnostics,q2_layer1_activation_abs_max,45.560401916503906
325000,diagnostics,q2_layer1_activation_abs_mean,1.6648502349853516
325000,diagnostics,q2_layer1_dormant_fraction,0.79296875
325000,diagnostics,q2_layer1_effective_rank_fraction,0.051984693855047226
325000,diagnostics,q2_param_norm,260.11553955078125
325200,train_episode,collapse,0.0
325200,train_episode,length,200.0
325200,train_episode,return,-128.02409180081003
325200,train_episode,success,1.0
325400,train_episode,collapse,0.0
325400,train_episode,length,200.0
325400,train_episode,return,-234.14115456721603
325400,train_episode,success,0.0
325600,train_episode,collapse,0.0
325600,train_episode,length,200.0
325600,train_episode,return,-259.4862287471698
325600,train_episode,success,0.0
325800,train_episode,collapse,0.0
325800,train_episode,length,200.0
325800,train_episode,return,-3.630836997883035
325800,train_episode,success,1.0
326000,train_episode,collapse,0.0
326000,train_episode,length,200.0
326000,train_episode,return,-115.29046073436196
326000,train_episode,success,1.0
326200,train_episode,collapse,0.0
326200,train_episode,length,200.0
326200,train_episode,return,-0.5243149607090591
326200,train_episode,success,1.0
326400,train_episode,collapse,0.0
326400,train_episode,length,200.0
326400,train_episode,return,-128.26658755848985
326400,train_episode,success,1.0
326600,train_episode,collapse,0.0
326600,train_episode,length,200.0
326600,train_episode,return,-116.95819670181841
326600,train_episode,success,1.0
326800,train_episode,collapse,0.0
326800,train_episode,length,200.0
326800,train_episode,return,-219.18438639423366
326800,train_episode,success,0.0
327000,train_episode,collapse,0.0
327000,train_episode,length,200.0
327000,train_episode,return,-225.66492136624942
327000,train_episode,success,0.0
327200,train_episode,collapse,0.0
327200,train_episode,length,200.0
327200,train_episode,return,-226.44080531311758
327200,train_episode,success,0.0
327400,train_episode,collapse,0.0
327400,train_episode,length,200.0
327400,train_episode,return,-125.99734503523533
327400,train_episode,success,1.0
327600,train_episode,collapse,0.0
327600,train_episode,length,200.0
327600,train_episode,return,-288.91801256866273
327600,train_episode,success,0.0
327800,train_episode,collapse,0.0
327800,train_episode,length,200.0
327800,train_episode,return,-116.7100042728021
327800,train_episode,success,1.0
328000,train_episode,collapse,0.0
328000,train_episode,length,200.0
328000,train_episode,return,-123.35593825085874
328000,train_episode,success,1.0
328200,train_episode,collapse,0.0
328200,train_episode,length,200.0
328200,train_episode,return,-122.00296006277343
328200,train_episode,success,1.0
328400,train_episode,collapse,0.0
328400,train_episode,length,200.0
328400,train_episode,return,-227.76307611979098
328400,train_episode,success,0.0
328600,train_episode,collapse,0.0
328600,train_episode,length,200.0
328600,train_episode,return,-126.32813836895711
328600,train_episode,success,1.0
328800,train_episode,collapse,0.0
328800,train_episode,length,200.0
328800,train_episode,return,-118.55677240804991
328800,train_episode,success,1.0
329000,train_episode,collapse,0.0
329000,train_episode,length,200.0
329000,train_episode,return,-228.89354978522138
329000,train_episode,success,0.0
329200,train_episode,collapse,0.0
329200,train_episode,length,200.0
329200,train_episode,return,-127.99054309580663
329200,train_episode,success,1.0
329400,train_episode,collapse,0.0
329400,train_episode,length,200.0
329400,train_episode,return,-3.418100995043496
329400,train_episode,success,1.0
329600,train_episode,collapse,0.0
329600,train_episode,length,200.0
329600,train_episode,return,-127.00560719798416
329600,train_episode,success,1.0
329800,train_episode,collapse,0.0
329800,train_episode,length,200.0
329800,train_episode,return,-222.79269015938465
329800,train_episode,success,0.0
330000,train_episode,collapse,0.0
330000,train_episode,length,200.0
330000,train_episode,return,-2.7141759003387613
330000,train_episode,success,1.0
330000,update,actor_grad_norm,0.2055564969778061
330000,update,actor_grad_norm_max,13.712185859680176
330000,update,actor_grad_norm_mean,0.45488377112299205
330000,update,actor_grad_norm_min,0.059330131858587265
330000,update,actor_loss,10.606201171875
330000,update,actor_loss_max,20.842119216918945
330000,update,actor_loss_mean,12.6635746301651
330000,update,actor_loss_min,5.152574062347412
330000,update,actor_param_norm,100.23951721191406
330000,update,actor_param_norm_max,100.23951721191406
330000,update,actor_param_norm_mean,99.99532160949707
330000,update,actor_param_norm_min,99.71812438964844
330000,update,actor_update_norm,0.009315497241914272
330000,update,actor_update_norm_max,0.044974613934755325
330000,update,actor_update_norm_mean,0.012095118935965002
330000,update,actor_update_norm_min,0.004674972500652075
330000,update,actor_update_norm_ratio,9.293250361071732e-05
330000,update,actor_update_norm_ratio_max,0.00045095589514475477
330000,update,actor_update_norm_ratio_mean,0.00012095238183390867
330000,update,actor_update_norm_ratio_min,4.670993645972411e-05
330000,update,alpha,0.0020466602873057127
330000,update,alpha_loss,-0.00016130316362250596
330000,update,alpha_loss_max,0.0014244768535718322
330000,update,alpha_loss_mean,4.361062441603281e-07
330000,update,alpha_loss_min,-0.0016927681863307953
330000,update,alpha_max,0.003106253920122981
330000,update,alpha_mean,0.001955966921383515
330000,update,alpha_min,0.001154414378106594
330000,update,num_optimizer_updates,5000.0
330000,update,policy_entropy_estimate,-1.0788758993148804
330000,update,policy_entropy_estimate_max,-0.3903366029262543
330000,update,policy_entropy_estimate_mean,-1.0007820026278496
330000,update,policy_entropy_estimate_min,-1.6978099346160889
330000,update,policy_log_prob_mean,1.0788758993148804
330000,update,policy_log_prob_mean_max,1.6978099346160889
330000,update,policy_log_prob_mean_mean,1.0007820026278496
330000,update,policy_log_prob_mean_min,0.3903366029262543
330000,update,q1_loss,0.39683032035827637
330000,update,q1_loss_max,10.830686569213867
330000,update,q1_loss_mean,0.4506800108021125
330000,update,q1_loss_min,0.01132568996399641
330000,update,q1_mean,-10.737092018127441
330000,update,q1_mean_max,-4.741098403930664
330000,update,q1_mean_mean,-12.754432305526734
330000,update,q1_mean_min,-22.15841293334961
330000,update,q2_loss,1.8875027894973755
330000,update,q2_loss_max,15.742788314819336
330000,update,q2_loss_mean,0.4369555448800325
330000,update,q2_loss_min,0.020947515964508057
330000,update,q2_mean,-10.982239723205566
330000,update,q2_mean_max,-5.014993667602539
330000,update,q2_mean_mean,-12.754345150470733
330000,update,q2_mean_min,-22.216718673706055
330000,update,q_grad_norm,166.39451599121094
330000,update,q_grad_norm_max,1157.1466064453125
330000,update,q_grad_norm_mean,91.47075112838745
330000,update,q_grad_norm_min,4.270500183105469
330000,update,q_loss,2.2843332290649414
330000,update,q_loss_cleanrl_logged,1.1421666145324707
330000,update,q_loss_cleanrl_logged_max,10.212960243225098
330000,update,q_loss_cleanrl_logged_mean,0.4438177776321769
330000,update,q_loss_cleanrl_logged_min,0.01613660342991352
330000,update,q_loss_max,20.425920486450195
330000,update,q_loss_mean,0.8876355552643538
330000,update,q_loss_min,0.03227320685982704
330000,update,q_param_norm,528.2028198242188
330000,update,q_param_norm_max,528.2330017089844
330000,update,q_param_norm_mean,526.8698396728515
330000,update,q_param_norm_min,525.620849609375
330000,update,q_update_norm,0.03701246902346611
330000,update,q_update_norm_max,0.07200843095779419
330000,update,q_update_norm_mean,0.029895803104154767
330000,update,q_update_norm_min,0.011360721662640572
330000,update,q_update_norm_ratio,9.909176856927536e-05
330000,update,q_update_norm_ratio_max,0.00019300824136104966
330000,update,q_update_norm_ratio_mean,8.02352609825158e-05
330000,update,q_update_norm_ratio_min,3.055179789223018e-05
330000,update,target_q_mean,-10.83794116973877
330000,update,target_q_mean_max,-5.059724807739258
330000,update,target_q_mean_mean,-12.754595038223266
330000,update,target_q_mean_min,-22.31942367553711
330200,train_episode,collapse,0.0
330200,train_episode,length,200.0
330200,train_episode,return,-122.22086217490457
330200,train_episode,success,1.0
330400,train_episode,collapse,0.0
330400,train_episode,length,200.0
330400,train_episode,return,-220.4888818179062
330400,train_episode,success,0.0
330600,train_episode,collapse,0.0
330600,train_episode,length,200.0
330600,train_episode,return,-273.53192386697646
330600,train_episode,success,0.0
330800,train_episode,collapse,0.0
330800,train_episode,length,200.0
330800,train_episode,return,-118.90919866920953
330800,train_episode,success,1.0
331000,train_episode,collapse,0.0
331000,train_episode,length,200.0
331000,train_episode,return,-0.9861190448479159
331000,train_episode,success,1.0
331200,train_episode,collapse,0.0
331200,train_episode,length,200.0
331200,train_episode,return,-114.07813026204603
331200,train_episode,success,1.0
331400,train_episode,collapse,0.0
331400,train_episode,length,200.0
331400,train_episode,return,-118.82750642896382
331400,train_episode,success,1.0
331600,train_episode,collapse,0.0
331600,train_episode,length,200.0
331600,train_episode,return,-0.8997887513776298
331600,train_episode,success,1.0
331800,train_episode,collapse,0.0
331800,train_episode,length,200.0
331800,train_episode,return,-127.15421804166748
331800,train_episode,success,1.0
332000,train_episode,collapse,0.0
332000,train_episode,length,200.0
332000,train_episode,return,-4.0039507041890285
332000,train_episode,success,1.0
332200,train_episode,collapse,0.0
332200,train_episode,length,200.0
332200,train_episode,return,-220.25672919412673
332200,train_episode,success,0.0
332400,train_episode,collapse,0.0
332400,train_episode,length,200.0
332400,train_episode,return,-221.01276855342368
332400,train_episode,success,0.0
332600,train_episode,collapse,0.0
332600,train_episode,length,200.0
332600,train_episode,return,-218.3820224913573
332600,train_episode,success,0.0
332800,train_episode,collapse,0.0
332800,train_episode,length,200.0
332800,train_episode,return,-120.71528875689745
332800,train_episode,success,1.0
333000,train_episode,collapse,0.0
333000,train_episode,length,200.0
333000,train_episode,return,-127.88292929043617
333000,train_episode,success,1.0
333200,train_episode,collapse,0.0
333200,train_episode,length,200.0
333200,train_episode,return,-116.07431543855425
333200,train_episode,success,1.0
333400,train_episode,collapse,0.0
333400,train_episode,length,200.0
333400,train_episode,return,-220.53270272532635
333400,train_episode,success,0.0
333600,train_episode,collapse,0.0
333600,train_episode,length,200.0
333600,train_episode,return,-123.94984021193301
333600,train_episode,success,1.0
333800,train_episode,collapse,0.0
333800,train_episode,length,200.0
333800,train_episode,return,-121.34941487698876
333800,train_episode,success,1.0
334000,train_episode,collapse,0.0
334000,train_episode,length,200.0
334000,train_episode,return,-120.22135995956901
334000,train_episode,success,1.0
334200,train_episode,collapse,0.0
334200,train_episode,length,200.0
334200,train_episode,return,-125.79002550521552
334200,train_episode,success,1.0
334400,train_episode,collapse,0.0
334400,train_episode,length,200.0
334400,train_episode,return,-227.88018759880924
334400,train_episode,success,0.0
334600,train_episode,collapse,0.0
334600,train_episode,length,200.0
334600,train_episode,return,-217.81874100674622
334600,train_episode,success,0.0
334800,train_episode,collapse,0.0
334800,train_episode,length,200.0
334800,train_episode,return,-230.01535133922224
334800,train_episode,success,0.0
335000,train_episode,collapse,0.0
335000,train_episode,length,200.0
335000,train_episode,return,-227.75913814610243
335000,train_episode,success,0.0
335000,update,actor_grad_norm,0.1583489328622818
335000,update,actor_grad_norm_max,12.597522735595703
335000,update,actor_grad_norm_mean,0.44204800073504447
335000,update,actor_grad_norm_min,0.07719477266073227
335000,update,actor_loss,11.044657707214355
335000,update,actor_loss_max,23.00642967224121
335000,update,actor_loss_mean,12.705430832481385
335000,update,actor_loss_min,5.876969337463379
335000,update,actor_param_norm,100.87774658203125
335000,update,actor_param_norm_max,100.88835144042969
335000,update,actor_param_norm_mean,100.58222678833008
335000,update,actor_param_norm_min,100.23951721191406
335000,update,actor_update_norm,0.00983024388551712
335000,update,actor_update_norm_max,0.04382315278053284
335000,update,actor_update_norm_mean,0.012685484445467592
335000,update,actor_update_norm_min,0.005653860047459602
335000,update,actor_update_norm_ratio,9.744703393395697e-05
335000,update,actor_update_norm_ratio_max,0.0004359568172089447
335000,update,actor_update_norm_ratio_mean,0.00012610797774518693
335000,update,actor_update_norm_ratio_min,5.635539984958146e-05
335000,update,alpha,0.0029351897537708282
335000,update,alpha_loss,0.0004106840933673084
335000,update,alpha_loss_max,0.0018396289087831974
335000,update,alpha_loss_mean,-1.850810485193506e-05
335000,update,alpha_loss_min,-0.0020147168543189764
335000,update,alpha_max,0.0043404968455433846
335000,update,alpha_mean,0.0032394974183756857
335000,update,alpha_min,0.0020466602873057127
335000,update,num_optimizer_updates,5000.0
335000,update,policy_entropy_estimate,-0.8601778745651245
335000,update,policy_entropy_estimate_max,-0.40867695212364197
335000,update,policy_entropy_estimate_mean,-1.0093964877486228
335000,update,policy_entropy_estimate_min,-1.6378121376037598
335000,update,policy_log_prob_mean,0.8601778745651245
335000,update,policy_log_prob_mean_max,1.6378121376037598
335000,update,policy_log_prob_mean_mean,1.0093964877486228
335000,update,policy_log_prob_mean_min,0.40867695212364197
335000,update,q1_loss,0.09124099463224411
335000,update,q1_loss_max,24.15973663330078
335000,update,q1_loss_mean,0.4579699395544827
335000,update,q1_loss_min,0.02950296178460121
335000,update,q1_mean,-10.880578994750977
335000,update,q1_mean_max,-5.816324234008789
335000,update,q1_mean_mean,-12.700888648223877
335000,update,q1_mean_min,-23.371232986450195
335000,update,q2_loss,0.11192900687456131
335000,update,q2_loss_max,22.239505767822266
335000,update,q2_loss_mean,0.4680383853688836
335000,update,q2_loss_min,0.025334907695651054
335000,update,q2_mean,-10.959197044372559
335000,update,q2_mean_max,-5.832129955291748
335000,update,q2_mean_mean,-12.700827755737304
335000,update,q2_mean_min,-23.12233543395996
335000,update,q_grad_norm,29.883251190185547
335000,update,q_grad_norm_max,1970.8170166015625
335000,update,q_grad_norm_mean,95.42231159267426
335000,update,q_grad_norm_min,9.301048278808594
335000,update,q_loss,0.20317000150680542
335000,update,q_loss_cleanrl_logged,0.10158500075340271
335000,update,q_loss_cleanrl_logged_max,23.199621200561523
335000,update,q_loss_cleanrl_logged_mean,0.4630041624069214
335000,update,q_loss_cleanrl_logged_min,0.03876091167330742
335000,update,q_loss_max,46.39924240112305
335000,update,q_loss_mean,0.9260083248138428
335000,update,q_loss_min,0.07752182334661484
335000,update,q_param_norm,530.3226318359375
335000,update,q_param_norm_max,530.3307495117188
335000,update,q_param_norm_mean,529.3384662597656
335000,update,q_param_norm_min,528.2057495117188
335000,update,q_update_norm,0.028312591835856438
335000,update,q_update_norm_max,0.1031460165977478
335000,update,q_update_norm_mean,0.030471777383983135
335000,update,q_update_norm_min,0.014337068423628807
335000,update,q_update_norm_ratio,7.549672441847754e-05
335000,update,q_update_norm_ratio_max,0.00027562505927561067
335000,update,q_update_norm_ratio_mean,8.140211558073071e-05
335000,update,q_update_norm_ratio_min,3.8367445819156935e-05
335000,update,target_q_mean,-10.964920997619629
335000,update,target_q_mean_max,-5.889309883117676
335000,update,target_q_mean_mean,-12.701089934921265
335000,update,target_q_mean_min,-23.064462661743164
335200,train_episode,collapse,0.0
335200,train_episode,length,200.0
335200,train_episode,return,-239.89032124079793
335200,train_episode,success,0.0
335400,train_episode,collapse,0.0
335400,train_episode,length,200.0
335400,train_episode,return,-121.73363210961922
335400,train_episode,success,1.0
335600,train_episode,collapse,0.0
335600,train_episode,length,200.0
335600,train_episode,return,-230.3797316758743
335600,train_episode,success,0.0
335800,train_episode,collapse,0.0
335800,train_episode,length,200.0
335800,train_episode,return,-118.31965521205787
335800,train_episode,success,1.0
336000,train_episode,collapse,0.0
336000,train_episode,length,200.0
336000,train_episode,return,-233.0645396442035
336000,train_episode,success,0.0
336200,train_episode,collapse,0.0
336200,train_episode,length,200.0
336200,train_episode,return,-229.48518306985596
336200,train_episode,success,0.0
336400,train_episode,collapse,0.0
336400,train_episode,length,200.0
336400,train_episode,return,-219.3627132306221
336400,train_episode,success,0.0
336600,train_episode,collapse,0.0
336600,train_episode,length,200.0
336600,train_episode,return,-118.54779573774647
336600,train_episode,success,1.0
336800,train_episode,collapse,0.0
336800,train_episode,length,200.0
336800,train_episode,return,-127.34628084787573
336800,train_episode,success,1.0
337000,train_episode,collapse,0.0
337000,train_episode,length,200.0
337000,train_episode,return,-1.8058624562969436
337000,train_episode,success,1.0
337200,train_episode,collapse,0.0
337200,train_episode,length,200.0
337200,train_episode,return,-219.2684114288615
337200,train_episode,success,0.0
337400,train_episode,collapse,0.0
337400,train_episode,length,200.0
337400,train_episode,return,-217.4885975125601
337400,train_episode,success,0.0
337600,train_episode,collapse,0.0
337600,train_episode,length,200.0
337600,train_episode,return,-215.00674511938223
337600,train_episode,success,0.0
337800,train_episode,collapse,0.0
337800,train_episode,length,200.0
337800,train_episode,return,-245.25656119614356
337800,train_episode,success,0.0
338000,train_episode,collapse,0.0
338000,train_episode,length,200.0
338000,train_episode,return,-122.11585684757334
338000,train_episode,success,1.0
338200,train_episode,collapse,0.0
338200,train_episode,length,200.0
338200,train_episode,return,-125.45865435175592
338200,train_episode,success,1.0
338400,train_episode,collapse,0.0
338400,train_episode,length,200.0
338400,train_episode,return,-119.27463304845357
338400,train_episode,success,1.0
338600,train_episode,collapse,0.0
338600,train_episode,length,200.0
338600,train_episode,return,-229.8246898283284
338600,train_episode,success,0.0
338800,train_episode,collapse,0.0
338800,train_episode,length,200.0
338800,train_episode,return,-238.42263746086888
338800,train_episode,success,0.0
339000,train_episode,collapse,0.0
339000,train_episode,length,200.0
339000,train_episode,return,-115.82569763855925
339000,train_episode,success,1.0
339200,train_episode,collapse,0.0
339200,train_episode,length,200.0
339200,train_episode,return,-292.7891795742658
339200,train_episode,success,0.0
339400,train_episode,collapse,0.0
339400,train_episode,length,200.0
339400,train_episode,return,-118.52712672640075
339400,train_episode,success,1.0
339600,train_episode,collapse,0.0
339600,train_episode,length,200.0
339600,train_episode,return,-125.6780604185959
339600,train_episode,success,1.0
339800,train_episode,collapse,0.0
339800,train_episode,length,200.0
339800,train_episode,return,-0.7722597949789944
339800,train_episode,success,1.0
340000,train_episode,collapse,0.0
340000,train_episode,length,200.0
340000,train_episode,return,-114.10072452177477
340000,train_episode,success,1.0
340000,update,actor_grad_norm,0.09247355908155441
340000,update,actor_grad_norm_max,13.094975471496582
340000,update,actor_grad_norm_mean,0.4430819055497646
340000,update,actor_grad_norm_min,0.06895289570093155
340000,update,actor_loss,15.668492317199707
340000,update,actor_loss_max,19.737123489379883
340000,update,actor_loss_mean,12.550770797920228
340000,update,actor_loss_min,4.896936416625977
340000,update,actor_param_norm,101.56844329833984
340000,update,actor_param_norm_max,101.56844329833984
340000,update,actor_param_norm_mean,101.22730449066162
340000,update,actor_param_norm_min,100.87774658203125
340000,update,actor_update_norm,0.008836617693305016
340000,update,actor_update_norm_max,0.04043576121330261
340000,update,actor_update_norm_mean,0.012085298471339047
340000,update,actor_update_norm_min,0.004848834592849016
340000,update,actor_update_norm_ratio,8.700171063639268e-05
340000,update,actor_update_norm_ratio_max,0.0004003966871720286
340000,update,actor_update_norm_ratio_mean,0.00011938279013056814
340000,update,actor_update_norm_ratio_min,4.8020280814916484e-05
340000,update,alpha,0.002273394726216793
340000,update,alpha_loss,-0.0003881659358739853
340000,update,alpha_loss_max,0.0011908147716894746
340000,update,alpha_loss_mean,2.7936499420684412e-05
340000,update,alpha_loss_min,-0.0012802262790501118
340000,update,alpha_max,0.0030249913688749075
340000,update,alpha_mean,0.0024010655517689885
340000,update,alpha_min,0.0018247485859319568
340000,update,num_optimizer_updates,5000.0
340000,update,policy_entropy_estimate,-1.1707826852798462
340000,update,policy_entropy_estimate_max,-0.5056959390640259
340000,update,policy_entropy_estimate_mean,-0.9893268773794174
340000,update,policy_entropy_estimate_min,-1.4738671779632568
340000,update,policy_log_prob_mean,1.1707826852798462
340000,update,policy_log_prob_mean_max,1.4738671779632568
340000,update,policy_log_prob_mean_mean,0.9893268773794174
340000,update,policy_log_prob_mean_min,0.5056959390640259
340000,update,q1_loss,0.36129486560821533
340000,update,q1_loss_max,41.043724060058594
340000,update,q1_loss_mean,0.4829854848194867
340000,update,q1_loss_min,0.021020935848355293
340000,update,q1_mean,-15.708664894104004
340000,update,q1_mean_max,-4.843340873718262
340000,update,q1_mean_mean,-12.631705425930024
340000,update,q1_mean_min,-22.17576026916504
340000,update,q2_loss,0.4973697364330292
340000,update,q2_loss_max,39.4425048828125
340000,update,q2_loss_mean,0.4573097729414701
340000,update,q2_loss_min,0.019316930323839188
340000,update,q2_mean,-15.600319862365723
340000,update,q2_mean_max,-4.877333164215088
340000,update,q2_mean_mean,-12.63176351966858
340000,update,q2_mean_min,-22.145511627197266
340000,update,q_grad_norm,89.36956787109375
340000,update,q_grad_norm_max,1377.5677490234375
340000,update,q_grad_norm_mean,94.5416831123352
340000,update,q_grad_norm_min,7.461669921875
340000,update,q_loss,0.8586646318435669
340000,update,q_loss_cleanrl_logged,0.42933231592178345
340000,update,q_loss_cleanrl_logged_max,40.24311447143555
340000,update,q_loss_cleanrl_logged_mean,0.47014762851595876
340000,update,q_loss_cleanrl_logged_min,0.032463155686855316
340000,update,q_loss_max,80.4862289428711
340000,update,q_loss_mean,0.9402952570319175
340000,update,q_loss_min,0.06492631137371063
340000,update,q_param_norm,532.689697265625
340000,update,q_param_norm_max,532.7014465332031
340000,update,q_param_norm_mean,531.4154481079102
340000,update,q_param_norm_min,530.3081359863281
340000,update,q_update_norm,0.02081024833023548
340000,update,q_update_norm_max,0.10121821612119675
340000,update,q_update_norm_mean,0.02995534473080188
340000,update,q_update_norm_min,0.013228419236838818
340000,update,q_update_norm_ratio,5.524434398305478e-05
340000,update,q_update_norm_ratio_max,0.00026954023811430445
340000,update,q_update_norm_ratio_mean,7.971359038875426e-05
340000,update,q_update_norm_ratio_min,3.511925416028886e-05
340000,update,target_q_mean,-15.70499038696289
340000,update,target_q_mean_max,-4.709863185882568
340000,update,target_q_mean_mean,-12.631999468231202
340000,update,target_q_mean_min,-22.154064178466797
340200,train_episode,collapse,0.0
340200,train_episode,length,200.0
340200,train_episode,return,-126.62106780666942
340200,train_episode,success,1.0
340400,train_episode,collapse,0.0
340400,train_episode,length,200.0
340400,train_episode,return,-0.6028965655754288
340400,train_episode,success,1.0
340600,train_episode,collapse,0.0
340600,train_episode,length,200.0
340600,train_episode,return,-215.8751705616014
340600,train_episode,success,0.0
340800,train_episode,collapse,0.0
340800,train_episode,length,200.0
340800,train_episode,return,-1.5931722552712841
340800,train_episode,success,1.0
341000,train_episode,collapse,0.0
341000,train_episode,length,200.0
341000,train_episode,return,-116.13000803353249
341000,train_episode,success,1.0
341200,train_episode,collapse,0.0
341200,train_episode,length,200.0
341200,train_episode,return,-1.2915821989989797
341200,train_episode,success,1.0
341400,train_episode,collapse,0.0
341400,train_episode,length,200.0
341400,train_episode,return,-245.85574529089894
341400,train_episode,success,0.0
341600,train_episode,collapse,0.0
341600,train_episode,length,200.0
341600,train_episode,return,-119.84185684439166
341600,train_episode,success,1.0
341800,train_episode,collapse,0.0
341800,train_episode,length,200.0
341800,train_episode,return,-296.5670245141616
341800,train_episode,success,0.0
342000,train_episode,collapse,0.0
342000,train_episode,length,200.0
342000,train_episode,return,-117.6637735393618
342000,train_episode,success,1.0
342200,train_episode,collapse,0.0
342200,train_episode,length,200.0
342200,train_episode,return,-216.92602940588722
342200,train_episode,success,0.0
342400,train_episode,collapse,0.0
342400,train_episode,length,200.0
342400,train_episode,return,-113.69468926498345
342400,train_episode,success,1.0
342600,train_episode,collapse,0.0
342600,train_episode,length,200.0
342600,train_episode,return,-221.7426534991105
342600,train_episode,success,0.0
342800,train_episode,collapse,0.0
342800,train_episode,length,200.0
342800,train_episode,return,-116.09320681900509
342800,train_episode,success,1.0
343000,train_episode,collapse,0.0
343000,train_episode,length,200.0
343000,train_episode,return,-116.08119517450825
343000,train_episode,success,1.0
343200,train_episode,collapse,0.0
343200,train_episode,length,200.0
343200,train_episode,return,-1.973595634806771
343200,train_episode,success,1.0
343400,train_episode,collapse,0.0
343400,train_episode,length,200.0
343400,train_episode,return,-221.55767397738015
343400,train_episode,success,0.0
343600,train_episode,collapse,0.0
343600,train_episode,length,200.0
343600,train_episode,return,-1.4416116469989402
343600,train_episode,success,1.0
343800,train_episode,collapse,0.0
343800,train_episode,length,200.0
343800,train_episode,return,-119.40538213589747
343800,train_episode,success,1.0
344000,train_episode,collapse,0.0
344000,train_episode,length,200.0
344000,train_episode,return,-288.51456296438886
344000,train_episode,success,0.0
344200,train_episode,collapse,0.0
344200,train_episode,length,200.0
344200,train_episode,return,-116.50955079361461
344200,train_episode,success,1.0
344400,train_episode,collapse,0.0
344400,train_episode,length,200.0
344400,train_episode,return,-120.97605832418883
344400,train_episode,success,1.0
344600,train_episode,collapse,0.0
344600,train_episode,length,200.0
344600,train_episode,return,-0.4060256461804717
344600,train_episode,success,1.0
344800,train_episode,collapse,0.0
344800,train_episode,length,200.0
344800,train_episode,return,-221.23147975100872
344800,train_episode,success,0.0
345000,train_episode,collapse,0.0
345000,train_episode,length,200.0
345000,train_episode,return,-118.3119841834741
345000,train_episode,success,1.0
345000,update,actor_grad_norm,0.7149751782417297
345000,update,actor_grad_norm_max,84.86946868896484
345000,update,actor_grad_norm_mean,0.5326594653338194
345000,update,actor_grad_norm_min,0.07574053853750229
345000,update,actor_loss,13.45452880859375
345000,update,actor_loss_max,22.192819595336914
345000,update,actor_loss_mean,12.60499238796234
345000,update,actor_loss_min,5.775501251220703
345000,update,actor_param_norm,102.08345031738281
345000,update,actor_param_norm_max,102.08345031738281
345000,update,actor_param_norm_mean,101.82102051849365
345000,update,actor_param_norm_min,101.56376647949219
345000,update,actor_update_norm,0.006681407336145639
345000,update,actor_update_norm_max,0.05399397388100624
345000,update,actor_update_norm_mean,0.012792967659607529
345000,update,actor_update_norm_min,0.005449280142784119
345000,update,actor_update_norm_ratio,6.545050943021259e-05
345000,update,actor_update_norm_ratio_max,0.000531089157769058
345000,update,actor_update_norm_ratio_mean,0.00012564219742923548
345000,update,actor_update_norm_ratio_min,5.3388965662859176e-05
345000,update,alpha,0.002023058943450451
345000,update,alpha_loss,-5.96756799495779e-05
345000,update,alpha_loss_max,0.0013556107878684998
345000,update,alpha_loss_mean,1.3830631776727387e-05
345000,update,alpha_loss_min,-0.0015016266843304038
345000,update,alpha_max,0.0030542605090886354
345000,update,alpha_mean,0.002548557694628835
345000,update,alpha_min,0.001987231895327568
345000,update,num_optimizer_updates,5000.0
345000,update,policy_entropy_estimate,-1.02950918674469
345000,update,policy_entropy_estimate_max,-0.5085703134536743
345000,update,policy_entropy_estimate_mean,-0.994211447262764
345000,update,policy_entropy_estimate_min,-1.5470908880233765
345000,update,policy_log_prob_mean,1.02950918674469
345000,update,policy_log_prob_mean_max,1.5470908880233765
345000,update,policy_log_prob_mean_mean,0.994211447262764
345000,update,policy_log_prob_mean_min,0.5085703134536743
345000,update,q1_loss,0.29893913865089417
345000,update,q1_loss_max,29.20198631286621
345000,update,q1_loss_mean,0.5255797751333564
345000,update,q1_loss_min,0.01639350689947605
345000,update,q1_mean,-13.584226608276367
345000,update,q1_mean_max,-5.19829797744751
345000,update,q1_mean_mean,-12.543432136631012
345000,update,q1_mean_min,-21.729360580444336
345000,update,q2_loss,0.18183520436286926
345000,update,q2_loss_max,31.022964477539062
345000,update,q2_loss_mean,0.48520654571913185
345000,update,q2_loss_min,0.02161913737654686
345000,update,q2_mean,-13.430152893066406
345000,update,q2_mean_max,-5.333700656890869
345000,update,q2_mean_mean,-12.543466843128204
345000,update,q2_mean_min,-21.86096954345703
345000,update,q_grad_norm,46.14352798461914
345000,update,q_grad_norm_max,1503.3497314453125
345000,update,q_grad_norm_mean,96.50293191585541
345000,update,q_grad_norm_min,8.451070785522461
345000,update,q_loss,0.4807743430137634
345000,update,q_loss_cleanrl_logged,0.2403871715068817
345000,update,q_loss_cleanrl_logged_max,30.112476348876953
345000,update,q_loss_cleanrl_logged_mean,0.5053931605763733
345000,update,q_loss_cleanrl_logged_min,0.03536061570048332
345000,update,q_loss_max,60.224952697753906
345000,update,q_loss_mean,1.0107863211527466
345000,update,q_loss_min,0.07072123140096664
345000,update,q_param_norm,534.7674865722656
345000,update,q_param_norm_max,534.7742004394531
345000,update,q_param_norm_mean,533.7690446533203
345000,update,q_param_norm_min,532.689697265625
345000,update,q_update_norm,0.030705345794558525
345000,update,q_update_norm_max,0.116490937769413
345000,update,q_update_norm_mean,0.030705263105034828
345000,update,q_update_norm_min,0.013777709566056728
345000,update,q_update_norm_ratio,8.119507220713557e-05
345000,update,q_update_norm_ratio_max,0.00030893476124963236
345000,update,q_update_norm_ratio_mean,8.134680506682602e-05
345000,update,q_update_norm_ratio_min,3.648830610812675e-05
345000,update,target_q_mean,-13.390350341796875
345000,update,target_q_mean_max,-5.265643119812012
345000,update,target_q_mean_mean,-12.543716905021668
345000,update,target_q_mean_min,-21.844486236572266
345200,train_episode,collapse,0.0
345200,train_episode,length,200.0
345200,train_episode,return,-116.66576275274885
345200,train_episode,success,1.0
345400,train_episode,collapse,0.0
345400,train_episode,length,200.0
345400,train_episode,return,-127.76708532992097
345400,train_episode,success,1.0
345600,train_episode,collapse,0.0
345600,train_episode,length,200.0
345600,train_episode,return,-223.9626028319834
345600,train_episode,success,0.0
345800,train_episode,collapse,0.0
345800,train_episode,length,200.0
345800,train_episode,return,-215.7800638761054
345800,train_episode,success,0.0
346000,train_episode,collapse,0.0
346000,train_episode,length,200.0
346000,train_episode,return,-243.77363874709343
346000,train_episode,success,0.0
346200,train_episode,collapse,0.0
346200,train_episode,length,200.0
346200,train_episode,return,-116.50711109138986
346200,train_episode,success,1.0
346400,train_episode,collapse,0.0
346400,train_episode,length,200.0
346400,train_episode,return,-3.198313004127077
346400,train_episode,success,1.0
346600,train_episode,collapse,0.0
346600,train_episode,length,200.0
346600,train_episode,return,-257.9623337165287
346600,train_episode,success,0.0
346800,train_episode,collapse,0.0
346800,train_episode,length,200.0
346800,train_episode,return,-122.75304499809964
346800,train_episode,success,1.0
347000,train_episode,collapse,0.0
347000,train_episode,length,200.0
347000,train_episode,return,-114.20167404352189
347000,train_episode,success,1.0
347200,train_episode,collapse,0.0
347200,train_episode,length,200.0
347200,train_episode,return,-218.47982792944083
347200,train_episode,success,0.0
347400,train_episode,collapse,0.0
347400,train_episode,length,200.0
347400,train_episode,return,-126.62042845261624
347400,train_episode,success,1.0
347600,train_episode,collapse,0.0
347600,train_episode,length,200.0
347600,train_episode,return,-125.44261667323205
347600,train_episode,success,1.0
347800,train_episode,collapse,0.0
347800,train_episode,length,200.0
347800,train_episode,return,-121.96033130782696
347800,train_episode,success,1.0
348000,train_episode,collapse,0.0
348000,train_episode,length,200.0
348000,train_episode,return,-227.42370473359483
348000,train_episode,success,0.0
348200,train_episode,collapse,0.0
348200,train_episode,length,200.0
348200,train_episode,return,-234.34555942594872
348200,train_episode,success,0.0
348400,train_episode,collapse,0.0
348400,train_episode,length,200.0
348400,train_episode,return,-282.7487304085224
348400,train_episode,success,0.0
348600,train_episode,collapse,0.0
348600,train_episode,length,200.0
348600,train_episode,return,-117.63476607078074
348600,train_episode,success,1.0
348800,train_episode,collapse,0.0
348800,train_episode,length,200.0
348800,train_episode,return,-221.46867575403803
348800,train_episode,success,0.0
349000,train_episode,collapse,0.0
349000,train_episode,length,200.0
349000,train_episode,return,-115.93090627336188
349000,train_episode,success,1.0
349200,train_episode,collapse,0.0
349200,train_episode,length,200.0
349200,train_episode,return,-119.38146934102363
349200,train_episode,success,1.0
349400,train_episode,collapse,0.0
349400,train_episode,length,200.0
349400,train_episode,return,-122.90002163556181
349400,train_episode,success,1.0
349600,train_episode,collapse,0.0
349600,train_episode,length,200.0
349600,train_episode,return,-115.74273355346307
349600,train_episode,success,1.0
349800,train_episode,collapse,0.0
349800,train_episode,length,200.0
349800,train_episode,return,-117.25046717464035
349800,train_episode,success,1.0
350000,train_episode,collapse,0.0
350000,train_episode,length,200.0
350000,train_episode,return,-0.8196433763923476
350000,train_episode,success,1.0
350000,update,actor_grad_norm,0.4075107276439667
350000,update,actor_grad_norm_max,8.545799255371094
350000,update,actor_grad_norm_mean,0.44541697623729704
350000,update,actor_grad_norm_min,0.06703893095254898
350000,update,actor_loss,9.438822746276855
350000,update,actor_loss_max,21.752357482910156
350000,update,actor_loss_mean,12.481142804718017
350000,update,actor_loss_min,4.932465553283691
350000,update,actor_param_norm,102.71491241455078
350000,update,actor_param_norm_max,102.71491241455078
350000,update,actor_param_norm_mean,102.3940222000122
350000,update,actor_param_norm_min,102.08345031738281
350000,update,actor_update_norm,0.008027608506381512
350000,update,actor_update_norm_max,0.04791100695729256
350000,update,actor_update_norm_mean,0.012325186734646559
350000,update,actor_update_norm_min,0.004956715274602175
350000,update,actor_update_norm_ratio,7.815429424047321e-05
350000,update,actor_update_norm_ratio_max,0.000468115644795641
350000,update,actor_update_norm_ratio_mean,0.00012037036030350539
350000,update,actor_update_norm_ratio_min,4.830331453472481e-05
350000,update,alpha,0.002365740481764078
350000,update,alpha_loss,0.00015207139949779958
350000,update,alpha_loss_max,0.0012083963956683874
350000,update,alpha_loss_mean,-5.379497634567087e-06
350000,update,alpha_loss_min,-0.0015673572197556496
350000,update,alpha_max,0.003247561864554882
350000,update,alpha_mean,0.002430371171236038
350000,update,alpha_min,0.0017297911690548062
350000,update,num_optimizer_updates,5000.0
350000,update,policy_entropy_estimate,-0.9356953501701355
350000,update,policy_entropy_estimate_max,-0.5351443886756897
350000,update,policy_entropy_estimate_mean,-1.0029637134790421
350000,update,policy_entropy_estimate_min,-1.6130039691925049
350000,update,policy_log_prob_mean,0.9356953501701355
350000,update,policy_log_prob_mean_max,1.6130039691925049
350000,update,policy_log_prob_mean_mean,1.0029637134790421
350000,update,policy_log_prob_mean_min,0.5351443886756897
350000,update,q1_loss,0.12364277988672256
350000,update,q1_loss_max,16.863418579101562
350000,update,q1_loss_mean,0.48313132329061625
350000,update,q1_loss_min,0.025023438036441803
350000,update,q1_mean,-9.397116661071777
350000,update,q1_mean_max,-4.983056545257568
350000,update,q1_mean_mean,-12.508451098823548
350000,update,q1_mean_min,-22.190814971923828
350000,update,q2_loss,0.11740417778491974
350000,update,q2_loss_max,15.237005233764648
350000,update,q2_loss_mean,0.47306736316122117
350000,update,q2_loss_min,0.02322283573448658
350000,update,q2_mean,-9.418724060058594
350000,update,q2_mean_max,-4.9840803146362305
350000,update,q2_mean_mean,-12.508476831626892
350000,update,q2_mean_min,-22.328269958496094
350000,update,q_grad_norm,22.2142333984375
350000,update,q_grad_norm_max,1644.6898193359375
350000,update,q_grad_norm_mean,97.2661989748001
350000,update,q_grad_norm_min,9.788740158081055
350000,update,q_loss,0.2410469651222229
350000,update,q_loss_cleanrl_logged,0.12052348256111145
350000,update,q_loss_cleanrl_logged_max,11.564496040344238
350000,update,q_loss_cleanrl_logged_mean,0.4780993432678282
350000,update,q_loss_cleanrl_logged_min,0.03607193008065224
350000,update,q_loss_max,23.128992080688477
350000,update,q_loss_mean,0.9561986865356564
350000,update,q_loss_min,0.07214386016130447
350000,update,q_param_norm,536.9254760742188
350000,update,q_param_norm_max,536.936767578125
350000,update,q_param_norm_mean,535.8643158203125
350000,update,q_param_norm_min,534.7669982910156
350000,update,q_update_norm,0.026176918298006058
350000,update,q_update_norm_max,0.0952250137925148
350000,update,q_update_norm_mean,0.03076477466057986
350000,update,q_update_norm_min,0.014724400825798512
350000,update,q_update_norm_ratio,6.894146760845982e-05
350000,update,q_update_norm_ratio_max,0.00025110821873544663
350000,update,q_update_norm_ratio_mean,8.118274318199192e-05
350000,update,q_update_norm_ratio_min,3.882311472007348e-05
350000,update,target_q_mean,-9.407421112060547
350000,update,target_q_mean_max,-4.864428997039795
350000,update,target_q_mean_mean,-12.508743187522889
350000,update,target_q_mean_min,-22.08388900756836
350000,replay,action_abs_max,2.0
350000,replay,action_abs_mean,0.5712729692459106
350000,replay,action_saturation_fraction,0.07331428571428572
350000,replay,capacity,500000.0
350000,replay,done_fraction,0.0
350000,replay,fill_fraction,0.7
350000,replay,near_upright_any_transition_fraction,0.84256
350000,replay,near_upright_next_obs_fraction,0.8424828571428571
350000,replay,near_upright_obs_fraction,0.8380571428571428
350000,replay,reward_max,-4.2872531480497855e-07
350000,replay,reward_mean,-0.8194670677185059
350000,replay,reward_min,-16.269039154052734
350000,replay,reward_std,2.4477157592773438
350000,replay,sample_count_max,1213.0
350000,replay,sample_count_mean,252.34285714285716
350000,replay,size,350000.0
350000,replay,transition_age_max,349999.0
350000,replay,transition_age_mean,174999.5
350000,diagnostics,actor_layer0_activation_abs_max,3.528135061264038
350000,diagnostics,actor_layer0_activation_abs_mean,0.08957242965698242
350000,diagnostics,actor_layer0_dormant_fraction,0.11328125
350000,diagnostics,actor_layer0_effective_rank_fraction,0.047892987728118896
350000,diagnostics,actor_layer1_activation_abs_max,18.37259864807129
350000,diagnostics,actor_layer1_activation_abs_mean,0.02349499799311161
350000,diagnostics,actor_layer1_dormant_fraction,0.63671875
350000,diagnostics,actor_layer1_effective_rank_fraction,0.08537769317626953
350000,diagnostics,actor_param_norm,102.71491241455078
350000,diagnostics,alpha,0.002365740481764078
350000,diagnostics,q1_layer0_activation_abs_max,7.007194995880127
350000,diagnostics,q1_layer0_activation_abs_mean,0.2752183973789215
350000,diagnostics,q1_layer0_dormant_fraction,0.2265625
350000,diagnostics,q1_layer0_effective_rank_fraction,0.049054473638534546
350000,diagnostics,q1_layer1_activation_abs_max,43.45317077636719
350000,diagnostics,q1_layer1_activation_abs_mean,1.9666850566864014
350000,diagnostics,q1_layer1_dormant_fraction,0.75
350000,diagnostics,q1_layer1_effective_rank_fraction,0.0514344647526741
350000,diagnostics,q1_param_norm,272.0249938964844
350000,diagnostics,q2_layer0_activation_abs_max,5.648388862609863
350000,diagnostics,q2_layer0_activation_abs_mean,0.28645753860473633
350000,diagnostics,q2_layer0_dormant_fraction,0.24609375
350000,diagnostics,q2_layer0_effective_rank_fraction,0.0471203587949276
350000,diagnostics,q2_layer1_activation_abs_max,42.60736083984375
350000,diagnostics,q2_layer1_activation_abs_mean,1.6326733827590942
350000,diagnostics,q2_layer1_dormant_fraction,0.80078125
350000,diagnostics,q2_layer1_effective_rank_fraction,0.04756350442767143
350000,diagnostics,q2_param_norm,264.9004821777344
350200,train_episode,collapse,0.0
350200,train_episode,length,200.0
350200,train_episode,return,-1.516264015665151
350200,train_episode,success,1.0
350400,train_episode,collapse,0.0
350400,train_episode,length,200.0
350400,train_episode,return,-245.05433306657923
350400,train_episode,success,0.0
350600,train_episode,collapse,0.0
350600,train_episode,length,200.0
350600,train_episode,return,-227.5915206822675
350600,train_episode,success,0.0
350800,train_episode,collapse,0.0
350800,train_episode,length,200.0
350800,train_episode,return,-217.5264516344313
350800,train_episode,success,0.0
351000,train_episode,collapse,0.0
351000,train_episode,length,200.0
351000,train_episode,return,-118.97353729911293
351000,train_episode,success,1.0
351200,train_episode,collapse,0.0
351200,train_episode,length,200.0
351200,train_episode,return,-225.8428420098778
351200,train_episode,success,0.0
351400,train_episode,collapse,0.0
351400,train_episode,length,200.0
351400,train_episode,return,-223.0074274985859
351400,train_episode,success,0.0
351600,train_episode,collapse,0.0
351600,train_episode,length,200.0
351600,train_episode,return,-235.18213474569924
351600,train_episode,success,0.0
351800,train_episode,collapse,0.0
351800,train_episode,length,200.0
351800,train_episode,return,-117.18521567804343
351800,train_episode,success,1.0
352000,train_episode,collapse,0.0
352000,train_episode,length,200.0
352000,train_episode,return,-122.456437448465
352000,train_episode,success,1.0
352200,train_episode,collapse,0.0
352200,train_episode,length,200.0
352200,train_episode,return,-125.94318773136507
352200,train_episode,success,1.0
352400,train_episode,collapse,0.0
352400,train_episode,length,200.0
352400,train_episode,return,-126.85179463566173
352400,train_episode,success,1.0
352600,train_episode,collapse,0.0
352600,train_episode,length,200.0
352600,train_episode,return,-118.92587646275486
352600,train_episode,success,1.0
352800,train_episode,collapse,0.0
352800,train_episode,length,200.0
352800,train_episode,return,-129.01687588836398
352800,train_episode,success,1.0
353000,train_episode,collapse,0.0
353000,train_episode,length,200.0
353000,train_episode,return,-118.39730367460348
353000,train_episode,success,1.0
353200,train_episode,collapse,0.0
353200,train_episode,length,200.0
353200,train_episode,return,-127.45420492656496
353200,train_episode,success,1.0
353400,train_episode,collapse,0.0
353400,train_episode,length,200.0
353400,train_episode,return,-223.06346235662693
353400,train_episode,success,0.0
353600,train_episode,collapse,0.0
353600,train_episode,length,200.0
353600,train_episode,return,-120.71485191818363
353600,train_episode,success,1.0
353800,train_episode,collapse,0.0
353800,train_episode,length,200.0
353800,train_episode,return,-117.46372415564257
353800,train_episode,success,1.0
354000,train_episode,collapse,0.0
354000,train_episode,length,200.0
354000,train_episode,return,-245.19245171641788
354000,train_episode,success,0.0
354200,train_episode,collapse,0.0
354200,train_episode,length,200.0
354200,train_episode,return,-291.8382579216681
354200,train_episode,success,0.0
354400,train_episode,collapse,0.0
354400,train_episode,length,200.0
354400,train_episode,return,-228.48880587095434
354400,train_episode,success,0.0
354600,train_episode,collapse,0.0
354600,train_episode,length,200.0
354600,train_episode,return,-116.90348644828622
354600,train_episode,success,1.0
354800,train_episode,collapse,0.0
354800,train_episode,length,200.0
354800,train_episode,return,-221.71359090890047
354800,train_episode,success,0.0
355000,train_episode,collapse,0.0
355000,train_episode,length,200.0
355000,train_episode,return,-215.08785085081448
355000,train_episode,success,0.0
355000,update,actor_grad_norm,0.10919354856014252
355000,update,actor_grad_norm_max,64.1910629272461
355000,update,actor_grad_norm_mean,0.489190149217844
355000,update,actor_grad_norm_min,0.056085772812366486
355000,update,actor_loss,12.805219650268555
355000,update,actor_loss_max,21.79900360107422
355000,update,actor_loss_mean,12.447347285842895
355000,update,actor_loss_min,5.364477157592773
355000,update,actor_param_norm,103.28424835205078
355000,update,actor_param_norm_max,103.2876205444336
355000,update,actor_param_norm_mean,102.98351666564942
355000,update,actor_param_norm_min,102.71446990966797
355000,update,actor_update_norm,0.008788395673036575
355000,update,actor_update_norm_max,0.04495343565940857
355000,update,actor_update_norm_mean,0.011867810595221817
355000,update,actor_update_norm_min,0.004997267387807369
355000,update,actor_update_norm_ratio,8.508944063750493e-05
355000,update,actor_update_norm_ratio_max,0.00043523947985139855
355000,update,actor_update_norm_ratio_mean,0.00011523684371512797
355000,update,actor_update_norm_ratio_min,4.857793722744516e-05
355000,update,alpha,0.003205939196050167
355000,update,alpha_loss,-1.8857586837839335e-05
355000,update,alpha_loss_max,0.0016534978058189154
355000,update,alpha_loss_mean,-1.2478168616144103e-05
355000,update,alpha_loss_min,-0.0015892680967226624
355000,update,alpha_max,0.003969808109104633
355000,update,alpha_mean,0.0029603722490370273
355000,update,alpha_min,0.002258369931951165
355000,update,num_optimizer_updates,5000.0
355000,update,policy_entropy_estimate,-1.005880355834961
355000,update,policy_entropy_estimate_max,-0.5201357007026672
355000,update,policy_entropy_estimate_mean,-1.0053231550455093
355000,update,policy_entropy_estimate_min,-1.4824036359786987
355000,update,policy_log_prob_mean,1.005880355834961
355000,update,policy_log_prob_mean_max,1.4824036359786987
355000,update,policy_log_prob_mean_mean,1.0053231550455093
355000,update,policy_log_prob_mean_min,0.5201357007026672
355000,update,q1_loss,0.10693877935409546
355000,update,q1_loss_max,37.33665466308594
355000,update,q1_loss_mean,0.47002961738537996
355000,update,q1_loss_min,0.013461816124618053
355000,update,q1_mean,-12.817449569702148
355000,update,q1_mean_max,-5.359757423400879
355000,update,q1_mean_mean,-12.471617447566986
355000,update,q1_mean_min,-23.406702041625977
355000,update,q2_loss,0.12743914127349854
355000,update,q2_loss_max,37.266937255859375
355000,update,q2_loss_mean,0.46469263999965044
355000,update,q2_loss_min,0.015341813676059246
355000,update,q2_mean,-12.791568756103516
355000,update,q2_mean_max,-5.36764669418335
355000,update,q2_mean_mean,-12.471591452407838
355000,update,q2_mean_min,-23.207242965698242
355000,update,q_grad_norm,20.898868560791016
355000,update,q_grad_norm_max,1442.7608642578125
355000,update,q_grad_norm_mean,94.04827866764069
355000,update,q_grad_norm_min,8.074213027954102
355000,update,q_loss,0.234377920627594
355000,update,q_loss_cleanrl_logged,0.117188960313797
355000,update,q_loss_cleanrl_logged_max,37.301795959472656
355000,update,q_loss_cleanrl_logged_mean,0.46736112888231873
355000,update,q_loss_cleanrl_logged_min,0.031242255121469498
355000,update,q_loss_max,74.60359191894531
355000,update,q_loss_mean,0.9347222577646375
355000,update,q_loss_min,0.062484510242938995
355000,update,q_param_norm,538.7781372070312
355000,update,q_param_norm_max,538.7848815917969
355000,update,q_param_norm_mean,537.850044720459
355000,update,q_param_norm_min,536.9199523925781
355000,update,q_update_norm,0.026381617411971092
355000,update,q_update_norm_max,0.09567568451166153
355000,update,q_update_norm_mean,0.030121058274246753
355000,update,q_update_norm_min,0.013751246966421604
355000,update,q_update_norm_ratio,6.92414874832743e-05
355000,update,q_update_norm_ratio_max,0.00025191740991254086
355000,update,q_update_norm_ratio_mean,7.919286825634614e-05
355000,update,q_update_norm_ratio_min,3.62155440093732e-05
355000,update,target_q_mean,-12.739057540893555
355000,update,target_q_mean_max,-5.408781051635742
355000,update,target_q_mean_mean,-12.471827484893799
355000,update,target_q_mean_min,-23.25050163269043
355200,train_episode,collapse,0.0
355200,train_episode,length,200.0
355200,train_episode,return,-122.56178392951118
355200,train_episode,success,1.0
355400,train_episode,collapse,0.0
355400,train_episode,length,200.0
355400,train_episode,return,-122.20774113947446
355400,train_episode,success,1.0
355600,train_episode,collapse,0.0
355600,train_episode,length,200.0
355600,train_episode,return,-217.7362438890272
355600,train_episode,success,0.0
355800,train_episode,collapse,0.0
355800,train_episode,length,200.0
355800,train_episode,return,-125.69591884695116
355800,train_episode,success,1.0
356000,train_episode,collapse,0.0
356000,train_episode,length,200.0
356000,train_episode,return,-118.14499619123984
356000,train_episode,success,1.0
356200,train_episode,collapse,0.0
356200,train_episode,length,200.0
356200,train_episode,return,-124.42944164434849
356200,train_episode,success,1.0
356400,train_episode,collapse,0.0
356400,train_episode,length,200.0
356400,train_episode,return,-118.7712926469417
356400,train_episode,success,1.0
356600,train_episode,collapse,0.0
356600,train_episode,length,200.0
356600,train_episode,return,-121.23627661883923
356600,train_episode,success,1.0
356800,train_episode,collapse,0.0
356800,train_episode,length,200.0
356800,train_episode,return,-124.44448999304335
356800,train_episode,success,1.0
357000,train_episode,collapse,0.0
357000,train_episode,length,200.0
357000,train_episode,return,-119.44449633101459
357000,train_episode,success,1.0
357200,train_episode,collapse,0.0
357200,train_episode,length,200.0
357200,train_episode,return,-127.29943575985425
357200,train_episode,success,1.0
357400,train_episode,collapse,0.0
357400,train_episode,length,200.0
357400,train_episode,return,-226.84831967277404
357400,train_episode,success,0.0
357600,train_episode,collapse,0.0
357600,train_episode,length,200.0
357600,train_episode,return,-1.9761264521480937
357600,train_episode,success,1.0
357800,train_episode,collapse,0.0
357800,train_episode,length,200.0
357800,train_episode,return,-0.9316252023137677
357800,train_episode,success,1.0
358000,train_episode,collapse,0.0
358000,train_episode,length,200.0
358000,train_episode,return,-117.47425687808543
358000,train_episode,success,1.0
358200,train_episode,collapse,0.0
358200,train_episode,length,200.0
358200,train_episode,return,-123.81943639837111
358200,train_episode,success,1.0
358400,train_episode,collapse,0.0
358400,train_episode,length,200.0
358400,train_episode,return,-215.8057822241742
358400,train_episode,success,0.0
358600,train_episode,collapse,0.0
358600,train_episode,length,200.0
358600,train_episode,return,-0.9724538371214514
358600,train_episode,success,1.0
358800,train_episode,collapse,0.0
358800,train_episode,length,200.0
358800,train_episode,return,-2.894123185282385
358800,train_episode,success,1.0
359000,train_episode,collapse,0.0
359000,train_episode,length,200.0
359000,train_episode,return,-118.1977467937066
359000,train_episode,success,1.0
359200,train_episode,collapse,0.0
359200,train_episode,length,200.0
359200,train_episode,return,-116.14783831488046
359200,train_episode,success,1.0
359400,train_episode,collapse,0.0
359400,train_episode,length,200.0
359400,train_episode,return,-119.36800435136911
359400,train_episode,success,1.0
359600,train_episode,collapse,0.0
359600,train_episode,length,200.0
359600,train_episode,return,-229.34897119598244
359600,train_episode,success,0.0
359800,train_episode,collapse,0.0
359800,train_episode,length,200.0
359800,train_episode,return,-218.7985456235287
359800,train_episode,success,0.0
360000,train_episode,collapse,0.0
360000,train_episode,length,200.0
360000,train_episode,return,-123.32672615702077
360000,train_episode,success,1.0
360000,update,actor_grad_norm,0.33757248520851135
360000,update,actor_grad_norm_max,10.659394264221191
360000,update,actor_grad_norm_mean,0.435139934232831
360000,update,actor_grad_norm_min,0.05493716895580292
360000,update,actor_loss,13.533904075622559
360000,update,actor_loss_max,22.87652587890625
360000,update,actor_loss_mean,12.395170045661926
360000,update,actor_loss_min,5.677937984466553
360000,update,actor_param_norm,103.76039123535156
360000,update,actor_param_norm_max,103.76039123535156
360000,update,actor_param_norm_mean,103.53771853179931
360000,update,actor_param_norm_min,103.28424835205078
360000,update,actor_update_norm,0.011526164598762989
360000,update,actor_update_norm_max,0.04221537336707115
360000,update,actor_update_norm_mean,0.01193920691497624
360000,update,actor_update_norm_min,0.004876014310866594
360000,update,actor_update_norm_ratio,0.00011108470611312227
360000,update,actor_update_norm_ratio_max,0.0004071684426434809
360000,update,actor_update_norm_ratio_mean,0.0001153115684731939
360000,update,actor_update_norm_ratio_min,4.7114354229366823e-05
360000,update,alpha,0.0029190436471253633
360000,update,alpha_loss,0.0005046100122854114
360000,update,alpha_loss_max,0.002022925764322281
360000,update,alpha_loss_mean,1.6834916581137803e-05
360000,update,alpha_loss_min,-0.0018885459285229445
360000,update,alpha_max,0.003996712621301413
360000,update,alpha_mean,0.0030734900126699357
360000,update,alpha_min,0.0027039770502597094
360000,update,num_optimizer_updates,5000.0
360000,update,policy_entropy_estimate,-0.8270853161811829
360000,update,policy_entropy_estimate_max,-0.41644978523254395
360000,update,policy_entropy_estimate_mean,-0.994788484787941
360000,update,policy_entropy_estimate_min,-1.6362324953079224
360000,update,policy_log_prob_mean,0.8270853161811829
360000,update,policy_log_prob_mean_max,1.6362324953079224
360000,update,policy_log_prob_mean_mean,0.994788484787941
360000,update,policy_log_prob_mean_min,0.41644978523254395
360000,update,q1_loss,0.42688873410224915
360000,update,q1_loss_max,24.59958839416504
360000,update,q1_loss_mean,0.480099203075096
360000,update,q1_loss_min,0.018506985157728195
360000,update,q1_mean,-13.208334922790527
360000,update,q1_mean_max,-5.739273548126221
360000,update,q1_mean_mean,-12.371675740623473
360000,update,q1_mean_min,-23.082435607910156
360000,update,q2_loss,0.7344134449958801
360000,update,q2_loss_max,26.674680709838867
360000,update,q2_loss_mean,0.4837822703875601
360000,update,q2_loss_min,0.02205558866262436
360000,update,q2_mean,-12.900925636291504
360000,update,q2_mean_max,-5.665486812591553
360000,update,q2_mean_mean,-12.371565688991547
360000,update,q2_mean_min,-23.137556076049805
360000,update,q_grad_norm,113.45291900634766
360000,update,q_grad_norm_max,1842.8170166015625
360000,update,q_grad_norm_mean,96.54512293348313
360000,update,q_grad_norm_min,7.906545162200928
360000,update,q_loss,1.1613022089004517
360000,update,q_loss_cleanrl_logged,0.5806511044502258
360000,update,q_loss_cleanrl_logged_max,23.659526824951172
360000,update,q_loss_cleanrl_logged_mean,0.4819407365255058
360000,update,q_loss_cleanrl_logged_min,0.03748742863535881
360000,update,q_loss_max,47.319053649902344
360000,update,q_loss_mean,0.9638814730510116
360000,update,q_loss_min,0.07497485727071762
360000,update,q_param_norm,540.7581176757812
360000,update,q_param_norm_max,540.7794189453125
360000,update,q_param_norm_mean,539.744522076416
360000,update,q_param_norm_min,538.7293395996094
360000,update,q_update_norm,0.033559948205947876
360000,update,q_update_norm_max,0.09195402264595032
360000,update,q_update_norm_mean,0.031094347185455264
360000,update,q_update_norm_min,0.01390969567000866
360000,update,q_update_norm_ratio,8.775945322477325e-05
360000,update,q_update_norm_ratio_max,0.00024134181429764405
360000,update,q_update_norm_ratio_mean,8.146359912435583e-05
360000,update,q_update_norm_ratio_min,3.6457167817469746e-05
360000,update,target_q_mean,-13.240906715393066
360000,update,target_q_mean_max,-5.713984489440918
360000,update,target_q_mean_mean,-12.371850025177002
360000,update,target_q_mean_min,-23.095779418945312
360200,train_episode,collapse,0.0
360200,train_episode,length,200.0
360200,train_episode,return,-115.08959861751521
360200,train_episode,success,1.0
360400,train_episode,collapse,0.0
360400,train_episode,length,200.0
360400,train_episode,return,-124.3575607085774
360400,train_episode,success,1.0
360600,train_episode,collapse,0.0
360600,train_episode,length,200.0
360600,train_episode,return,-120.07362850723126
360600,train_episode,success,1.0
360800,train_episode,collapse,0.0
360800,train_episode,length,200.0
360800,train_episode,return,-117.40288076116563
360800,train_episode,success,1.0
361000,train_episode,collapse,0.0
361000,train_episode,length,200.0
361000,train_episode,return,-116.63366575750933
361000,train_episode,success,1.0
361200,train_episode,collapse,0.0
361200,train_episode,length,200.0
361200,train_episode,return,-118.97231263522312
361200,train_episode,success,1.0
361400,train_episode,collapse,0.0
361400,train_episode,length,200.0
361400,train_episode,return,-120.04206751949485
361400,train_episode,success,1.0
361600,train_episode,collapse,0.0
361600,train_episode,length,200.0
361600,train_episode,return,-131.31639412952217
361600,train_episode,success,1.0
361800,train_episode,collapse,0.0
361800,train_episode,length,200.0
361800,train_episode,return,-119.1702024605343
361800,train_episode,success,1.0
362000,train_episode,collapse,0.0
362000,train_episode,length,200.0
362000,train_episode,return,-119.78289937285565
362000,train_episode,success,1.0
362200,train_episode,collapse,0.0
362200,train_episode,length,200.0
362200,train_episode,return,-123.24792585916312
362200,train_episode,success,1.0
362400,train_episode,collapse,0.0
362400,train_episode,length,200.0
362400,train_episode,return,-119.4626544237604
362400,train_episode,success,1.0
362600,train_episode,collapse,0.0
362600,train_episode,length,200.0
362600,train_episode,return,-125.25485193570535
362600,train_episode,success,1.0
362800,train_episode,collapse,0.0
362800,train_episode,length,200.0
362800,train_episode,return,-231.6942344352359
362800,train_episode,success,0.0
363000,train_episode,collapse,0.0
363000,train_episode,length,200.0
363000,train_episode,return,-236.71054109668898
363000,train_episode,success,0.0
363200,train_episode,collapse,0.0
363200,train_episode,length,200.0
363200,train_episode,return,-118.85538976784848
363200,train_episode,success,1.0
363400,train_episode,collapse,0.0
363400,train_episode,length,200.0
363400,train_episode,return,-120.69289189303069
363400,train_episode,success,1.0
363600,train_episode,collapse,0.0
363600,train_episode,length,200.0
363600,train_episode,return,-0.07800932061274529
363600,train_episode,success,1.0
363800,train_episode,collapse,0.0
363800,train_episode,length,200.0
363800,train_episode,return,-118.72151028750086
363800,train_episode,success,1.0
364000,train_episode,collapse,0.0
364000,train_episode,length,200.0
364000,train_episode,return,-113.9824111723959
364000,train_episode,success,1.0
364200,train_episode,collapse,0.0
364200,train_episode,length,200.0
364200,train_episode,return,-119.3197608466151
364200,train_episode,success,1.0
364400,train_episode,collapse,0.0
364400,train_episode,length,200.0
364400,train_episode,return,-225.96095602381385
364400,train_episode,success,0.0
364600,train_episode,collapse,0.0
364600,train_episode,length,200.0
364600,train_episode,return,-126.4740982370822
364600,train_episode,success,1.0
364800,train_episode,collapse,0.0
364800,train_episode,length,200.0
364800,train_episode,return,-139.45614000317426
364800,train_episode,success,1.0
365000,train_episode,collapse,0.0
365000,train_episode,length,200.0
365000,train_episode,return,-135.3658318900336
365000,train_episode,success,1.0
365000,update,actor_grad_norm,1.6692436933517456
365000,update,actor_grad_norm_max,26.216285705566406
365000,update,actor_grad_norm_mean,0.4325654947683215
365000,update,actor_grad_norm_min,0.057836953550577164
365000,update,actor_loss,9.013402938842773
365000,update,actor_loss_max,20.82917022705078
365000,update,actor_loss_mean,12.317546506118774
365000,update,actor_loss_min,4.164536476135254
365000,update,actor_param_norm,104.31134033203125
365000,update,actor_param_norm_max,104.31134033203125
365000,update,actor_param_norm_mean,104.01165453796386
365000,update,actor_param_norm_min,103.76039123535156
365000,update,actor_update_norm,0.016399521380662918
365000,update,actor_update_norm_max,0.04350227117538452
365000,update,actor_update_norm_mean,0.012131328734569251
365000,update,actor_update_norm_min,0.004948439542204142
365000,update,actor_update_norm_ratio,0.000157217339124294
365000,update,actor_update_norm_ratio_max,0.00041749210145285674
365000,update,actor_update_norm_ratio_mean,0.00011663273110953048
365000,update,actor_update_norm_ratio_min,4.767826187550138e-05
365000,update,alpha,0.011095184832811356
365000,update,alpha_loss,-0.008793123066425323
365000,update,alpha_loss_max,0.0014654967235401273
365000,update,alpha_loss_mean,-0.0006988020414275525
365000,update,alpha_loss_min,-0.014446279965341091
365000,update,alpha_max,0.011095184832811356
365000,update,alpha_mean,0.0032787817298900335
365000,update,alpha_min,0.0020144935697317123
365000,update,num_optimizer_updates,5000.0
365000,update,policy_entropy_estimate,-1.7937495708465576
365000,update,policy_entropy_estimate_max,-0.4242711663246155
365000,update,policy_entropy_estimate_mean,-1.1000805773615836
365000,update,policy_entropy_estimate_min,-2.9967408180236816
365000,update,policy_log_prob_mean,1.7937495708465576
365000,update,policy_log_prob_mean_max,2.9967408180236816
365000,update,policy_log_prob_mean_mean,1.1000805773615836
365000,update,policy_log_prob_mean_min,0.4242711663246155
365000,update,q1_loss,0.29355213046073914
365000,update,q1_loss_max,24.52985191345215
365000,update,q1_loss_mean,0.5125211429335177
365000,update,q1_loss_min,0.02408045344054699
365000,update,q1_mean,-8.589275360107422
365000,update,q1_mean_max,-4.517655849456787
365000,update,q1_mean_mean,-12.358755349636079
365000,update,q1_mean_min,-21.704477310180664
365000,update,q2_loss,0.15699797868728638
365000,update,q2_loss_max,19.113872528076172
365000,update,q2_loss_mean,0.48191104748733343
365000,update,q2_loss_min,0.020485881716012955
365000,update,q2_mean,-8.708761215209961
365000,update,q2_mean_max,-4.503711700439453
365000,update,q2_mean_mean,-12.358831068992615
365000,update,q2_mean_min,-21.643585205078125
365000,update,q_grad_norm,23.405126571655273
365000,update,q_grad_norm_max,1827.247802734375
365000,update,q_grad_norm_mean,96.31910828704834
365000,update,q_grad_norm_min,7.575414657592773
365000,update,q_loss,0.4505501091480255
365000,update,q_loss_cleanrl_logged,0.22527505457401276
365000,update,q_loss_cleanrl_logged_max,21.821861267089844
365000,update,q_loss_cleanrl_logged_mean,0.4972160959988832
365000,update,q_loss_cleanrl_logged_min,0.03160971775650978
365000,update,q_loss_max,43.64372253417969
365000,update,q_loss_mean,0.9944321919977664
365000,update,q_loss_min,0.06321943551301956
365000,update,q_param_norm,542.7579650878906
365000,update,q_param_norm_max,542.7592163085938
365000,update,q_param_norm_mean,541.5859582153321
365000,update,q_param_norm_min,540.7439270019531
365000,update,q_update_norm,0.028263019397854805
365000,update,q_update_norm_max,0.0938902273774147
365000,update,q_update_norm_mean,0.03050485196188092
365000,update,q_update_norm_min,0.010507992468774319
365000,update,q_update_norm_ratio,7.363448923344769e-05
365000,update,q_update_norm_ratio_max,0.00024536862343025554
365000,update,q_update_norm_ratio_mean,7.96469401991082e-05
365000,update,q_update_norm_ratio_min,2.7451110699124484e-05
365000,update,target_q_mean,-8.669049263000488
365000,update,target_q_mean_max,-4.451906204223633
365000,update,target_q_mean_mean,-12.359008922290801
365000,update,target_q_mean_min,-21.60559844970703
365200,train_episode,collapse,0.0
365200,train_episode,length,200.0
365200,train_episode,return,-257.14384177258955
365200,train_episode,success,0.0
365400,train_episode,collapse,0.0
365400,train_episode,length,200.0
365400,train_episode,return,-129.81757475188914
365400,train_episode,success,1.0
365600,train_episode,collapse,0.0
365600,train_episode,length,200.0
365600,train_episode,return,-132.1184464780135
365600,train_episode,success,1.0
365800,train_episode,collapse,0.0
365800,train_episode,length,200.0
365800,train_episode,return,-117.95687197993158
365800,train_episode,success,1.0
366000,train_episode,collapse,0.0
366000,train_episode,length,200.0
366000,train_episode,return,-1.8471865182549851
366000,train_episode,success,1.0
366200,train_episode,collapse,0.0
366200,train_episode,length,200.0
366200,train_episode,return,-225.91154698502044
366200,train_episode,success,0.0
366400,train_episode,collapse,0.0
366400,train_episode,length,200.0
366400,train_episode,return,-122.20404129316834
366400,train_episode,success,1.0
366600,train_episode,collapse,0.0
366600,train_episode,length,200.0
366600,train_episode,return,-125.08207586618948
366600,train_episode,success,1.0
366800,train_episode,collapse,0.0
366800,train_episode,length,200.0
366800,train_episode,return,-125.60288552392079
366800,train_episode,success,1.0
367000,train_episode,collapse,0.0
367000,train_episode,length,200.0
367000,train_episode,return,-114.92816007500173
367000,train_episode,success,1.0
367200,train_episode,collapse,0.0
367200,train_episode,length,200.0
367200,train_episode,return,-121.19171138448269
367200,train_episode,success,1.0
367400,train_episode,collapse,0.0
367400,train_episode,length,200.0
367400,train_episode,return,-126.5858708946687
367400,train_episode,success,1.0
367600,train_episode,collapse,0.0
367600,train_episode,length,200.0
367600,train_episode,return,-224.43699550205818
367600,train_episode,success,0.0
367800,train_episode,collapse,0.0
367800,train_episode,length,200.0
367800,train_episode,return,-115.9097236511252
367800,train_episode,success,1.0
368000,train_episode,collapse,0.0
368000,train_episode,length,200.0
368000,train_episode,return,-1.6208321936382406
368000,train_episode,success,1.0
368200,train_episode,collapse,0.0
368200,train_episode,length,200.0
368200,train_episode,return,-115.1593263794629
368200,train_episode,success,1.0
368400,train_episode,collapse,0.0
368400,train_episode,length,200.0
368400,train_episode,return,-223.52479475746352
368400,train_episode,success,0.0
368600,train_episode,collapse,0.0
368600,train_episode,length,200.0
368600,train_episode,return,-2.837937872637351
368600,train_episode,success,1.0
368800,train_episode,collapse,0.0
368800,train_episode,length,200.0
368800,train_episode,return,-127.56321343816911
368800,train_episode,success,1.0
369000,train_episode,collapse,0.0
369000,train_episode,length,200.0
369000,train_episode,return,-123.27881374577419
369000,train_episode,success,1.0
369200,train_episode,collapse,0.0
369200,train_episode,length,200.0
369200,train_episode,return,-118.49793320976057
369200,train_episode,success,1.0
369400,train_episode,collapse,0.0
369400,train_episode,length,200.0
369400,train_episode,return,-126.43367528702463
369400,train_episode,success,1.0
369600,train_episode,collapse,0.0
369600,train_episode,length,200.0
369600,train_episode,return,-119.63948026966894
369600,train_episode,success,1.0
369800,train_episode,collapse,0.0
369800,train_episode,length,200.0
369800,train_episode,return,-214.9567727057694
369800,train_episode,success,0.0
370000,train_episode,collapse,0.0
370000,train_episode,length,200.0
370000,train_episode,return,-127.22560764639806
370000,train_episode,success,1.0
370000,update,actor_grad_norm,0.32764238119125366
370000,update,actor_grad_norm_max,61.746978759765625
370000,update,actor_grad_norm_mean,0.6293568407535552
370000,update,actor_grad_norm_min,0.06501847505569458
370000,update,actor_loss,8.82155704498291
370000,update,actor_loss_max,20.65391731262207
370000,update,actor_loss_mean,11.911903884506225
370000,update,actor_loss_min,5.2551774978637695
370000,update,actor_param_norm,104.59591674804688
370000,update,actor_param_norm_max,104.59591674804688
370000,update,actor_param_norm_mean,104.46937380371094
370000,update,actor_param_norm_min,104.31124114990234
370000,update,actor_update_norm,0.013000143691897392
370000,update,actor_update_norm_max,0.040658436715602875
370000,update,actor_update_norm_mean,0.011848740720748902
370000,update,actor_update_norm_min,0.004224157426506281
370000,update,actor_update_norm_ratio,0.00012428929903385668
370000,update,actor_update_norm_ratio_max,0.0003891220008047591
370000,update,actor_update_norm_ratio_mean,0.00011342142558066519
370000,update,actor_update_norm_ratio_min,4.039991548936611e-05
370000,update,alpha,0.0030580873135477304
370000,update,alpha_loss,-0.00016807581414468586
370000,update,alpha_loss_max,0.01301521621644497
370000,update,alpha_loss_mean,0.0010879331284217187
370000,update,alpha_loss_min,-0.009641952812671661
370000,update,alpha_max,0.01239163987338543
370000,update,alpha_mean,0.005175620136922225
370000,update,alpha_min,0.002595295663923025
370000,update,num_optimizer_updates,5000.0
370000,update,policy_entropy_estimate,-1.0549870729446411
370000,update,policy_entropy_estimate_max,0.3109237551689148
370000,update,policy_entropy_estimate_mean,-0.8231208340305834
370000,update,policy_entropy_estimate_min,-1.8676601648330688
370000,update,policy_log_prob_mean,1.0549870729446411
370000,update,policy_log_prob_mean_max,1.8676601648330688
370000,update,policy_log_prob_mean_mean,0.8231208340305834
370000,update,policy_log_prob_mean_min,-0.3109237551689148
370000,update,q1_loss,0.18545371294021606
370000,update,q1_loss_max,23.95887565612793
370000,update,q1_loss_mean,0.48094346173517405
370000,update,q1_loss_min,0.02279188111424446
370000,update,q1_mean,-8.629800796508789
370000,update,q1_mean_max,-5.284550666809082
370000,update,q1_mean_mean,-11.91400614452362
370000,update,q1_mean_min,-21.02215003967285
370000,update,q2_loss,0.2770608961582184
370000,update,q2_loss_max,25.276575088500977
370000,update,q2_loss_mean,0.4412091257367283
370000,update,q2_loss_min,0.020348303020000458
370000,update,q2_mean,-9.021300315856934
370000,update,q2_mean_max,-5.227372646331787
370000,update,q2_mean_mean,-11.914017443847657
370000,update,q2_mean_min,-21.04047393798828
370000,update,q_grad_norm,66.4102554321289
370000,update,q_grad_norm_max,2195.635498046875
370000,update,q_grad_norm_mean,93.23941195697785
370000,update,q_grad_norm_min,7.918313026428223
370000,update,q_loss,0.46251460909843445
370000,update,q_loss_cleanrl_logged,0.23125730454921722
370000,update,q_loss_cleanrl_logged_max,22.755348205566406
370000,update,q_loss_cleanrl_logged_mean,0.46107629332356154
370000,update,q_loss_cleanrl_logged_min,0.027322830632328987
370000,update,q_loss_max,45.51069641113281
370000,update,q_loss_mean,0.9221525866471231
370000,update,q_loss_min,0.054645661264657974
370000,update,q_param_norm,545.117919921875
370000,update,q_param_norm_max,545.1199340820312
370000,update,q_param_norm_mean,543.8869226257324
370000,update,q_param_norm_min,542.7562255859375
370000,update,q_update_norm,0.03156847134232521
370000,update,q_update_norm_max,0.12146826088428497
370000,update,q_update_norm_mean,0.03017400478720665
370000,update,q_update_norm_min,0.013389769941568375
370000,update,q_update_norm_ratio,8.188974405471292e-05
370000,update,q_update_norm_ratio_max,0.0003157969545810478
370000,update,q_update_norm_ratio_mean,7.845100427327642e-05
370000,update,q_update_norm_ratio_min,3.485856287793715e-05
370000,update,target_q_mean,-8.764610290527344
370000,update,target_q_mean_max,-5.272151947021484
370000,update,target_q_mean_mean,-11.91422069196701
370000,update,target_q_mean_min,-21.12307357788086
370200,train_episode,collapse,0.0
370200,train_episode,length,200.0
370200,train_episode,return,-127.12920437804566
370200,train_episode,success,1.0
370400,train_episode,collapse,0.0
370400,train_episode,length,200.0
370400,train_episode,return,-226.19744086440275
370400,train_episode,success,0.0
370600,train_episode,collapse,0.0
370600,train_episode,length,200.0
370600,train_episode,return,-127.27158039092319
370600,train_episode,success,1.0
370800,train_episode,collapse,0.0
370800,train_episode,length,200.0
370800,train_episode,return,-124.95912653550852
370800,train_episode,success,1.0
371000,train_episode,collapse,0.0
371000,train_episode,length,200.0
371000,train_episode,return,-133.7531262654338
371000,train_episode,success,1.0
371200,train_episode,collapse,0.0
371200,train_episode,length,200.0
371200,train_episode,return,-126.88361266308782
371200,train_episode,success,1.0
371400,train_episode,collapse,0.0
371400,train_episode,length,200.0
371400,train_episode,return,-122.79243145773226
371400,train_episode,success,1.0
371600,train_episode,collapse,0.0
371600,train_episode,length,200.0
371600,train_episode,return,-233.69542296315478
371600,train_episode,success,0.0
371800,train_episode,collapse,0.0
371800,train_episode,length,200.0
371800,train_episode,return,-120.61925972742749
371800,train_episode,success,1.0
372000,train_episode,collapse,0.0
372000,train_episode,length,200.0
372000,train_episode,return,-127.4263252252658
372000,train_episode,success,1.0
372200,train_episode,collapse,0.0
372200,train_episode,length,200.0
372200,train_episode,return,-126.51821943849225
372200,train_episode,success,1.0
372400,train_episode,collapse,0.0
372400,train_episode,length,200.0
372400,train_episode,return,-3.9654271206541623
372400,train_episode,success,1.0
372600,train_episode,collapse,0.0
372600,train_episode,length,200.0
372600,train_episode,return,-238.9907396274972
372600,train_episode,success,0.0
372800,train_episode,collapse,0.0
372800,train_episode,length,200.0
372800,train_episode,return,-230.28358301281358
372800,train_episode,success,0.0
373000,train_episode,collapse,0.0
373000,train_episode,length,200.0
373000,train_episode,return,-119.65012744627221
373000,train_episode,success,1.0
373200,train_episode,collapse,0.0
373200,train_episode,length,200.0
373200,train_episode,return,-226.67067971662007
373200,train_episode,success,0.0
373400,train_episode,collapse,0.0
373400,train_episode,length,200.0
373400,train_episode,return,-118.36555778648754
373400,train_episode,success,1.0
373600,train_episode,collapse,0.0
373600,train_episode,length,200.0
373600,train_episode,return,-117.70021596122665
373600,train_episode,success,1.0
373800,train_episode,collapse,0.0
373800,train_episode,length,200.0
373800,train_episode,return,-253.3067471468717
373800,train_episode,success,0.0
374000,train_episode,collapse,0.0
374000,train_episode,length,200.0
374000,train_episode,return,-232.73003934466652
374000,train_episode,success,0.0
374200,train_episode,collapse,0.0
374200,train_episode,length,200.0
374200,train_episode,return,-126.6996059731974
374200,train_episode,success,1.0
374400,train_episode,collapse,0.0
374400,train_episode,length,200.0
374400,train_episode,return,-297.6914688330887
374400,train_episode,success,0.0
374600,train_episode,collapse,0.0
374600,train_episode,length,200.0
374600,train_episode,return,-299.76347886430784
374600,train_episode,success,0.0
374800,train_episode,collapse,0.0
374800,train_episode,length,200.0
374800,train_episode,return,-123.91193578346586
374800,train_episode,success,1.0
375000,train_episode,collapse,0.0
375000,train_episode,length,200.0
375000,train_episode,return,-119.30450427182757
375000,train_episode,success,1.0
375000,update,actor_grad_norm,0.7877475023269653
375000,update,actor_grad_norm_max,123.031005859375
375000,update,actor_grad_norm_mean,0.6693387355297804
375000,update,actor_grad_norm_min,0.06517927348613739
375000,update,actor_loss,11.171599388122559
375000,update,actor_loss_max,20.50676727294922
375000,update,actor_loss_mean,10.696582330703736
375000,update,actor_loss_min,2.970830202102661
375000,update,actor_param_norm,104.96382141113281
375000,update,actor_param_norm_max,104.96382141113281
375000,update,actor_param_norm_mean,104.7753253326416
375000,update,actor_param_norm_min,104.59591674804688
375000,update,actor_update_norm,0.01433542463928461
375000,update,actor_update_norm_max,0.04995004087686539
375000,update,actor_update_norm_mean,0.0124300367327407
375000,update,actor_update_norm_min,0.004495815373957157
375000,update,actor_update_norm_ratio,0.00013657536833146475
375000,update,actor_update_norm_ratio_max,0.00047727085733063874
375000,update,actor_update_norm_ratio_mean,0.00011864601003334957
375000,update,actor_update_norm_ratio_min,4.2891562646506466e-05
375000,update,alpha,0.005414657760411501
375000,update,alpha_loss,0.0006228185957297683
375000,update,alpha_loss_max,0.017660219222307205
375000,update,alpha_loss_mean,-0.00030526741554785986
375000,update,alpha_loss_min,-0.019982336089015007
375000,update,alpha_max,0.023386336863040924
375000,update,alpha_mean,0.01146727471104823
375000,update,alpha_min,0.0030580873135477304
375000,update,num_optimizer_updates,5000.0
375000,update,policy_entropy_estimate,-0.8850131034851074
375000,update,policy_entropy_estimate_max,0.08033539354801178
375000,update,policy_entropy_estimate_mean,-1.0526395257145167
375000,update,policy_entropy_estimate_min,-4.218050003051758
375000,update,policy_log_prob_mean,0.8850131034851074
375000,update,policy_log_prob_mean_max,4.218050003051758
375000,update,policy_log_prob_mean_mean,1.0526395257145167
375000,update,policy_log_prob_mean_min,-0.08033539354801178
375000,update,q1_loss,0.36468231678009033
375000,update,q1_loss_max,25.869779586791992
375000,update,q1_loss_mean,0.5042180308558046
375000,update,q1_loss_min,0.027257902547717094
375000,update,q1_mean,-11.185310363769531
375000,update,q1_mean_max,-3.1148624420166016
375000,update,q1_mean_mean,-10.73860442609787
375000,update,q1_mean_min,-22.094141006469727
375000,update,q2_loss,0.18993622064590454
375000,update,q2_loss_max,34.18785095214844
375000,update,q2_loss_mean,0.4825361834280193
375000,update,q2_loss_min,0.023283449932932854
375000,update,q2_mean,-11.176916122436523
375000,update,q2_mean_max,-3.0328283309936523
375000,update,q2_mean_mean,-10.738439234638214
375000,update,q2_mean_min,-22.025997161865234
375000,update,q_grad_norm,37.22111129760742
375000,update,q_grad_norm_max,2936.6142578125
375000,update,q_grad_norm_mean,97.30316240968705
375000,update,q_grad_norm_min,7.953741550445557
375000,update,q_loss,0.5546185374259949
375000,update,q_loss_cleanrl_logged,0.27730926871299744
375000,update,q_loss_cleanrl_logged_max,30.02881622314453
375000,update,q_loss_cleanrl_logged_mean,0.4933771076314151
375000,update,q_loss_cleanrl_logged_min,0.03312138840556145
375000,update,q_loss_max,60.05763244628906
375000,update,q_loss_mean,0.9867542152628302
375000,update,q_loss_min,0.0662427768111229
375000,update,q_param_norm,546.8769226074219
375000,update,q_param_norm_max,546.8795471191406
375000,update,q_param_norm_mean,545.9911270751953
375000,update,q_param_norm_min,545.1192626953125
375000,update,q_update_norm,0.025371244177222252
375000,update,q_update_norm_max,0.11138622462749481
375000,update,q_update_norm_mean,0.030768765546754003
375000,update,q_update_norm_min,0.012614167295396328
375000,update,q_update_norm_ratio,6.560149013349675e-05
375000,update,q_update_norm_ratio_max,0.0002888994626006821
375000,update,q_update_norm_ratio_mean,7.968805754927814e-05
375000,update,q_update_norm_ratio_min,3.27092731780553e-05
375000,update,target_q_mean,-11.169357299804688
375000,update,target_q_mean_max,-3.2470638751983643
375000,update,target_q_mean_mean,-10.738758321380615
375000,update,target_q_mean_min,-22.190784454345703
375000,replay,action_abs_max,2.0
375000,replay,action_abs_mean,0.577455997467041
375000,replay,action_saturation_fraction,0.07343733333333333
375000,replay,capacity,500000.0
375000,replay,done_fraction,0.0
375000,replay,fill_fraction,0.75
375000,replay,near_upright_any_transition_fraction,0.8432506666666667
375000,replay,near_upright_next_obs_fraction,0.8431466666666667
375000,replay,near_upright_obs_fraction,0.8387013333333333
375000,replay,reward_max,-4.2872531480497855e-07
375000,replay,reward_mean,-0.8126363158226013
375000,replay,reward_min,-16.269039154052734
375000,replay,reward_std,2.4388985633850098
375000,replay,sample_count_max,1239.0
375000,replay,sample_count_mean,252.58666666666667
375000,replay,size,375000.0
375000,replay,transition_age_max,374999.0
375000,replay,transition_age_mean,187499.5
375000,diagnostics,actor_layer0_activation_abs_max,3.5619375705718994
375000,diagnostics,actor_layer0_activation_abs_mean,0.07390117645263672
375000,diagnostics,actor_layer0_dormant_fraction,0.15625
375000,diagnostics,actor_layer0_effective_rank_fraction,0.049858544021844864
375000,diagnostics,actor_layer1_activation_abs_max,12.190932273864746
375000,diagnostics,actor_layer1_activation_abs_mean,0.03232632204890251
375000,diagnostics,actor_layer1_dormant_fraction,0.71484375
375000,diagnostics,actor_layer1_effective_rank_fraction,0.08704492449760437
375000,diagnostics,actor_param_norm,104.96382141113281
375000,diagnostics,alpha,0.005414657760411501
375000,diagnostics,q1_layer0_activation_abs_max,6.324142932891846
375000,diagnostics,q1_layer0_activation_abs_mean,0.26492947340011597
375000,diagnostics,q1_layer0_dormant_fraction,0.27734375
375000,diagnostics,q1_layer0_effective_rank_fraction,0.04849397763609886
375000,diagnostics,q1_layer1_activation_abs_max,34.77968215942383
375000,diagnostics,q1_layer1_activation_abs_mean,1.9845751523971558
375000,diagnostics,q1_layer1_dormant_fraction,0.75390625
375000,diagnostics,q1_layer1_effective_rank_fraction,0.05025569722056389
375000,diagnostics,q1_param_norm,277.7196960449219
375000,diagnostics,q2_layer0_activation_abs_max,5.334786891937256
375000,diagnostics,q2_layer0_activation_abs_mean,0.27655860781669617
375000,diagnostics,q2_layer0_dormant_fraction,0.29296875
375000,diagnostics,q2_layer0_effective_rank_fraction,0.046214841306209564
375000,diagnostics,q2_layer1_activation_abs_max,41.814693450927734
375000,diagnostics,q2_layer1_activation_abs_mean,1.6838033199310303
375000,diagnostics,q2_layer1_dormant_fraction,0.8046875
375000,diagnostics,q2_layer1_effective_rank_fraction,0.04475732520222664
375000,diagnostics,q2_param_norm,269.1572265625
375200,train_episode,collapse,0.0
375200,train_episode,length,200.0
375200,train_episode,return,-2.6832037988239206
375200,train_episode,success,1.0
375400,train_episode,collapse,0.0
375400,train_episode,length,200.0
375400,train_episode,return,-120.39756824748585
375400,train_episode,success,1.0
375600,train_episode,collapse,0.0
375600,train_episode,length,200.0
375600,train_episode,return,-234.63690430136808
375600,train_episode,success,0.0
375800,train_episode,collapse,0.0
375800,train_episode,length,200.0
375800,train_episode,return,-118.35193583388639
375800,train_episode,success,1.0
376000,train_episode,collapse,0.0
376000,train_episode,length,200.0
376000,train_episode,return,-119.486704394126
376000,train_episode,success,1.0
376200,train_episode,collapse,0.0
376200,train_episode,length,200.0
376200,train_episode,return,-119.56960477271495
376200,train_episode,success,1.0
376400,train_episode,collapse,0.0
376400,train_episode,length,200.0
376400,train_episode,return,-121.88424153878607
376400,train_episode,success,1.0
376600,train_episode,collapse,0.0
376600,train_episode,length,200.0
376600,train_episode,return,-222.15442263010212
376600,train_episode,success,0.0
376800,train_episode,collapse,0.0
376800,train_episode,length,200.0
376800,train_episode,return,-121.06589982814499
376800,train_episode,success,1.0
377000,train_episode,collapse,0.0
377000,train_episode,length,200.0
377000,train_episode,return,-227.84300876566064
377000,train_episode,success,0.0
377200,train_episode,collapse,0.0
377200,train_episode,length,200.0
377200,train_episode,return,-229.18761660954314
377200,train_episode,success,0.0
377400,train_episode,collapse,0.0
377400,train_episode,length,200.0
377400,train_episode,return,-123.66627152447771
377400,train_episode,success,1.0
377600,train_episode,collapse,0.0
377600,train_episode,length,200.0
377600,train_episode,return,-127.54001742021771
377600,train_episode,success,1.0
377800,train_episode,collapse,0.0
377800,train_episode,length,200.0
377800,train_episode,return,-239.23741188522877
377800,train_episode,success,0.0
378000,train_episode,collapse,0.0
378000,train_episode,length,200.0
378000,train_episode,return,-122.80930103504325
378000,train_episode,success,1.0
378200,train_episode,collapse,0.0
378200,train_episode,length,200.0
378200,train_episode,return,-125.90133336015721
378200,train_episode,success,1.0
378400,train_episode,collapse,0.0
378400,train_episode,length,200.0
378400,train_episode,return,-240.70810682312606
378400,train_episode,success,0.0
378600,train_episode,collapse,0.0
378600,train_episode,length,200.0
378600,train_episode,return,-221.63022458513223
378600,train_episode,success,0.0
378800,train_episode,collapse,0.0
378800,train_episode,length,200.0
378800,train_episode,return,-118.2814819115008
378800,train_episode,success,1.0
379000,train_episode,collapse,0.0
379000,train_episode,length,200.0
379000,train_episode,return,-2.623757696991735
379000,train_episode,success,1.0
379200,train_episode,collapse,0.0
379200,train_episode,length,200.0
379200,train_episode,return,-220.28469450047444
379200,train_episode,success,0.0
379400,train_episode,collapse,0.0
379400,train_episode,length,200.0
379400,train_episode,return,-1.9190195985821394
379400,train_episode,success,1.0
379600,train_episode,collapse,0.0
379600,train_episode,length,200.0
379600,train_episode,return,-121.62040255399155
379600,train_episode,success,1.0
379800,train_episode,collapse,0.0
379800,train_episode,length,200.0
379800,train_episode,return,-120.20371586343734
379800,train_episode,success,1.0
380000,train_episode,collapse,0.0
380000,train_episode,length,200.0
380000,train_episode,return,-2.878286332595321
380000,train_episode,success,1.0
380000,update,actor_grad_norm,0.5956519246101379
380000,update,actor_grad_norm_max,109.34163665771484
380000,update,actor_grad_norm_mean,0.61431521692276
380000,update,actor_grad_norm_min,0.08042968064546585
380000,update,actor_loss,9.618070602416992
380000,update,actor_loss_max,20.34073829650879
380000,update,actor_loss_mean,10.144905894851684
380000,update,actor_loss_min,2.7981271743774414
380000,update,actor_param_norm,105.4474868774414
380000,update,actor_param_norm_max,105.4474868774414
380000,update,actor_param_norm_mean,105.18860051116944
380000,update,actor_param_norm_min,104.96382141113281
380000,update,actor_update_norm,0.011085106991231441
380000,update,actor_update_norm_max,0.05349980667233467
380000,update,actor_update_norm_mean,0.011683848867379129
380000,update,actor_update_norm_min,0.004436197690665722
380000,update,actor_update_norm_ratio,0.00010512445318135586
380000,update,actor_update_norm_ratio_max,0.0005091039222884745
380000,update,actor_update_norm_ratio_mean,0.0001110685015805603
380000,update,actor_update_norm_ratio_min,4.22341150090014e-05
380000,update,alpha,0.003847483079880476
380000,update,alpha_loss,-0.0010808197548612952
380000,update,alpha_loss_max,0.004262763541191816
380000,update,alpha_loss_mean,4.488730206139735e-05
380000,update,alpha_loss_min,-0.004550415091216564
380000,update,alpha_max,0.007847645319998264
380000,update,alpha_mean,0.005751051251776516
380000,update,alpha_min,0.0031901986803859472
380000,update,num_optimizer_updates,5000.0
380000,update,policy_entropy_estimate,-1.281282663345337
380000,update,policy_entropy_estimate_max,-0.29238978028297424
380000,update,policy_entropy_estimate_mean,-0.9886763877034187
380000,update,policy_entropy_estimate_min,-1.6787844896316528
380000,update,policy_log_prob_mean,1.281282663345337
380000,update,policy_log_prob_mean_max,1.6787844896316528
380000,update,policy_log_prob_mean_mean,0.9886763877034187
380000,update,policy_log_prob_mean_min,0.29238978028297424
380000,update,q1_loss,0.581072986125946
380000,update,q1_loss_max,20.026409149169922
380000,update,q1_loss_mean,0.48042197753600774
380000,update,q1_loss_min,0.02439337782561779
380000,update,q1_mean,-9.749495506286621
380000,update,q1_mean_max,-3.0336451530456543
380000,update,q1_mean_mean,-10.253157924604416
380000,update,q1_mean_min,-20.81184196472168
380000,update,q2_loss,0.21534910798072815
380000,update,q2_loss_max,17.734189987182617
380000,update,q2_loss_mean,0.46961595073230566
380000,update,q2_loss_min,0.022504601627588272
380000,update,q2_mean,-9.724875450134277
380000,update,q2_mean_max,-2.9424517154693604
380000,update,q2_mean_mean,-10.253148705625534
380000,update,q2_mean_min,-20.525924682617188
380000,update,q_grad_norm,92.5467300415039
380000,update,q_grad_norm_max,2218.935546875
380000,update,q_grad_norm_mean,94.73056343832016
380000,update,q_grad_norm_min,7.716763973236084
380000,update,q_loss,0.7964221239089966
380000,update,q_loss_cleanrl_logged,0.3982110619544983
380000,update,q_loss_cleanrl_logged_max,17.1126651763916
380000,update,q_loss_cleanrl_logged_mean,0.47501896385997533
380000,update,q_loss_cleanrl_logged_min,0.03307400643825531
380000,update,q_loss_max,34.2253303527832
380000,update,q_loss_mean,0.9500379277199507
380000,update,q_loss_min,0.06614801287651062
380000,update,q_param_norm,549.1237182617188
380000,update,q_param_norm_max,549.1243286132812
380000,update,q_param_norm_mean,548.0781896972657
380000,update,q_param_norm_min,546.8748474121094
380000,update,q_update_norm,0.024957796558737755
380000,update,q_update_norm_max,0.09700221568346024
380000,update,q_update_norm_mean,0.030531905638985335
380000,update,q_update_norm_min,0.01422157883644104
380000,update,q_update_norm_ratio,6.426842151131202e-05
380000,update,q_update_norm_ratio_max,0.0002504804892649244
380000,update,q_update_norm_ratio_mean,7.877092805548978e-05
380000,update,q_update_norm_ratio_min,3.671974694893612e-05
380000,update,target_q_mean,-9.852619171142578
380000,update,target_q_mean_max,-2.9306797981262207
380000,update,target_q_mean_mean,-10.253271431827546
380000,update,target_q_mean_min,-20.424671173095703
380200,train_episode,collapse,0.0
380200,train_episode,length,200.0
380200,train_episode,return,-115.69087922867631
380200,train_episode,success,1.0
380400,train_episode,collapse,0.0
380400,train_episode,length,200.0
380400,train_episode,return,-118.99627364902422
380400,train_episode,success,1.0
380600,train_episode,collapse,0.0
380600,train_episode,length,200.0
380600,train_episode,return,-234.48194821645643
380600,train_episode,success,0.0
380800,train_episode,collapse,0.0
380800,train_episode,length,200.0
380800,train_episode,return,-130.71512109675203
380800,train_episode,success,1.0
381000,train_episode,collapse,0.0
381000,train_episode,length,200.0
381000,train_episode,return,-124.39289920145688
381000,train_episode,success,1.0
381200,train_episode,collapse,0.0
381200,train_episode,length,200.0
381200,train_episode,return,-1.3522173642685889
381200,train_episode,success,1.0
381400,train_episode,collapse,0.0
381400,train_episode,length,200.0
381400,train_episode,return,-227.3491640388044
381400,train_episode,success,0.0
381600,train_episode,collapse,0.0
381600,train_episode,length,200.0
381600,train_episode,return,-119.05545161659852
381600,train_episode,success,1.0
381800,train_episode,collapse,0.0
381800,train_episode,length,200.0
381800,train_episode,return,-232.88990223650586
381800,train_episode,success,0.0
382000,train_episode,collapse,0.0
382000,train_episode,length,200.0
382000,train_episode,return,-2.3857263428092614
382000,train_episode,success,1.0
382200,train_episode,collapse,0.0
382200,train_episode,length,200.0
382200,train_episode,return,-279.80115971186825
382200,train_episode,success,0.0
382400,train_episode,collapse,0.0
382400,train_episode,length,200.0
382400,train_episode,return,-3.603408927303885
382400,train_episode,success,1.0
382600,train_episode,collapse,0.0
382600,train_episode,length,200.0
382600,train_episode,return,-116.71993862428644
382600,train_episode,success,1.0
382800,train_episode,collapse,0.0
382800,train_episode,length,200.0
382800,train_episode,return,-121.85235622662864
382800,train_episode,success,1.0
383000,train_episode,collapse,0.0
383000,train_episode,length,200.0
383000,train_episode,return,-119.39297605383653
383000,train_episode,success,1.0
383200,train_episode,collapse,0.0
383200,train_episode,length,200.0
383200,train_episode,return,-221.69143307811962
383200,train_episode,success,0.0
383400,train_episode,collapse,0.0
383400,train_episode,length,200.0
383400,train_episode,return,-0.5283826248868224
383400,train_episode,success,1.0
383600,train_episode,collapse,0.0
383600,train_episode,length,200.0
383600,train_episode,return,-273.17368196652194
383600,train_episode,success,0.0
383800,train_episode,collapse,0.0
383800,train_episode,length,200.0
383800,train_episode,return,-118.52743442043007
383800,train_episode,success,1.0
384000,train_episode,collapse,0.0
384000,train_episode,length,200.0
384000,train_episode,return,-121.61315940706109
384000,train_episode,success,1.0
384200,train_episode,collapse,0.0
384200,train_episode,length,200.0
384200,train_episode,return,-118.42522583793186
384200,train_episode,success,1.0
384400,train_episode,collapse,0.0
384400,train_episode,length,200.0
384400,train_episode,return,-116.84275805777438
384400,train_episode,success,1.0
384600,train_episode,collapse,0.0
384600,train_episode,length,200.0
384600,train_episode,return,-232.1348270925853
384600,train_episode,success,0.0
384800,train_episode,collapse,0.0
384800,train_episode,length,200.0
384800,train_episode,return,-116.22825667373085
384800,train_episode,success,1.0
385000,train_episode,collapse,0.0
385000,train_episode,length,200.0
385000,train_episode,return,-117.76926770931966
385000,train_episode,success,1.0
385000,update,actor_grad_norm,0.12933900952339172
385000,update,actor_grad_norm_max,11.051013946533203
385000,update,actor_grad_norm_mean,0.597529314301908
385000,update,actor_grad_norm_min,0.06120346114039421
385000,update,actor_loss,7.439758777618408
385000,update,actor_loss_max,23.33275604248047
385000,update,actor_loss_mean,10.434322745609283
385000,update,actor_loss_min,2.8299033641815186
385000,update,actor_param_norm,105.92875671386719
385000,update,actor_param_norm_max,105.93158721923828
385000,update,actor_param_norm_mean,105.66936208343506
385000,update,actor_param_norm_min,105.44697570800781
385000,update,actor_update_norm,0.012659438885748386
385000,update,actor_update_norm_max,0.043902814388275146
385000,update,actor_update_norm_mean,0.011854357179440557
385000,update,actor_update_norm_min,0.004469078965485096
385000,update,actor_update_norm_ratio,0.00011950880213564806
385000,update,actor_update_norm_ratio_max,0.0004149848454221157
385000,update,actor_update_norm_ratio_mean,0.0001121782782053214
385000,update,actor_update_norm_ratio_min,4.227411897193789e-05
385000,update,alpha,0.0028874415438622236
385000,update,alpha_loss,0.0007234823424369097
385000,update,alpha_loss_max,0.004346969537436962
385000,update,alpha_loss_mean,5.377589431736851e-05
385000,update,alpha_loss_min,-0.004201509524136782
385000,update,alpha_max,0.00684531731531024
385000,update,alpha_mean,0.003994825174892322
385000,update,alpha_min,0.002785696415230632
385000,update,num_optimizer_updates,5000.0
385000,update,policy_entropy_estimate,-0.7495481371879578
385000,update,policy_entropy_estimate_max,-0.33972519636154175
385000,update,policy_entropy_estimate_mean,-0.9854866075992584
385000,update,policy_entropy_estimate_min,-1.9077097177505493
385000,update,policy_log_prob_mean,0.7495481371879578
385000,update,policy_log_prob_mean_max,1.9077097177505493
385000,update,policy_log_prob_mean_mean,0.9854866075992584
385000,update,policy_log_prob_mean_min,0.33972519636154175
385000,update,q1_loss,0.10484258830547333
385000,update,q1_loss_max,20.628938674926758
385000,update,q1_loss_mean,0.516832109657675
385000,update,q1_loss_min,0.026326186954975128
385000,update,q1_mean,-7.687811851501465
385000,update,q1_mean_max,-2.7049081325531006
385000,update,q1_mean_mean,-10.471954079675674
385000,update,q1_mean_min,-23.6129207611084
385000,update,q2_loss,0.049684908241033554
385000,update,q2_loss_max,17.181520462036133
385000,update,q2_loss_mean,0.46132130873203275
385000,update,q2_loss_min,0.016433723270893097
385000,update,q2_mean,-7.50388765335083
385000,update,q2_mean_max,-2.721571445465088
385000,update,q2_mean_mean,-10.471968485164643
385000,update,q2_mean_min,-23.785701751708984
385000,update,q_grad_norm,40.5928840637207
385000,update,q_grad_norm_max,2040.2115478515625
385000,update,q_grad_norm_mean,97.71919676170349
385000,update,q_grad_norm_min,6.966465950012207
385000,update,q_loss,0.15452750027179718
385000,update,q_loss_cleanrl_logged,0.07726375013589859
385000,update,q_loss_cleanrl_logged_max,17.601308822631836
385000,update,q_loss_cleanrl_logged_mean,0.4890767093613744
385000,update,q_loss_cleanrl_logged_min,0.0313580259680748
385000,update,q_loss_max,35.20261764526367
385000,update,q_loss_mean,0.9781534187227487
385000,update,q_loss_min,0.0627160519361496
385000,update,q_param_norm,551.3652648925781
385000,update,q_param_norm_max,551.3652648925781
385000,update,q_param_norm_mean,550.2986575622558
385000,update,q_param_norm_min,549.0961608886719
385000,update,q_update_norm,0.03326542302966118
385000,update,q_update_norm_max,0.0995335504412651
385000,update,q_update_norm_mean,0.03125409514643252
385000,update,q_update_norm_min,0.013958198018372059
385000,update,q_update_norm_ratio,8.53131065334709e-05
385000,update,q_update_norm_ratio_max,0.00025551498313204624
385000,update,q_update_norm_ratio_mean,8.030543335693512e-05
385000,update,q_update_norm_ratio_min,3.585789004308411e-05
385000,update,target_q_mean,-7.511100769042969
385000,update,target_q_mean_max,-2.7932541370391846
385000,update,target_q_mean_mean,-10.472194965696335
385000,update,target_q_mean_min,-23.573928833007812
385200,train_episode,collapse,0.0
385200,train_episode,length,200.0
385200,train_episode,return,-123.20417125121523
385200,train_episode,success,1.0
385400,train_episode,collapse,0.0
385400,train_episode,length,200.0
385400,train_episode,return,-120.51639979113158
385400,train_episode,success,1.0
385600,train_episode,collapse,0.0
385600,train_episode,length,200.0
385600,train_episode,return,-228.51011008175794
385600,train_episode,success,0.0
385800,train_episode,collapse,0.0
385800,train_episode,length,200.0
385800,train_episode,return,-125.92569982323995
385800,train_episode,success,1.0
386000,train_episode,collapse,0.0
386000,train_episode,length,200.0
386000,train_episode,return,-3.433775537477439
386000,train_episode,success,1.0
386200,train_episode,collapse,0.0
386200,train_episode,length,200.0
386200,train_episode,return,-119.84850612687224
386200,train_episode,success,1.0
386400,train_episode,collapse,0.0
386400,train_episode,length,200.0
386400,train_episode,return,-120.20983726342921
386400,train_episode,success,1.0
386600,train_episode,collapse,0.0
386600,train_episode,length,200.0
386600,train_episode,return,-119.30640580354778
386600,train_episode,success,1.0
386800,train_episode,collapse,0.0
386800,train_episode,length,200.0
386800,train_episode,return,-230.48870526400285
386800,train_episode,success,0.0
387000,train_episode,collapse,0.0
387000,train_episode,length,200.0
387000,train_episode,return,-128.40966985240826
387000,train_episode,success,1.0
387200,train_episode,collapse,0.0
387200,train_episode,length,200.0
387200,train_episode,return,-220.80437898246024
387200,train_episode,success,0.0
387400,train_episode,collapse,0.0
387400,train_episode,length,200.0
387400,train_episode,return,-3.830135936242576
387400,train_episode,success,1.0
387600,train_episode,collapse,0.0
387600,train_episode,length,200.0
387600,train_episode,return,-226.76579142922253
387600,train_episode,success,0.0
387800,train_episode,collapse,0.0
387800,train_episode,length,200.0
387800,train_episode,return,-222.07953456558
387800,train_episode,success,0.0
388000,train_episode,collapse,0.0
388000,train_episode,length,200.0
388000,train_episode,return,-125.29443485188634
388000,train_episode,success,1.0
388200,train_episode,collapse,0.0
388200,train_episode,length,200.0
388200,train_episode,return,-119.64114711009869
388200,train_episode,success,1.0
388400,train_episode,collapse,0.0
388400,train_episode,length,200.0
388400,train_episode,return,-119.90615078988768
388400,train_episode,success,1.0
388600,train_episode,collapse,0.0
388600,train_episode,length,200.0
388600,train_episode,return,-123.33134839872498
388600,train_episode,success,1.0
388800,train_episode,collapse,0.0
388800,train_episode,length,200.0
388800,train_episode,return,-220.4241486219808
388800,train_episode,success,0.0
389000,train_episode,collapse,0.0
389000,train_episode,length,200.0
389000,train_episode,return,-127.06439900831097
389000,train_episode,success,1.0
389200,train_episode,collapse,0.0
389200,train_episode,length,200.0
389200,train_episode,return,-217.0917334659123
389200,train_episode,success,0.0
389400,train_episode,collapse,0.0
389400,train_episode,length,200.0
389400,train_episode,return,-119.40948995737504
389400,train_episode,success,1.0
389600,train_episode,collapse,0.0
389600,train_episode,length,200.0
389600,train_episode,return,-243.3271448746031
389600,train_episode,success,0.0
389800,train_episode,collapse,0.0
389800,train_episode,length,200.0
389800,train_episode,return,-232.28377481210862
389800,train_episode,success,0.0
390000,train_episode,collapse,0.0
390000,train_episode,length,200.0
390000,train_episode,return,-127.1111871466772
390000,train_episode,success,1.0
390000,update,actor_grad_norm,0.6189215779304504
390000,update,actor_grad_norm_max,12.671479225158691
390000,update,actor_grad_norm_mean,0.4595199258297682
390000,update,actor_grad_norm_min,0.07799430191516876
390000,update,actor_loss,12.317980766296387
390000,update,actor_loss_max,20.296709060668945
390000,update,actor_loss_mean,10.739044502449035
390000,update,actor_loss_min,3.9838056564331055
390000,update,actor_param_norm,106.50729370117188
390000,update,actor_param_norm_max,106.50729370117188
390000,update,actor_param_norm_mean,106.19892123413086
390000,update,actor_param_norm_min,105.9284896850586
390000,update,actor_update_norm,0.008560029789805412
390000,update,actor_update_norm_max,0.0449538491666317
390000,update,actor_update_norm_mean,0.011959897302649914
390000,update,actor_update_norm_min,0.004628497175872326
390000,update,actor_update_norm_ratio,8.037045448426151e-05
390000,update,actor_update_norm_ratio_max,0.0004229857083968952
390000,update,actor_update_norm_ratio_mean,0.00011261491019923958
390000,update,actor_update_norm_ratio_min,4.366940520773288e-05
390000,update,alpha,0.002376063261181116
390000,update,alpha_loss,0.00043321214616298676
390000,update,alpha_loss_max,0.005443114787340164
390000,update,alpha_loss_mean,0.00020314856125623918
390000,update,alpha_loss_min,-0.0052455272525548935
390000,update,alpha_max,0.008021680638194084
390000,update,alpha_mean,0.003989328823937103
390000,update,alpha_min,0.0017711541149765253
390000,update,num_optimizer_updates,5000.0
390000,update,policy_entropy_estimate,-0.8177445530891418
390000,update,policy_entropy_estimate_max,-0.11714502424001694
390000,update,policy_entropy_estimate_mean,-0.9440605898171663
390000,update,policy_entropy_estimate_min,-1.7808988094329834
390000,update,policy_log_prob_mean,0.8177445530891418
390000,update,policy_log_prob_mean_max,1.7808988094329834
390000,update,policy_log_prob_mean_mean,0.9440605898171663
390000,update,policy_log_prob_mean_min,0.11714502424001694
390000,update,q1_loss,1.1630494594573975
390000,update,q1_loss_max,19.378746032714844
390000,update,q1_loss_mean,0.4186573635302484
390000,update,q1_loss_min,0.016313139349222183
390000,update,q1_mean,-12.371273040771484
390000,update,q1_mean_max,-3.2010116577148438
390000,update,q1_mean_mean,-10.749412058448792
390000,update,q1_mean_min,-20.566665649414062
390000,update,q2_loss,1.9547725915908813
390000,update,q2_loss_max,16.141437530517578
390000,update,q2_loss_mean,0.40680650599636137
390000,update,q2_loss_min,0.02216014824807644
390000,update,q2_mean,-12.47325611114502
390000,update,q2_mean_max,-3.081995725631714
390000,update,q2_mean_mean,-10.749416531705856
390000,update,q2_mean_min,-20.5916805267334
390000,update,q_grad_norm,354.4235534667969
390000,update,q_grad_norm_max,1630.297119140625
390000,update,q_grad_norm_mean,88.53854560184479
390000,update,q_grad_norm_min,6.291193962097168
390000,update,q_loss,3.1178221702575684
390000,update,q_loss_cleanrl_logged,1.5589110851287842
390000,update,q_loss_cleanrl_logged_max,16.171493530273438
390000,update,q_loss_cleanrl_logged_mean,0.41273193508759143
390000,update,q_loss_cleanrl_logged_min,0.03253147751092911
390000,update,q_loss_max,32.342987060546875
390000,update,q_loss_mean,0.8254638701751829
390000,update,q_loss_min,0.06506295502185822
390000,update,q_param_norm,553.0501098632812
390000,update,q_param_norm_max,553.0552062988281
390000,update,q_param_norm_mean,552.2696801086425
390000,update,q_param_norm_min,551.3632507324219
390000,update,q_update_norm,0.03630869835615158
390000,update,q_update_norm_max,0.09500950574874878
390000,update,q_update_norm_mean,0.029542449154891074
390000,update,q_update_norm_min,0.014180289581418037
390000,update,q_update_norm_ratio,9.283334854082409e-05
390000,update,q_update_norm_ratio_max,0.00024299387021801199
390000,update,q_update_norm_ratio_mean,7.563900111568201e-05
390000,update,q_update_norm_ratio_min,3.631227614506556e-05
390000,update,target_q_mean,-12.328400611877441
390000,update,target_q_mean_max,-3.1647210121154785
390000,update,target_q_mean_mean,-10.749646062803269
390000,update,target_q_mean_min,-20.526103973388672
390200,train_episode,collapse,0.0
390200,train_episode,length,200.0
390200,train_episode,return,-120.8707336238682
390200,train_episode,success,1.0
390400,train_episode,collapse,0.0
390400,train_episode,length,200.0
390400,train_episode,return,-2.978299814719464
390400,train_episode,success,1.0
390600,train_episode,collapse,0.0
390600,train_episode,length,200.0
390600,train_episode,return,-222.63434398751392
390600,train_episode,success,0.0
390800,train_episode,collapse,0.0
390800,train_episode,length,200.0
390800,train_episode,return,-223.4681698681324
390800,train_episode,success,0.0
391000,train_episode,collapse,0.0
391000,train_episode,length,200.0
391000,train_episode,return,-223.88368866486522
391000,train_episode,success,0.0
391200,train_episode,collapse,0.0
391200,train_episode,length,200.0
391200,train_episode,return,-125.43575090176975
391200,train_episode,success,1.0
391400,train_episode,collapse,0.0
391400,train_episode,length,200.0
391400,train_episode,return,-115.20001816966102
391400,train_episode,success,1.0
391600,train_episode,collapse,0.0
391600,train_episode,length,200.0
391600,train_episode,return,-116.64540196354187
391600,train_episode,success,1.0
391800,train_episode,collapse,0.0
391800,train_episode,length,200.0
391800,train_episode,return,-123.53613378405407
391800,train_episode,success,1.0
392000,train_episode,collapse,0.0
392000,train_episode,length,200.0
392000,train_episode,return,-118.8188362834086
392000,train_episode,success,1.0
392200,train_episode,collapse,0.0
392200,train_episode,length,200.0
392200,train_episode,return,-2.336429098953427
392200,train_episode,success,1.0
392400,train_episode,collapse,0.0
392400,train_episode,length,200.0
392400,train_episode,return,-118.60865701637744
392400,train_episode,success,1.0
392600,train_episode,collapse,0.0
392600,train_episode,length,200.0
392600,train_episode,return,-127.68113142445026
392600,train_episode,success,1.0
392800,train_episode,collapse,0.0
392800,train_episode,length,200.0
392800,train_episode,return,-118.318271272781
392800,train_episode,success,1.0
393000,train_episode,collapse,0.0
393000,train_episode,length,200.0
393000,train_episode,return,-298.7297199660219
393000,train_episode,success,0.0
393200,train_episode,collapse,0.0
393200,train_episode,length,200.0
393200,train_episode,return,-125.70289386468288
393200,train_episode,success,1.0
393400,train_episode,collapse,0.0
393400,train_episode,length,200.0
393400,train_episode,return,-2.9476612729839307
393400,train_episode,success,1.0
393600,train_episode,collapse,0.0
393600,train_episode,length,200.0
393600,train_episode,return,-129.97761406480996
393600,train_episode,success,1.0
393800,train_episode,collapse,0.0
393800,train_episode,length,200.0
393800,train_episode,return,-119.23842891933943
393800,train_episode,success,1.0
394000,train_episode,collapse,0.0
394000,train_episode,length,200.0
394000,train_episode,return,-1.8754434238890039
394000,train_episode,success,1.0
394200,train_episode,collapse,0.0
394200,train_episode,length,200.0
394200,train_episode,return,-120.09357992763523
394200,train_episode,success,1.0
394400,train_episode,collapse,0.0
394400,train_episode,length,200.0
394400,train_episode,return,-123.89624735237426
394400,train_episode,success,1.0
394600,train_episode,collapse,0.0
394600,train_episode,length,200.0
394600,train_episode,return,-123.33310206334318
394600,train_episode,success,1.0
394800,train_episode,collapse,0.0
394800,train_episode,length,200.0
394800,train_episode,return,-3.172776731792135
394800,train_episode,success,1.0
395000,train_episode,collapse,0.0
395000,train_episode,length,200.0
395000,train_episode,return,-116.03276703445059
395000,train_episode,success,1.0
395000,update,actor_grad_norm,0.37980881333351135
395000,update,actor_grad_norm_max,26.158117294311523
395000,update,actor_grad_norm_mean,0.5100207560688257
395000,update,actor_grad_norm_min,0.07002279907464981
395000,update,actor_loss,10.487360000610352
395000,update,actor_loss_max,18.16924476623535
395000,update,actor_loss_mean,10.630788422966003
395000,update,actor_loss_min,3.7313690185546875
395000,update,actor_param_norm,107.06269836425781
395000,update,actor_param_norm_max,107.06269836425781
395000,update,actor_param_norm_mean,106.7763718170166
395000,update,actor_param_norm_min,106.50729370117188
395000,update,actor_update_norm,0.010506371967494488
395000,update,actor_update_norm_max,0.04634901508688927
395000,update,actor_update_norm_mean,0.012015795886702835
395000,update,actor_update_norm_min,0.004089293070137501
395000,update,actor_update_norm_ratio,9.813311345869863e-05
395000,update,actor_update_norm_ratio_max,0.0004331640721731252
395000,update,actor_update_norm_ratio_mean,0.00011253013747416753
395000,update,actor_update_norm_ratio_min,3.838568413349817e-05
395000,update,alpha,0.0032948206644505262
395000,update,alpha_loss,-0.00029546525911428034
395000,update,alpha_loss_max,0.0034785522148013115
395000,update,alpha_loss_mean,1.091670892383263e-05
395000,update,alpha_loss_min,-0.003905336372554302
395000,update,alpha_max,0.004846616648137569
395000,update,alpha_mean,0.002538995372550562
395000,update,alpha_min,0.0015565374633297324
395000,update,num_optimizer_updates,5000.0
395000,update,policy_entropy_estimate,-1.0896763801574707
395000,update,policy_entropy_estimate_max,-0.19152995944023132
395000,update,policy_entropy_estimate_mean,-0.9913586301147937
395000,update,policy_entropy_estimate_min,-2.5829083919525146
395000,update,policy_log_prob_mean,1.0896763801574707
395000,update,policy_log_prob_mean_max,2.5829083919525146
395000,update,policy_log_prob_mean_mean,0.9913586301147937
395000,update,policy_log_prob_mean_min,0.19152995944023132
395000,update,q1_loss,0.15829837322235107
395000,update,q1_loss_max,34.14931869506836
395000,update,q1_loss_mean,0.5091798059727997
395000,update,q1_loss_min,0.01657753996551037
395000,update,q1_mean,-10.531835556030273
395000,update,q1_mean_max,-3.4584248065948486
395000,update,q1_mean_mean,-10.674803767824173
395000,update,q1_mean_min,-19.35218620300293
395000,update,q2_loss,0.10479013621807098
395000,update,q2_loss_max,30.220108032226562
395000,update,q2_loss_mean,0.5218034559771418
395000,update,q2_loss_min,0.018776144832372665
395000,update,q2_mean,-10.432290077209473
395000,update,q2_mean_max,-3.6114654541015625
395000,update,q2_mean_mean,-10.674715043449401
395000,update,q2_mean_min,-19.40828514099121
395000,update,q_grad_norm,20.7014217376709
395000,update,q_grad_norm_max,2503.12255859375
395000,update,q_grad_norm_mean,97.53958032846451
395000,update,q_grad_norm_min,6.123534202575684
395000,update,q_loss,0.26308852434158325
395000,update,q_loss_cleanrl_logged,0.13154426217079163
395000,update,q_loss_cleanrl_logged_max,32.184715270996094
395000,update,q_loss_cleanrl_logged_mean,0.5154916313134134
395000,update,q_loss_cleanrl_logged_min,0.026206815615296364
395000,update,q_loss_max,64.36943054199219
395000,update,q_loss_mean,1.0309832626268267
395000,update,q_loss_min,0.05241363123059273
395000,update,q_param_norm,554.6487426757812
395000,update,q_param_norm_max,554.6487426757812
395000,update,q_param_norm_mean,553.8533321166992
395000,update,q_param_norm_min,552.9936218261719
395000,update,q_update_norm,0.021814949810504913
395000,update,q_update_norm_max,0.13683751225471497
395000,update,q_update_norm_mean,0.030352203403785825
395000,update,q_update_norm_min,0.013112279586493969
395000,update,q_update_norm_ratio,5.56156404060836e-05
395000,update,q_update_norm_ratio_max,0.0003489679204466602
395000,update,q_update_norm_ratio_mean,7.749375951529896e-05
395000,update,q_update_norm_ratio_min,3.346885987726479e-05
395000,update,target_q_mean,-10.501824378967285
395000,update,target_q_mean_max,-3.663599967956543
395000,update,target_q_mean_mean,-10.675016549730302
395000,update,target_q_mean_min,-19.43221664428711
395200,train_episode,collapse,0.0
395200,train_episode,length,200.0
395200,train_episode,return,-123.52830037603933
395200,train_episode,success,1.0
395400,train_episode,collapse,0.0
395400,train_episode,length,200.0
395400,train_episode,return,-2.1198145645952424
395400,train_episode,success,1.0
395600,train_episode,collapse,0.0
395600,train_episode,length,200.0
395600,train_episode,return,-128.84514251250928
395600,train_episode,success,1.0
395800,train_episode,collapse,0.0
395800,train_episode,length,200.0
395800,train_episode,return,-118.45537991484092
395800,train_episode,success,1.0
396000,train_episode,collapse,0.0
396000,train_episode,length,200.0
396000,train_episode,return,-129.83818427724015
396000,train_episode,success,1.0
396200,train_episode,collapse,0.0
396200,train_episode,length,200.0
396200,train_episode,return,-128.6026743408563
396200,train_episode,success,1.0
396400,train_episode,collapse,0.0
396400,train_episode,length,200.0
396400,train_episode,return,-118.40972230472782
396400,train_episode,success,1.0
396600,train_episode,collapse,0.0
396600,train_episode,length,200.0
396600,train_episode,return,-2.035449218790948
396600,train_episode,success,1.0
396800,train_episode,collapse,0.0
396800,train_episode,length,200.0
396800,train_episode,return,-3.2877021515345235
396800,train_episode,success,1.0
397000,train_episode,collapse,0.0
397000,train_episode,length,200.0
397000,train_episode,return,-233.45634554483485
397000,train_episode,success,0.0
397200,train_episode,collapse,0.0
397200,train_episode,length,200.0
397200,train_episode,return,-223.02544339592475
397200,train_episode,success,0.0
397400,train_episode,collapse,0.0
397400,train_episode,length,200.0
397400,train_episode,return,-126.17196113421754
397400,train_episode,success,1.0
397600,train_episode,collapse,0.0
397600,train_episode,length,200.0
397600,train_episode,return,-120.62464413273104
397600,train_episode,success,1.0
397800,train_episode,collapse,0.0
397800,train_episode,length,200.0
397800,train_episode,return,-126.61858125388743
397800,train_episode,success,1.0
398000,train_episode,collapse,0.0
398000,train_episode,length,200.0
398000,train_episode,return,-219.71267990771204
398000,train_episode,success,0.0
398200,train_episode,collapse,0.0
398200,train_episode,length,200.0
398200,train_episode,return,-117.888334295725
398200,train_episode,success,1.0
398400,train_episode,collapse,0.0
398400,train_episode,length,200.0
398400,train_episode,return,-115.17304047049194
398400,train_episode,success,1.0
398600,train_episode,collapse,0.0
398600,train_episode,length,200.0
398600,train_episode,return,-223.00482781785934
398600,train_episode,success,0.0
398800,train_episode,collapse,0.0
398800,train_episode,length,200.0
398800,train_episode,return,-223.5786792919881
398800,train_episode,success,0.0
399000,train_episode,collapse,0.0
399000,train_episode,length,200.0
399000,train_episode,return,-238.44227141634923
399000,train_episode,success,0.0
399200,train_episode,collapse,0.0
399200,train_episode,length,200.0
399200,train_episode,return,-118.69399217507036
399200,train_episode,success,1.0
399400,train_episode,collapse,0.0
399400,train_episode,length,200.0
399400,train_episode,return,-218.96761110684136
399400,train_episode,success,0.0
399600,train_episode,collapse,0.0
399600,train_episode,length,200.0
399600,train_episode,return,-122.88254382848966
399600,train_episode,success,1.0
399800,train_episode,collapse,0.0
399800,train_episode,length,200.0
399800,train_episode,return,-114.36837716042797
399800,train_episode,success,1.0
400000,train_episode,collapse,0.0
400000,train_episode,length,200.0
400000,train_episode,return,-220.68236736515294
400000,train_episode,success,0.0
400000,update,actor_grad_norm,0.5113108158111572
400000,update,actor_grad_norm_max,11.998100280761719
400000,update,actor_grad_norm_mean,0.5322899672329425
400000,update,actor_grad_norm_min,0.06580577790737152
400000,update,actor_loss,9.237603187561035
400000,update,actor_loss_max,18.668399810791016
400000,update,actor_loss_mean,10.442562715530396
400000,update,actor_loss_min,3.4994590282440186
400000,update,actor_param_norm,107.6064224243164
400000,update,actor_param_norm_max,107.6064224243164
400000,update,actor_param_norm_mean,107.34126600494385
400000,update,actor_param_norm_min,107.06233978271484
400000,update,actor_update_norm,0.014728096313774586
400000,update,actor_update_norm_max,0.036726079881191254
400000,update,actor_update_norm_mean,0.01226531200967729
400000,update,actor_update_norm_min,0.004159876611083746
400000,update,actor_update_norm_ratio,0.00013687034986697275
400000,update,actor_update_norm_ratio_max,0.00034247199968607546
400000,update,actor_update_norm_ratio_mean,0.0001142678073199167
400000,update,actor_update_norm_ratio_min,3.877290160081726e-05
400000,update,alpha,0.003195806173607707
400000,update,alpha_loss,-0.0009501106687821448
400000,update,alpha_loss_max,0.00895623117685318
400000,update,alpha_loss_mean,8.655731348408154e-05
400000,update,alpha_loss_min,-0.008621208369731903
400000,update,alpha_max,0.008551886305212975
400000,update,alpha_mean,0.004573123754002154
400000,update,alpha_min,0.003059614449739456
400000,update,num_optimizer_updates,5000.0
400000,update,policy_entropy_estimate,-1.2974926233291626
400000,update,policy_entropy_estimate_max,0.11075907945632935
400000,update,policy_entropy_estimate_mean,-0.9851976362884045
400000,update,policy_entropy_estimate_min,-2.682117223739624
400000,update,policy_log_prob_mean,1.2974926233291626
400000,update,policy_log_prob_mean_max,2.682117223739624
400000,update,policy_log_prob_mean_mean,0.9851976362884045
400000,update,policy_log_prob_mean_min,-0.11075907945632935
400000,update,q1_loss,0.3898294270038605
400000,update,q1_loss_max,13.292737007141113
400000,update,q1_loss_mean,0.4467571727242321
400000,update,q1_loss_min,0.02260393090546131
400000,update,q1_mean,-9.526936531066895
400000,update,q1_mean_max,-3.4044623374938965
400000,update,q1_mean_mean,-10.458570106172562
400000,update,q1_mean_min,-19.646320343017578
400000,update,q2_loss,0.21845881640911102
400000,update,q2_loss_max,17.6977481842041
400000,update,q2_loss_mean,0.42054902810938655
400000,update,q2_loss_min,0.015651922672986984
400000,update,q2_mean,-9.595553398132324
400000,update,q2_mean_max,-3.375591278076172
400000,update,q2_mean_mean,-10.458535052251817
400000,update,q2_mean_min,-19.829172134399414
400000,update,q_grad_norm,52.39506530761719
400000,update,q_grad_norm_max,1787.9140625
400000,update,q_grad_norm_mean,94.35152302789687
400000,update,q_grad_norm_min,6.277478218078613
400000,update,q_loss,0.6082882285118103
400000,update,q_loss_cleanrl_logged,0.30414411425590515
400000,update,q_loss_cleanrl_logged_max,12.565242767333984
400000,update,q_loss_cleanrl_logged_mean,0.4336531004168093
400000,update,q_loss_cleanrl_logged_min,0.02747516706585884
400000,update,q_loss_max,25.13048553466797
400000,update,q_loss_mean,0.8673062008336186
400000,update,q_loss_min,0.05495033413171768
400000,update,q_param_norm,556.9460144042969
400000,update,q_param_norm_max,556.9534606933594
400000,update,q_param_norm_mean,555.7251889160157
400000,update,q_param_norm_min,554.6495361328125
400000,update,q_update_norm,0.03141302615404129
400000,update,q_update_norm_max,0.07496035099029541
400000,update,q_update_norm_mean,0.02983151031229645
400000,update,q_update_norm_min,0.013485193252563477
400000,update,q_update_norm_ratio,7.975392514343576e-05
400000,update,q_update_norm_ratio_max,0.00019057463017842149
400000,update,q_update_norm_ratio_mean,7.590331092221703e-05
400000,update,q_update_norm_ratio_min,3.432477553644355e-05
400000,update,target_q_mean,-9.598174095153809
400000,update,target_q_mean_max,-3.3763339519500732
400000,update,target_q_mean_mean,-10.458752827596664
400000,update,target_q_mean_min,-19.78812026977539
400000,replay,action_abs_max,2.0
400000,replay,action_abs_mean,0.5897893905639648
400000,replay,action_saturation_fraction,0.0730925
400000,replay,capacity,500000.0
400000,replay,done_fraction,0.0
400000,replay,fill_fraction,0.8
400000,replay,near_upright_any_transition_fraction,0.8447575
400000,replay,near_upright_next_obs_fraction,0.8446525
400000,replay,near_upright_obs_fraction,0.8402
400000,replay,reward_max,-4.2872531480497855e-07
400000,replay,reward_mean,-0.8044070601463318
400000,replay,reward_min,-16.269039154052734
400000,replay,reward_std,2.4278037548065186
400000,replay,sample_count_max,1252.0
400000,replay,sample_count_mean,252.8
400000,replay,size,400000.0
400000,replay,transition_age_max,399999.0
400000,replay,transition_age_mean,199999.5
400000,diagnostics,actor_layer0_activation_abs_max,3.9598121643066406
400000,diagnostics,actor_layer0_activation_abs_mean,0.07053136080503464
400000,diagnostics,actor_layer0_dormant_fraction,0.125
400000,diagnostics,actor_layer0_effective_rank_fraction,0.05471986159682274
400000,diagnostics,actor_layer1_activation_abs_max,16.88681411743164
400000,diagnostics,actor_layer1_activation_abs_mean,0.030840398743748665
400000,diagnostics,actor_layer1_dormant_fraction,0.6640625
400000,diagnostics,actor_layer1_effective_rank_fraction,0.09009908139705658
400000,diagnostics,actor_param_norm,107.6064224243164
400000,diagnostics,alpha,0.003195806173607707
400000,diagnostics,q1_layer0_activation_abs_max,7.351648330688477
400000,diagnostics,q1_layer0_activation_abs_mean,0.2539392411708832
400000,diagnostics,q1_layer0_dormant_fraction,0.27734375
400000,diagnostics,q1_layer0_effective_rank_fraction,0.053107406944036484
400000,diagnostics,q1_layer1_activation_abs_max,45.8536491394043
400000,diagnostics,q1_layer1_activation_abs_mean,1.9269466400146484
400000,diagnostics,q1_layer1_dormant_fraction,0.74609375
400000,diagnostics,q1_layer1_effective_rank_fraction,0.05315273255109787
400000,diagnostics,q1_param_norm,283.099853515625
400000,diagnostics,q2_layer0_activation_abs_max,6.0493316650390625
400000,diagnostics,q2_layer0_activation_abs_mean,0.26716166734695435
400000,diagnostics,q2_layer0_dormant_fraction,0.3046875
400000,diagnostics,q2_layer0_effective_rank_fraction,0.051333874464035034
400000,diagnostics,q2_layer1_activation_abs_max,46.08997344970703
400000,diagnostics,q2_layer1_activation_abs_mean,1.6347945928573608
400000,diagnostics,q2_layer1_dormant_fraction,0.8125
400000,diagnostics,q2_layer1_effective_rank_fraction,0.04889998584985733
400000,diagnostics,q2_param_norm,273.8461608886719
400000,eval,best_return,-1.0566183069580386
400000,eval,collapse_rate,0.0
400000,eval,failure_rate,0.44999999999999996
400000,eval,fraction_return_ge_-100,0.15
400000,eval,fraction_return_ge_-150,0.55
400000,eval,fraction_return_ge_-200,0.55
400000,eval,fraction_return_ge_-250,0.85
400000,eval,max_not_near_upright_streak,69.0
400000,eval,mean_episode_length,200.0
400000,eval,mean_min_step_reward,-11.696052745605146
400000,eval,mean_return,-158.47045316889802
400000,eval,median_return,-127.27515985141201
400000,eval,near_upright_fraction,0.8435
400000,eval,num_collapses,0.0
400000,eval,num_eval_episodes,20.0
400000,eval,num_strict_successes,11.0
400000,eval,num_successes,11.0
400000,eval,return_failure_rate,0.44999999999999996
400000,eval,return_p05,-257.6482619921784
400000,eval,return_p10,-252.707691748625
400000,eval,return_p25,-240.937229990567
400000,eval,return_p75,-119.37226379241142
400000,eval,return_p90,-1.193133783725176
400000,eval,return_p95,-1.057556508831557
400000,eval,return_reliability_nines_empirical,0.3467874862246564
400000,eval,return_reliability_nines_wilson95_low,0.18183043793474354
400000,eval,return_success_rate,0.55
400000,eval,stability_success_rate,0.75
400000,eval,std_return,87.05802420242617
400000,eval,streak_success_rate,0.95
400000,eval,strict_failure_rate,0.44999999999999996
400000,eval,strict_reliability_nines_empirical,0.3467874862246564
400000,eval,strict_reliability_nines_wilson95_low,0.18183043793474354
400000,eval,strict_success_rate,0.55
400000,eval,strict_success_rate_wilson95_high,0.7418021417443758
400000,eval,strict_success_rate_wilson95_low,0.3420853424503424
400000,eval,success_rate,0.55
400000,eval,success_rate_wilson95_high,0.7418021417443758
400000,eval,success_rate_wilson95_low,0.3420853424503424
400000,eval,worst_episode_near_upright_fraction,0.655
400000,eval,worst_min_step_reward,-16.220868136804153
400000,eval,worst_return,-276.95259418796655
400200,train_episode,collapse,0.0
400200,train_episode,length,200.0
400200,train_episode,return,-125.69684971116912
400200,train_episode,success,1.0
400400,train_episode,collapse,0.0
400400,train_episode,length,200.0
400400,train_episode,return,-1.4464494547275772
400400,train_episode,success,1.0
400600,train_episode,collapse,0.0
400600,train_episode,length,200.0
400600,train_episode,return,-119.06130017309391
400600,train_episode,success,1.0
400800,train_episode,collapse,0.0
400800,train_episode,length,200.0
400800,train_episode,return,-113.98451091226487
400800,train_episode,success,1.0
401000,train_episode,collapse,0.0
401000,train_episode,length,200.0
401000,train_episode,return,-129.03543537118225
401000,train_episode,success,1.0
401200,train_episode,collapse,0.0
401200,train_episode,length,200.0
401200,train_episode,return,-232.12008125138846
401200,train_episode,success,0.0
401400,train_episode,collapse,0.0
401400,train_episode,length,200.0
401400,train_episode,return,-121.62407419151836
401400,train_episode,success,1.0
401600,train_episode,collapse,0.0
401600,train_episode,length,200.0
401600,train_episode,return,-219.77599598896106
401600,train_episode,success,0.0
401800,train_episode,collapse,0.0
401800,train_episode,length,200.0
401800,train_episode,return,-122.60473700250769
401800,train_episode,success,1.0
402000,train_episode,collapse,0.0
402000,train_episode,length,200.0
402000,train_episode,return,-125.84009091002491
402000,train_episode,success,1.0
402200,train_episode,collapse,0.0
402200,train_episode,length,200.0
402200,train_episode,return,-123.19490423038881
402200,train_episode,success,1.0
402400,train_episode,collapse,0.0
402400,train_episode,length,200.0
402400,train_episode,return,-124.55448423042971
402400,train_episode,success,1.0
402600,train_episode,collapse,0.0
402600,train_episode,length,200.0
402600,train_episode,return,-116.55900783875326
402600,train_episode,success,1.0
402800,train_episode,collapse,0.0
402800,train_episode,length,200.0
402800,train_episode,return,-229.8392065017819
402800,train_episode,success,0.0
403000,train_episode,collapse,0.0
403000,train_episode,length,200.0
403000,train_episode,return,-3.8003652410852293
403000,train_episode,success,1.0
403200,train_episode,collapse,0.0
403200,train_episode,length,200.0
403200,train_episode,return,-232.28978003183096
403200,train_episode,success,0.0
403400,train_episode,collapse,0.0
403400,train_episode,length,200.0
403400,train_episode,return,-121.66120811879374
403400,train_episode,success,1.0
403600,train_episode,collapse,0.0
403600,train_episode,length,200.0
403600,train_episode,return,-127.91674552182843
403600,train_episode,success,1.0
403800,train_episode,collapse,0.0
403800,train_episode,length,200.0
403800,train_episode,return,-123.63766790375561
403800,train_episode,success,1.0
404000,train_episode,collapse,0.0
404000,train_episode,length,200.0
404000,train_episode,return,-119.12865887604633
404000,train_episode,success,1.0
404200,train_episode,collapse,0.0
404200,train_episode,length,200.0
404200,train_episode,return,-220.84379886019437
404200,train_episode,success,0.0
404400,train_episode,collapse,0.0
404400,train_episode,length,200.0
404400,train_episode,return,-225.977928551579
404400,train_episode,success,0.0
404600,train_episode,collapse,0.0
404600,train_episode,length,200.0
404600,train_episode,return,-124.63431991805078
404600,train_episode,success,1.0
404800,train_episode,collapse,0.0
404800,train_episode,length,200.0
404800,train_episode,return,-118.28261548650792
404800,train_episode,success,1.0
405000,train_episode,collapse,0.0
405000,train_episode,length,200.0
405000,train_episode,return,-4.535625817753708
405000,train_episode,success,1.0
405000,update,actor_grad_norm,0.8177522420883179
405000,update,actor_grad_norm_max,67.66868591308594
405000,update,actor_grad_norm_mean,0.7441899426579476
405000,update,actor_grad_norm_min,0.08722247928380966
405000,update,actor_loss,9.42949104309082
405000,update,actor_loss_max,19.024980545043945
405000,update,actor_loss_mean,10.46616328125
405000,update,actor_loss_min,3.647696018218994
405000,update,actor_param_norm,108.00997924804688
405000,update,actor_param_norm_max,108.01378631591797
405000,update,actor_param_norm_mean,107.8272160812378
405000,update,actor_param_norm_min,107.6064224243164
405000,update,actor_update_norm,0.0205039381980896
405000,update,actor_update_norm_max,0.05624180659651756
405000,update,actor_update_norm_mean,0.012163233535550535
405000,update,actor_update_norm_min,0.0047890422865748405
405000,update,actor_update_norm_ratio,0.00018983391320845957
405000,update,actor_update_norm_ratio_max,0.0005223131420640206
405000,update,actor_update_norm_ratio_mean,0.00011281349793691145
405000,update,actor_update_norm_ratio_min,4.436908696083827e-05
405000,update,alpha,0.006987765431404114
405000,update,alpha_loss,-0.0008033163612708449
405000,update,alpha_loss_max,0.0043778554536402225
405000,update,alpha_loss_mean,-0.0002054829168766446
405000,update,alpha_loss_min,-0.0055844103917479515
405000,update,alpha_max,0.008089408278465271
405000,update,alpha_mean,0.005594618360465393
405000,update,alpha_min,0.0028516403399407864
405000,update,num_optimizer_updates,5000.0
405000,update,policy_entropy_estimate,-1.1150273084640503
405000,update,policy_entropy_estimate_max,-0.3459215760231018
405000,update,policy_entropy_estimate_mean,-1.0462261557102204
405000,update,policy_entropy_estimate_min,-2.829176664352417
405000,update,policy_log_prob_mean,1.1150273084640503
405000,update,policy_log_prob_mean_max,2.829176664352417
405000,update,policy_log_prob_mean_mean,1.0462261557102204
405000,update,policy_log_prob_mean_min,0.3459215760231018
405000,update,q1_loss,0.2557879686355591
405000,update,q1_loss_max,42.0124626159668
405000,update,q1_loss_mean,0.5723956744246185
405000,update,q1_loss_min,0.02116275392472744
405000,update,q1_mean,-9.46021842956543
405000,update,q1_mean_max,-3.4058287143707275
405000,update,q1_mean_mean,-10.504573706293106
405000,update,q1_mean_min,-19.516204833984375
405000,update,q2_loss,0.583544135093689
405000,update,q2_loss_max,39.821746826171875
405000,update,q2_loss_mean,0.5583594403360039
405000,update,q2_loss_min,0.018021024763584137
405000,update,q2_mean,-9.442039489746094
405000,update,q2_mean_max,-3.5764198303222656
405000,update,q2_mean_mean,-10.50456419377327
405000,update,q2_mean_min,-19.56047821044922
405000,update,q_grad_norm,22.974403381347656
405000,update,q_grad_norm_max,1810.337646484375
405000,update,q_grad_norm_mean,98.50569459400177
405000,update,q_grad_norm_min,7.604287147521973
405000,update,q_loss,0.839332103729248
405000,update,q_loss_cleanrl_logged,0.419666051864624
405000,update,q_loss_cleanrl_logged_max,38.601097106933594
405000,update,q_loss_cleanrl_logged_mean,0.5653775579348207
405000,update,q_loss_cleanrl_logged_min,0.024966560304164886
405000,update,q_loss_max,77.20219421386719
405000,update,q_loss_mean,1.1307551158696414
405000,update,q_loss_min,0.04993312060832977
405000,update,q_param_norm,558.7237548828125
405000,update,q_param_norm_max,558.7237548828125
405000,update,q_param_norm_mean,557.8399482055664
405000,update,q_param_norm_min,556.9406127929688
405000,update,q_update_norm,0.026332521811127663
405000,update,q_update_norm_max,0.10577069222927094
405000,update,q_update_norm_mean,0.03036377953942865
405000,update,q_update_norm_min,0.011854445561766624
405000,update,q_update_norm_ratio,6.664219449912403e-05
405000,update,q_update_norm_ratio_max,0.00026801607085930154
405000,update,q_update_norm_ratio_mean,7.696869246227021e-05
405000,update,q_update_norm_ratio_min,3.0066200590630216e-05
405000,update,target_q_mean,-9.523144721984863
405000,update,target_q_mean_max,-3.4759156703948975
405000,update,target_q_mean_mean,-10.504857392978668
405000,update,target_q_mean_min,-19.656879425048828
405200,train_episode,collapse,0.0
405200,train_episode,length,200.0
405200,train_episode,return,-130.24364095990182
405200,train_episode,success,1.0
405400,train_episode,collapse,0.0
405400,train_episode,length,200.0
405400,train_episode,return,-230.13088592002805
405400,train_episode,success,0.0
405600,train_episode,collapse,0.0
405600,train_episode,length,200.0
405600,train_episode,return,-125.88902558637952
405600,train_episode,success,1.0
405800,train_episode,collapse,0.0
405800,train_episode,length,200.0
405800,train_episode,return,-0.7403379479424558
405800,train_episode,success,1.0
406000,train_episode,collapse,0.0
406000,train_episode,length,200.0
406000,train_episode,return,-115.81317996822256
406000,train_episode,success,1.0
406200,train_episode,collapse,0.0
406200,train_episode,length,200.0
406200,train_episode,return,-3.9163954454816654
406200,train_episode,success,1.0
406400,train_episode,collapse,0.0
406400,train_episode,length,200.0
406400,train_episode,return,-234.91787943916594
406400,train_episode,success,0.0
406600,train_episode,collapse,0.0
406600,train_episode,length,200.0
406600,train_episode,return,-123.68900875074158
406600,train_episode,success,1.0
406800,train_episode,collapse,0.0
406800,train_episode,length,200.0
406800,train_episode,return,-222.0657660727102
406800,train_episode,success,0.0
407000,train_episode,collapse,0.0
407000,train_episode,length,200.0
407000,train_episode,return,-3.9000470938791274
407000,train_episode,success,1.0
407200,train_episode,collapse,0.0
407200,train_episode,length,200.0
407200,train_episode,return,-220.75332472451169
407200,train_episode,success,0.0
407400,train_episode,collapse,0.0
407400,train_episode,length,200.0
407400,train_episode,return,-123.59039179098598
407400,train_episode,success,1.0
407600,train_episode,collapse,0.0
407600,train_episode,length,200.0
407600,train_episode,return,-120.90481543890327
407600,train_episode,success,1.0
407800,train_episode,collapse,0.0
407800,train_episode,length,200.0
407800,train_episode,return,-243.51416747473073
407800,train_episode,success,0.0
408000,train_episode,collapse,0.0
408000,train_episode,length,200.0
408000,train_episode,return,-120.26594358902976
408000,train_episode,success,1.0
408200,train_episode,collapse,0.0
408200,train_episode,length,200.0
408200,train_episode,return,-119.02358234288926
408200,train_episode,success,1.0
408400,train_episode,collapse,0.0
408400,train_episode,length,200.0
408400,train_episode,return,-115.20015803059694
408400,train_episode,success,1.0
408600,train_episode,collapse,0.0
408600,train_episode,length,200.0
408600,train_episode,return,-125.54373800027719
408600,train_episode,success,1.0
408800,train_episode,collapse,0.0
408800,train_episode,length,200.0
408800,train_episode,return,-122.38213250204394
408800,train_episode,success,1.0
409000,train_episode,collapse,0.0
409000,train_episode,length,200.0
409000,train_episode,return,-119.47246425363518
409000,train_episode,success,1.0
409200,train_episode,collapse,0.0
409200,train_episode,length,200.0
409200,train_episode,return,-120.97954625759077
409200,train_episode,success,1.0
409400,train_episode,collapse,0.0
409400,train_episode,length,200.0
409400,train_episode,return,-225.28593065053997
409400,train_episode,success,0.0
409600,train_episode,collapse,0.0
409600,train_episode,length,200.0
409600,train_episode,return,-1.0575133877792398
409600,train_episode,success,1.0
409800,train_episode,collapse,0.0
409800,train_episode,length,200.0
409800,train_episode,return,-117.7902682556655
409800,train_episode,success,1.0
410000,train_episode,collapse,0.0
410000,train_episode,length,200.0
410000,train_episode,return,-1.3464941369949193
410000,train_episode,success,1.0
410000,update,actor_grad_norm,2.4527511596679688
410000,update,actor_grad_norm_max,16.7889404296875
410000,update,actor_grad_norm_mean,0.4980391810029745
410000,update,actor_grad_norm_min,0.0703236386179924
410000,update,actor_loss,11.171427726745605
410000,update,actor_loss_max,19.38106918334961
410000,update,actor_loss_mean,10.539226432418824
410000,update,actor_loss_min,4.184175491333008
410000,update,actor_param_norm,108.46845245361328
410000,update,actor_param_norm_max,108.46845245361328
410000,update,actor_param_norm_mean,108.23979336090088
410000,update,actor_param_norm_min,108.00987243652344
410000,update,actor_update_norm,0.026392977684736252
410000,update,actor_update_norm_max,0.04414104297757149
410000,update,actor_update_norm_mean,0.01143061715438962
410000,update,actor_update_norm_min,0.004648472182452679
410000,update,actor_update_norm_ratio,0.00024332420500808354
410000,update,actor_update_norm_ratio_max,0.0004074977857911602
410000,update,actor_update_norm_ratio_mean,0.00010560477190649879
410000,update,actor_update_norm_ratio_min,4.2860746797527924e-05
410000,update,alpha,0.002331540919840336
410000,update,alpha_loss,0.00019825526396743953
410000,update,alpha_loss_max,0.004633509088307619
410000,update,alpha_loss_mean,0.00037744086737548057
410000,update,alpha_loss_min,-0.00807995442301035
410000,update,alpha_max,0.00907188467681408
410000,update,alpha_mean,0.00345399780170992
410000,update,alpha_min,0.0020928168669342995
410000,update,num_optimizer_updates,5000.0
410000,update,policy_entropy_estimate,-0.9150123000144958
410000,update,policy_entropy_estimate_max,-0.3496420383453369
410000,update,policy_entropy_estimate_mean,-0.9082551696658134
410000,update,policy_entropy_estimate_min,-1.9453701972961426
410000,update,policy_log_prob_mean,0.9150123000144958
410000,update,policy_log_prob_mean_max,1.9453701972961426
410000,update,policy_log_prob_mean_mean,0.9082551696658134
410000,update,policy_log_prob_mean_min,0.3496420383453369
410000,update,q1_loss,7.60913610458374
410000,update,q1_loss_max,23.60305404663086
410000,update,q1_loss_mean,0.4478154908902943
410000,update,q1_loss_min,0.01677948422729969
410000,update,q1_mean,-10.573535919189453
410000,update,q1_mean_max,-2.8317501544952393
410000,update,q1_mean_mean,-10.496027474212646
410000,update,q1_mean_min,-19.255033493041992
410000,update,q2_loss,11.540238380432129
410000,update,q2_loss_max,15.932443618774414
410000,update,q2_loss_mean,0.43493825967144223
410000,update,q2_loss_min,0.013732093386352062
410000,update,q2_mean,-10.625606536865234
410000,update,q2_mean_max,-2.8386030197143555
410000,update,q2_mean_mean,-10.495996780395508
410000,update,q2_mean_min,-19.358013153076172
410000,update,q_grad_norm,863.2186279296875
410000,update,q_grad_norm_max,1851.9034423828125
410000,update,q_grad_norm_mean,87.76741237773895
410000,update,q_grad_norm_min,7.5575852394104
410000,update,q_loss,19.14937400817871
410000,update,q_loss_cleanrl_logged,9.574687004089355
410000,update,q_loss_cleanrl_logged_max,19.257080078125
410000,update,q_loss_cleanrl_logged_mean,0.44137687537297604
410000,update,q_loss_cleanrl_logged_min,0.023689288645982742
410000,update,q_loss_max,38.51416015625
410000,update,q_loss_mean,0.8827537507459521
410000,update,q_loss_min,0.047378577291965485
410000,update,q_param_norm,560.9146423339844
410000,update,q_param_norm_max,560.9249267578125
410000,update,q_param_norm_mean,559.7805616333007
410000,update,q_param_norm_min,558.7245483398438
410000,update,q_update_norm,0.056490059942007065
410000,update,q_update_norm_max,0.10616861283779144
410000,update,q_update_norm_mean,0.029853504393808544
410000,update,q_update_norm_min,0.015080437995493412
410000,update,q_update_norm_ratio,0.00014240337393746057
410000,update,q_update_norm_ratio_max,0.0002679138058329746
410000,update,q_update_norm_ratio_mean,7.540801083899801e-05
410000,update,q_update_norm_ratio_min,3.8111872303804874e-05
410000,update,target_q_mean,-10.7622709274292
410000,update,target_q_mean_max,-2.86509370803833
410000,update,target_q_mean_mean,-10.496245939207077
410000,update,target_q_mean_min,-19.352447509765625
410200,train_episode,collapse,0.0
410200,train_episode,length,200.0
410200,train_episode,return,-116.61471733857277
410200,train_episode,success,1.0
410400,train_episode,collapse,0.0
410400,train_episode,length,200.0
410400,train_episode,return,-220.00057142613986
410400,train_episode,success,0.0
410600,train_episode,collapse,0.0
410600,train_episode,length,200.0
410600,train_episode,return,-113.74796070466172
410600,train_episode,success,1.0
410800,train_episode,collapse,0.0
410800,train_episode,length,200.0
410800,train_episode,return,-118.80619080928061
410800,train_episode,success,1.0
411000,train_episode,collapse,0.0
411000,train_episode,length,200.0
411000,train_episode,return,-0.5314769685965487
411000,train_episode,success,1.0
411200,train_episode,collapse,0.0
411200,train_episode,length,200.0
411200,train_episode,return,-2.223397224848271
411200,train_episode,success,1.0
411400,train_episode,collapse,0.0
411400,train_episode,length,200.0
411400,train_episode,return,-3.0126027549487673
411400,train_episode,success,1.0
411600,train_episode,collapse,0.0
411600,train_episode,length,200.0
411600,train_episode,return,-224.7755148639965
411600,train_episode,success,0.0
411800,train_episode,collapse,0.0
411800,train_episode,length,200.0
411800,train_episode,return,-227.74765330665443
411800,train_episode,success,0.0
412000,train_episode,collapse,0.0
412000,train_episode,length,200.0
412000,train_episode,return,-4.054769588327672
412000,train_episode,success,1.0
412200,train_episode,collapse,0.0
412200,train_episode,length,200.0
412200,train_episode,return,-124.63585602935684
412200,train_episode,success,1.0
412400,train_episode,collapse,0.0
412400,train_episode,length,200.0
412400,train_episode,return,-123.08074035372157
412400,train_episode,success,1.0
412600,train_episode,collapse,0.0
412600,train_episode,length,200.0
412600,train_episode,return,-4.372226099485745
412600,train_episode,success,1.0
412800,train_episode,collapse,0.0
412800,train_episode,length,200.0
412800,train_episode,return,-114.7856629032028
412800,train_episode,success,1.0
413000,train_episode,collapse,0.0
413000,train_episode,length,200.0
413000,train_episode,return,-127.11361160605507
413000,train_episode,success,1.0
413200,train_episode,collapse,0.0
413200,train_episode,length,200.0
413200,train_episode,return,-1.7123303094351774
413200,train_episode,success,1.0
413400,train_episode,collapse,0.0
413400,train_episode,length,200.0
413400,train_episode,return,-121.3784769447652
413400,train_episode,success,1.0
413600,train_episode,collapse,0.0
413600,train_episode,length,200.0
413600,train_episode,return,-232.0814448969758
413600,train_episode,success,0.0
413800,train_episode,collapse,0.0
413800,train_episode,length,200.0
413800,train_episode,return,-128.54172647565366
413800,train_episode,success,1.0
414000,train_episode,collapse,0.0
414000,train_episode,length,200.0
414000,train_episode,return,-114.18374716087142
414000,train_episode,success,1.0
414200,train_episode,collapse,0.0
414200,train_episode,length,200.0
414200,train_episode,return,-127.55523045176346
414200,train_episode,success,1.0
414400,train_episode,collapse,0.0
414400,train_episode,length,200.0
414400,train_episode,return,-216.25607981927058
414400,train_episode,success,0.0
414600,train_episode,collapse,0.0
414600,train_episode,length,200.0
414600,train_episode,return,-121.70210317012264
414600,train_episode,success,1.0
414800,train_episode,collapse,0.0
414800,train_episode,length,200.0
414800,train_episode,return,-220.2931500953695
414800,train_episode,success,0.0
415000,train_episode,collapse,0.0
415000,train_episode,length,200.0
415000,train_episode,return,-221.68850996931047
415000,train_episode,success,0.0
415000,update,actor_grad_norm,0.22651931643486023
415000,update,actor_grad_norm_max,23.007366180419922
415000,update,actor_grad_norm_mean,0.6845990885645151
415000,update,actor_grad_norm_min,0.07478008419275284
415000,update,actor_loss,12.837285041809082
415000,update,actor_loss_max,18.953327178955078
415000,update,actor_loss_mean,10.468678124713898
415000,update,actor_loss_min,3.0430877208709717
415000,update,actor_param_norm,109.02344512939453
415000,update,actor_param_norm_max,109.02344512939453
415000,update,actor_param_norm_mean,108.75479738769532
415000,update,actor_param_norm_min,108.46845245361328
415000,update,actor_update_norm,0.013838084414601326
415000,update,actor_update_norm_max,0.052187152206897736
415000,update,actor_update_norm_mean,0.012469710372760892
415000,update,actor_update_norm_min,0.00509405042976141
415000,update,actor_update_norm_ratio,0.00012692812571532357
415000,update,actor_update_norm_ratio_max,0.0004788021253245434
415000,update,actor_update_norm_ratio_mean,0.00011465562522366519
415000,update,actor_update_norm_ratio_min,4.692691610885138e-05
415000,update,alpha,0.003572546411305666
415000,update,alpha_loss,0.001458655809983611
415000,update,alpha_loss_max,0.006691215094178915
415000,update,alpha_loss_mean,-0.00011750814977058326
415000,update,alpha_loss_min,-0.008222576230764389
415000,update,alpha_max,0.011147557757794857
415000,update,alpha_mean,0.005035916940029711
415000,update,alpha_min,0.001255164621397853
415000,update,num_optimizer_updates,5000.0
415000,update,policy_entropy_estimate,-0.5920122265815735
415000,update,policy_entropy_estimate_max,-0.19425569474697113
415000,update,policy_entropy_estimate_mean,-1.043131804662943
415000,update,policy_entropy_estimate_min,-2.758113145828247
415000,update,policy_log_prob_mean,0.5920122265815735
415000,update,policy_log_prob_mean_max,2.758113145828247
415000,update,policy_log_prob_mean_mean,1.043131804662943
415000,update,policy_log_prob_mean_min,0.19425569474697113
415000,update,q1_loss,0.16661666333675385
415000,update,q1_loss_max,43.335662841796875
415000,update,q1_loss_mean,0.425410842885077
415000,update,q1_loss_min,0.020331405103206635
415000,update,q1_mean,-12.85933780670166
415000,update,q1_mean_max,-2.7694551944732666
415000,update,q1_mean_mean,-10.52805537405014
415000,update,q1_mean_min,-18.992916107177734
415000,update,q2_loss,0.19283458590507507
415000,update,q2_loss_max,43.413482666015625
415000,update,q2_loss_mean,0.44312835641801357
415000,update,q2_loss_min,0.018534505739808083
415000,update,q2_mean,-12.873573303222656
415000,update,q2_mean_max,-3.038928985595703
415000,update,q2_mean_mean,-10.527925022315978
415000,update,q2_mean_min,-19.139629364013672
415000,update,q_grad_norm,33.60186004638672
415000,update,q_grad_norm_max,1665.530517578125
415000,update,q_grad_norm_mean,88.41465159893036
415000,update,q_grad_norm_min,8.290136337280273
415000,update,q_loss,0.3594512343406677
415000,update,q_loss_cleanrl_logged,0.17972561717033386
415000,update,q_loss_cleanrl_logged_max,43.37457275390625
415000,update,q_loss_cleanrl_logged_mean,0.43426959999389947
415000,update,q_loss_cleanrl_logged_min,0.027803491801023483
415000,update,q_loss_max,86.7491455078125
415000,update,q_loss_mean,0.8685391999877989
415000,update,q_loss_min,0.05560698360204697
415000,update,q_param_norm,562.7371826171875
415000,update,q_param_norm_max,562.7371826171875
415000,update,q_param_norm_mean,561.6917311767578
415000,update,q_param_norm_min,560.8019714355469
415000,update,q_update_norm,0.0317879356443882
415000,update,q_update_norm_max,0.09318207204341888
415000,update,q_update_norm_mean,0.029519587278552355
415000,update,q_update_norm_min,0.01370814349502325
415000,update,q_update_norm_ratio,7.987415816047238e-05
415000,update,q_update_norm_ratio_max,0.00023418415019914231
415000,update,q_update_norm_ratio_mean,7.430782251266146e-05
415000,update,q_update_norm_ratio_min,3.455467183140409e-05
415000,update,target_q_mean,-12.790335655212402
415000,update,target_q_mean_max,-3.1464948654174805
415000,update,target_q_mean_mean,-10.528154800605774
415000,update,target_q_mean_min,-19.006454467773438
415200,train_episode,collapse,0.0
415200,train_episode,length,200.0
415200,train_episode,return,-123.88093728968711
415200,train_episode,success,1.0
415400,train_episode,collapse,0.0
415400,train_episode,length,200.0
415400,train_episode,return,-220.04170355875607
415400,train_episode,success,0.0
415600,train_episode,collapse,0.0
415600,train_episode,length,200.0
415600,train_episode,return,-120.62457120191327
415600,train_episode,success,1.0
415800,train_episode,collapse,0.0
415800,train_episode,length,200.0
415800,train_episode,return,-126.35242096105361
415800,train_episode,success,1.0
416000,train_episode,collapse,0.0
416000,train_episode,length,200.0
416000,train_episode,return,-122.17998239145999
416000,train_episode,success,1.0
416200,train_episode,collapse,0.0
416200,train_episode,length,200.0
416200,train_episode,return,-240.6908177884895
416200,train_episode,success,0.0
416400,train_episode,collapse,0.0
416400,train_episode,length,200.0
416400,train_episode,return,-118.28559430388516
416400,train_episode,success,1.0
416600,train_episode,collapse,0.0
416600,train_episode,length,200.0
416600,train_episode,return,-229.5593063627241
416600,train_episode,success,0.0
416800,train_episode,collapse,0.0
416800,train_episode,length,200.0
416800,train_episode,return,-128.21521170962822
416800,train_episode,success,1.0
417000,train_episode,collapse,0.0
417000,train_episode,length,200.0
417000,train_episode,return,-229.31072844257477
417000,train_episode,success,0.0
417200,train_episode,collapse,0.0
417200,train_episode,length,200.0
417200,train_episode,return,-121.54744106196247
417200,train_episode,success,1.0
417400,train_episode,collapse,0.0
417400,train_episode,length,200.0
417400,train_episode,return,-237.4683431756282
417400,train_episode,success,0.0
417600,train_episode,collapse,0.0
417600,train_episode,length,200.0
417600,train_episode,return,-235.01763640623744
417600,train_episode,success,0.0
417800,train_episode,collapse,0.0
417800,train_episode,length,200.0
417800,train_episode,return,-126.13307888848482
417800,train_episode,success,1.0
418000,train_episode,collapse,0.0
418000,train_episode,length,200.0
418000,train_episode,return,-125.38909762929623
418000,train_episode,success,1.0
418200,train_episode,collapse,0.0
418200,train_episode,length,200.0
418200,train_episode,return,-126.50343531362721
418200,train_episode,success,1.0
418400,train_episode,collapse,0.0
418400,train_episode,length,200.0
418400,train_episode,return,-116.70586295075562
418400,train_episode,success,1.0
418600,train_episode,collapse,0.0
418600,train_episode,length,200.0
418600,train_episode,return,-224.46824847585836
418600,train_episode,success,0.0
418800,train_episode,collapse,0.0
418800,train_episode,length,200.0
418800,train_episode,return,-117.75163220701604
418800,train_episode,success,1.0
419000,train_episode,collapse,0.0
419000,train_episode,length,200.0
419000,train_episode,return,-119.17722545715742
419000,train_episode,success,1.0
419200,train_episode,collapse,0.0
419200,train_episode,length,200.0
419200,train_episode,return,-219.5361878680079
419200,train_episode,success,0.0
419400,train_episode,collapse,0.0
419400,train_episode,length,200.0
419400,train_episode,return,-119.6861095443664
419400,train_episode,success,1.0
419600,train_episode,collapse,0.0
419600,train_episode,length,200.0
419600,train_episode,return,-119.93940982194819
419600,train_episode,success,1.0
419800,train_episode,collapse,0.0
419800,train_episode,length,200.0
419800,train_episode,return,-118.19496009511757
419800,train_episode,success,1.0
420000,train_episode,collapse,0.0
420000,train_episode,length,200.0
420000,train_episode,return,-115.80909975058556
420000,train_episode,success,1.0
420000,update,actor_grad_norm,0.20666858553886414
420000,update,actor_grad_norm_max,18.38031005859375
420000,update,actor_grad_norm_mean,0.7983143207341432
420000,update,actor_grad_norm_min,0.10864310711622238
420000,update,actor_loss,9.305651664733887
420000,update,actor_loss_max,19.097972869873047
420000,update,actor_loss_mean,10.532093900108338
420000,update,actor_loss_min,3.3899359703063965
420000,update,actor_param_norm,109.5361557006836
420000,update,actor_param_norm_max,109.53728485107422
420000,update,actor_param_norm_mean,109.30412226867676
420000,update,actor_param_norm_min,109.02344512939453
420000,update,actor_update_norm,0.011939787305891514
420000,update,actor_update_norm_max,0.04450618475675583
420000,update,actor_update_norm_mean,0.011013342374935746
420000,update,actor_update_norm_min,0.004334914498031139
420000,update,actor_update_norm_ratio,0.00010900307072113012
420000,update,actor_update_norm_ratio_max,0.0004066593852573011
420000,update,actor_update_norm_ratio_mean,0.00010075735337618745
420000,update,actor_update_norm_ratio_min,3.963121224965001e-05
420000,update,alpha,0.0028479143511503935
420000,update,alpha_loss,0.0006932281539775431
420000,update,alpha_loss_max,0.002915001008659601
420000,update,alpha_loss_mean,2.45245718586375e-05
420000,update,alpha_loss_min,-0.003094918793067336
420000,update,alpha_max,0.0068954178132116795
420000,update,alpha_mean,0.004773316033324227
420000,update,alpha_min,0.0028479143511503935
420000,update,num_optimizer_updates,5000.0
420000,update,policy_entropy_estimate,-0.75675368309021
420000,update,policy_entropy_estimate_max,-0.3212616443634033
420000,update,policy_entropy_estimate_mean,-0.9912889341115951
420000,update,policy_entropy_estimate_min,-1.5864425897598267
420000,update,policy_log_prob_mean,0.75675368309021
420000,update,policy_log_prob_mean_max,1.5864425897598267
420000,update,policy_log_prob_mean_mean,0.9912889341115951
420000,update,policy_log_prob_mean_min,0.3212616443634033
420000,update,q1_loss,0.04424663260579109
420000,update,q1_loss_max,14.492627143859863
420000,update,q1_loss_mean,0.4013640058398247
420000,update,q1_loss_min,0.015740791335701942
420000,update,q1_mean,-9.203995704650879
420000,update,q1_mean_max,-3.246762990951538
420000,update,q1_mean_mean,-10.592514538860321
420000,update,q1_mean_min,-19.407976150512695
420000,update,q2_loss,0.09794487059116364
420000,update,q2_loss_max,19.14406967163086
420000,update,q2_loss_mean,0.4175975203964859
420000,update,q2_loss_min,0.014670450240373611
420000,update,q2_mean,-9.3477783203125
420000,update,q2_mean_max,-3.2645864486694336
420000,update,q2_mean_mean,-10.592535122680664
420000,update,q2_mean_min,-19.261337280273438
420000,update,q_grad_norm,27.98193359375
420000,update,q_grad_norm_max,1868.3829345703125
420000,update,q_grad_norm_mean,86.2463461564064
420000,update,q_grad_norm_min,6.021592617034912
420000,update,q_loss,0.14219149947166443
420000,update,q_loss_cleanrl_logged,0.07109574973583221
420000,update,q_loss_cleanrl_logged_max,13.888765335083008
420000,update,q_loss_cleanrl_logged_mean,0.40948076360672714
420000,update,q_loss_cleanrl_logged_min,0.017173971980810165
420000,update,q_loss_max,27.777530670166016
420000,update,q_loss_mean,0.8189615272134543
420000,update,q_loss_min,0.03434794396162033
420000,update,q_param_norm,564.6228332519531
420000,update,q_param_norm_max,564.6330871582031
420000,update,q_param_norm_mean,563.7421963989258
420000,update,q_param_norm_min,562.7413330078125
420000,update,q_update_norm,0.020086156204342842
420000,update,q_update_norm_max,0.11859407275915146
420000,update,q_update_norm_mean,0.029142409289069474
420000,update,q_update_norm_min,0.010980336926877499
420000,update,q_update_norm_ratio,5.030148544528089e-05
420000,update,q_update_norm_ratio_max,0.0002971026800064553
420000,update,q_update_norm_ratio_mean,7.309375003967701e-05
420000,update,q_update_norm_ratio_min,2.7531623198309514e-05
420000,update,target_q_mean,-9.306475639343262
420000,update,target_q_mean_max,-3.268773078918457
420000,update,target_q_mean_mean,-10.592734762907028
420000,update,target_q_mean_min,-19.412931442260742
420200,train_episode,collapse,0.0
420200,train_episode,length,200.0
420200,train_episode,return,-2.798924670618815
420200,train_episode,success,1.0
420400,train_episode,collapse,0.0
420400,train_episode,length,200.0
420400,train_episode,return,-129.2569433108945
420400,train_episode,success,1.0
420600,train_episode,collapse,0.0
420600,train_episode,length,200.0
420600,train_episode,return,-5.466306090373043
420600,train_episode,success,1.0
420800,train_episode,collapse,0.0
420800,train_episode,length,200.0
420800,train_episode,return,-217.94120542189825
420800,train_episode,success,0.0
421000,train_episode,collapse,0.0
421000,train_episode,length,200.0
421000,train_episode,return,-123.36482261531135
421000,train_episode,success,1.0
421200,train_episode,collapse,0.0
421200,train_episode,length,200.0
421200,train_episode,return,-125.7690516928562
421200,train_episode,success,1.0
421400,train_episode,collapse,0.0
421400,train_episode,length,200.0
421400,train_episode,return,-225.80102452604697
421400,train_episode,success,0.0
421600,train_episode,collapse,0.0
421600,train_episode,length,200.0
421600,train_episode,return,-115.17966485400525
421600,train_episode,success,1.0
421800,train_episode,collapse,0.0
421800,train_episode,length,200.0
421800,train_episode,return,-119.22534374746755
421800,train_episode,success,1.0
422000,train_episode,collapse,0.0
422000,train_episode,length,200.0
422000,train_episode,return,-223.4571834827939
422000,train_episode,success,0.0
422200,train_episode,collapse,0.0
422200,train_episode,length,200.0
422200,train_episode,return,-222.8548730864795
422200,train_episode,success,0.0
422400,train_episode,collapse,0.0
422400,train_episode,length,200.0
422400,train_episode,return,-331.24957385808517
422400,train_episode,success,0.0
422600,train_episode,collapse,0.0
422600,train_episode,length,200.0
422600,train_episode,return,-226.59633123043093
422600,train_episode,success,0.0
422800,train_episode,collapse,0.0
422800,train_episode,length,200.0
422800,train_episode,return,-1.5953240166026688
422800,train_episode,success,1.0
423000,train_episode,collapse,0.0
423000,train_episode,length,200.0
423000,train_episode,return,-118.6204292063437
423000,train_episode,success,1.0
423200,train_episode,collapse,0.0
423200,train_episode,length,200.0
423200,train_episode,return,-124.23434771545753
423200,train_episode,success,1.0
423400,train_episode,collapse,0.0
423400,train_episode,length,200.0
423400,train_episode,return,-119.1632522315619
423400,train_episode,success,1.0
423600,train_episode,collapse,0.0
423600,train_episode,length,200.0
423600,train_episode,return,-230.12213716969202
423600,train_episode,success,0.0
423800,train_episode,collapse,0.0
423800,train_episode,length,200.0
423800,train_episode,return,-279.39630005182465
423800,train_episode,success,0.0
424000,train_episode,collapse,0.0
424000,train_episode,length,200.0
424000,train_episode,return,-120.67929755232994
424000,train_episode,success,1.0
424200,train_episode,collapse,0.0
424200,train_episode,length,200.0
424200,train_episode,return,-120.13706496901924
424200,train_episode,success,1.0
424400,train_episode,collapse,0.0
424400,train_episode,length,200.0
424400,train_episode,return,-233.27112675056688
424400,train_episode,success,0.0
424600,train_episode,collapse,0.0
424600,train_episode,length,200.0
424600,train_episode,return,-114.62231900931677
424600,train_episode,success,1.0
424800,train_episode,collapse,0.0
424800,train_episode,length,200.0
424800,train_episode,return,-245.69340826695966
424800,train_episode,success,0.0
425000,train_episode,collapse,0.0
425000,train_episode,length,200.0
425000,train_episode,return,-125.4533637162962
425000,train_episode,success,1.0
425000,update,actor_grad_norm,0.3402631878852844
425000,update,actor_grad_norm_max,21.46434211730957
425000,update,actor_grad_norm_mean,0.5066135790586471
425000,update,actor_grad_norm_min,0.06068708747625351
425000,update,actor_loss,10.349291801452637
425000,update,actor_loss_max,18.647859573364258
425000,update,actor_loss_mean,10.95191051454544
425000,update,actor_loss_min,3.5353221893310547
425000,update,actor_param_norm,109.98653411865234
425000,update,actor_param_norm_max,109.98754119873047
425000,update,actor_param_norm_mean,109.76192406005859
425000,update,actor_param_norm_min,109.53231048583984
425000,update,actor_update_norm,0.008622760884463787
425000,update,actor_update_norm_max,0.040349241346120834
425000,update,actor_update_norm_mean,0.011335893357917666
425000,update,actor_update_norm_min,0.00421516876667738
425000,update,actor_update_norm_ratio,7.839831629539836e-05
425000,update,actor_update_norm_ratio_max,0.0003669157768872798
425000,update,actor_update_norm_ratio_mean,0.00010327591945696753
425000,update,actor_update_norm_ratio_min,3.845903146092353e-05
425000,update,alpha,0.00341967330314219
425000,update,alpha_loss,-0.0003354154760017991
425000,update,alpha_loss_max,0.0016455950681120157
425000,update,alpha_loss_mean,2.1706918326890444e-05
425000,update,alpha_loss_min,-0.0019605744164437056
425000,update,alpha_max,0.00341967330314219
425000,update,alpha_mean,0.002233204773301259
425000,update,alpha_min,0.001639542286284268
425000,update,num_optimizer_updates,5000.0
425000,update,policy_entropy_estimate,-1.098127841949463
425000,update,policy_entropy_estimate_max,-0.36544060707092285
425000,update,policy_entropy_estimate_mean,-0.9888792715191841
425000,update,policy_entropy_estimate_min,-1.791069746017456
425000,update,policy_log_prob_mean,1.098127841949463
425000,update,policy_log_prob_mean_max,1.791069746017456
425000,update,policy_log_prob_mean_mean,0.9888792715191841
425000,update,policy_log_prob_mean_min,0.36544060707092285
425000,update,q1_loss,0.16413697600364685
425000,update,q1_loss_max,29.367691040039062
425000,update,q1_loss_mean,0.44656043812744317
425000,update,q1_loss_min,0.012886937707662582
425000,update,q1_mean,-10.528040885925293
425000,update,q1_mean_max,-2.8621630668640137
425000,update,q1_mean_mean,-10.89857561893463
425000,update,q1_mean_min,-21.616884231567383
425000,update,q2_loss,0.08115264773368835
425000,update,q2_loss_max,15.779158592224121
425000,update,q2_loss_mean,0.4489455315914005
425000,update,q2_loss_min,0.0196180772036314
425000,update,q2_mean,-10.526185989379883
425000,update,q2_mean_max,-2.736307144165039
425000,update,q2_mean_mean,-10.898634430789947
425000,update,q2_mean_min,-21.42778778076172
425000,update,q_grad_norm,20.768848419189453
425000,update,q_grad_norm_max,1674.7220458984375
425000,update,q_grad_norm_mean,95.81431503009796
425000,update,q_grad_norm_min,6.559457302093506
425000,update,q_loss,0.2452896237373352
425000,update,q_loss_cleanrl_logged,0.1226448118686676
425000,update,q_loss_cleanrl_logged_max,22.57342529296875
425000,update,q_loss_cleanrl_logged_mean,0.44775298476964237
425000,update,q_loss_cleanrl_logged_min,0.023240676149725914
425000,update,q_loss_max,45.1468505859375
425000,update,q_loss_mean,0.8955059695392847
425000,update,q_loss_min,0.04648135229945183
425000,update,q_param_norm,566.5111083984375
425000,update,q_param_norm_max,566.5440979003906
425000,update,q_param_norm_mean,565.519572479248
425000,update,q_param_norm_min,564.6187133789062
425000,update,q_update_norm,0.023666881024837494
425000,update,q_update_norm_max,0.08360956609249115
425000,update,q_update_norm_mean,0.02995398141145706
425000,update,q_update_norm_min,0.013239056803286076
425000,update,q_update_norm_ratio,5.907101026754185e-05
425000,update,q_update_norm_ratio_max,0.0002091278473294261
425000,update,q_update_norm_ratio_mean,7.489513955815322e-05
425000,update,q_update_norm_ratio_min,3.3150344865141137e-05
425000,update,target_q_mean,-10.546772003173828
425000,update,target_q_mean_max,-2.7785093784332275
425000,update,target_q_mean_mean,-10.89885092549324
425000,update,target_q_mean_min,-21.43277931213379
425000,replay,action_abs_max,2.0
425000,replay,action_abs_mean,0.5951793193817139
425000,replay,action_saturation_fraction,0.07290117647058823
425000,replay,capacity,500000.0
425000,replay,done_fraction,0.0
425000,replay,fill_fraction,0.85
425000,replay,near_upright_any_transition_fraction,0.8458776470588235
425000,replay,near_upright_next_obs_fraction,0.8457694117647059
425000,replay,near_upright_obs_fraction,0.841315294117647
425000,replay,reward_max,-4.2872531480497855e-07
425000,replay,reward_mean,-0.797681450843811
425000,replay,reward_min,-16.269039154052734
425000,replay,reward_std,2.4184374809265137
425000,replay,sample_count_max,1262.0
425000,replay,sample_count_mean,252.98823529411766
425000,replay,size,425000.0
425000,replay,transition_age_max,424999.0
425000,replay,transition_age_mean,212499.5
425000,diagnostics,actor_layer0_activation_abs_max,5.092755317687988
425000,diagnostics,actor_layer0_activation_abs_mean,0.059316977858543396
425000,diagnostics,actor_layer0_dormant_fraction,0.12890625
425000,diagnostics,actor_layer0_effective_rank_fraction,0.052637241780757904
425000,diagnostics,actor_layer1_activation_abs_max,12.76163101196289
425000,diagnostics,actor_layer1_activation_abs_mean,0.022873884066939354
425000,diagnostics,actor_layer1_dormant_fraction,0.6640625
425000,diagnostics,actor_layer1_effective_rank_fraction,0.08618557453155518
425000,diagnostics,actor_param_norm,109.98653411865234
425000,diagnostics,alpha,0.00341967330314219
425000,diagnostics,q1_layer0_activation_abs_max,7.205124378204346
425000,diagnostics,q1_layer0_activation_abs_mean,0.24360425770282745
425000,diagnostics,q1_layer0_dormant_fraction,0.32421875
425000,diagnostics,q1_layer0_effective_rank_fraction,0.05166061222553253
425000,diagnostics,q1_layer1_activation_abs_max,39.57779312133789
425000,diagnostics,q1_layer1_activation_abs_mean,1.9162203073501587
425000,diagnostics,q1_layer1_dormant_fraction,0.7578125
425000,diagnostics,q1_layer1_effective_rank_fraction,0.05352452024817467
425000,diagnostics,q1_param_norm,288.4078063964844
425000,diagnostics,q2_layer0_activation_abs_max,6.289492130279541
425000,diagnostics,q2_layer0_activation_abs_mean,0.2539721727371216
425000,diagnostics,q2_layer0_dormant_fraction,0.32421875
425000,diagnostics,q2_layer0_effective_rank_fraction,0.049821194261312485
425000,diagnostics,q2_layer1_activation_abs_max,56.351348876953125
425000,diagnostics,q2_layer1_activation_abs_mean,1.6656851768493652
425000,diagnostics,q2_layer1_dormant_fraction,0.80859375
425000,diagnostics,q2_layer1_effective_rank_fraction,0.048296164721250534
425000,diagnostics,q2_param_norm,278.1033020019531
425200,train_episode,collapse,0.0
425200,train_episode,length,200.0
425200,train_episode,return,-232.02998296951233
425200,train_episode,success,0.0
425400,train_episode,collapse,0.0
425400,train_episode,length,200.0
425400,train_episode,return,-118.71111820146953
425400,train_episode,success,1.0
425600,train_episode,collapse,0.0
425600,train_episode,length,200.0
425600,train_episode,return,-226.7045683378169
425600,train_episode,success,0.0
425800,train_episode,collapse,0.0
425800,train_episode,length,200.0
425800,train_episode,return,-117.50723201159329
425800,train_episode,success,1.0
426000,train_episode,collapse,0.0
426000,train_episode,length,200.0
426000,train_episode,return,-117.5020602416383
426000,train_episode,success,1.0
426200,train_episode,collapse,0.0
426200,train_episode,length,200.0
426200,train_episode,return,-121.56278929207008
426200,train_episode,success,1.0
426400,train_episode,collapse,0.0
426400,train_episode,length,200.0
426400,train_episode,return,-219.60797925863736
426400,train_episode,success,0.0
426600,train_episode,collapse,0.0
426600,train_episode,length,200.0
426600,train_episode,return,-309.78721898516187
426600,train_episode,success,0.0
426800,train_episode,collapse,0.0
426800,train_episode,length,200.0
426800,train_episode,return,-113.42416095682644
426800,train_episode,success,1.0
427000,train_episode,collapse,0.0
427000,train_episode,length,200.0
427000,train_episode,return,-120.08618645863926
427000,train_episode,success,1.0
427200,train_episode,collapse,0.0
427200,train_episode,length,200.0
427200,train_episode,return,-129.5220120555456
427200,train_episode,success,1.0
427400,train_episode,collapse,0.0
427400,train_episode,length,200.0
427400,train_episode,return,-226.8156695783487
427400,train_episode,success,0.0
427600,train_episode,collapse,0.0
427600,train_episode,length,200.0
427600,train_episode,return,-125.71564329416117
427600,train_episode,success,1.0
427800,train_episode,collapse,0.0
427800,train_episode,length,200.0
427800,train_episode,return,-113.11738070026095
427800,train_episode,success,1.0
428000,train_episode,collapse,0.0
428000,train_episode,length,200.0
428000,train_episode,return,-216.6958944830563
428000,train_episode,success,0.0
428200,train_episode,collapse,0.0
428200,train_episode,length,200.0
428200,train_episode,return,-115.60700178892839
428200,train_episode,success,1.0
428400,train_episode,collapse,0.0
428400,train_episode,length,200.0
428400,train_episode,return,-118.10028267925844
428400,train_episode,success,1.0
428600,train_episode,collapse,0.0
428600,train_episode,length,200.0
428600,train_episode,return,-124.11907255960577
428600,train_episode,success,1.0
428800,train_episode,collapse,0.0
428800,train_episode,length,200.0
428800,train_episode,return,-1.105447793797838
428800,train_episode,success,1.0
429000,train_episode,collapse,0.0
429000,train_episode,length,200.0
429000,train_episode,return,-217.09987633563844
429000,train_episode,success,0.0
429200,train_episode,collapse,0.0
429200,train_episode,length,200.0
429200,train_episode,return,-130.0335398828905
429200,train_episode,success,1.0
429400,train_episode,collapse,0.0
429400,train_episode,length,200.0
429400,train_episode,return,-247.58959324695283
429400,train_episode,success,0.0
429600,train_episode,collapse,0.0
429600,train_episode,length,200.0
429600,train_episode,return,-126.70168668344978
429600,train_episode,success,1.0
429800,train_episode,collapse,0.0
429800,train_episode,length,200.0
429800,train_episode,return,-119.40147486559765
429800,train_episode,success,1.0
430000,train_episode,collapse,0.0
430000,train_episode,length,200.0
430000,train_episode,return,-127.21488101546247
430000,train_episode,success,1.0
430000,update,actor_grad_norm,0.1553528904914856
430000,update,actor_grad_norm_max,21.9478816986084
430000,update,actor_grad_norm_mean,0.40815113123208285
430000,update,actor_grad_norm_min,0.05731181800365448
430000,update,actor_loss,12.605718612670898
430000,update,actor_loss_max,23.20232391357422
430000,update,actor_loss_mean,11.175558427238464
430000,update,actor_loss_min,4.462621688842773
430000,update,actor_param_norm,110.46831512451172
430000,update,actor_param_norm_max,110.46947479248047
430000,update,actor_param_norm_mean,110.22521259765625
430000,update,actor_param_norm_min,109.98653411865234
430000,update,actor_update_norm,0.008481917902827263
430000,update,actor_update_norm_max,0.03625880181789398
430000,update,actor_update_norm_mean,0.010842041298747062
430000,update,actor_update_norm_min,0.004413279239088297
430000,update,actor_update_norm_ratio,7.678145442217591e-05
430000,update,actor_update_norm_ratio_max,0.00032842002757787385
430000,update,actor_update_norm_ratio_mean,9.836011950071174e-05
430000,update,actor_update_norm_ratio_min,3.996596710304623e-05
430000,update,alpha,0.0027067584451287985
430000,update,alpha_loss,-0.00023901723034214228
430000,update,alpha_loss_max,0.0016361414454877377
430000,update,alpha_loss_mean,4.4875361592130505e-05
430000,update,alpha_loss_min,-0.0018547563813626766
430000,update,alpha_max,0.0037874504923820496
430000,update,alpha_mean,0.002449839551234618
430000,update,alpha_min,0.001410454511642456
430000,update,num_optimizer_updates,5000.0
430000,update,policy_entropy_estimate,-1.0882792472839355
430000,update,policy_entropy_estimate_max,-0.3258734941482544
430000,update,policy_entropy_estimate_mean,-0.9834657876968383
430000,update,policy_entropy_estimate_min,-1.5596479177474976
430000,update,policy_log_prob_mean,1.0882792472839355
430000,update,policy_log_prob_mean_max,1.5596479177474976
430000,update,policy_log_prob_mean_mean,0.9834657876968383
430000,update,policy_log_prob_mean_min,0.3258734941482544
430000,update,q1_loss,0.7190678715705872
430000,update,q1_loss_max,24.04796028137207
430000,update,q1_loss_mean,0.40003957083187996
430000,update,q1_loss_min,0.018619049340486526
430000,update,q1_mean,-12.803512573242188
430000,update,q1_mean_max,-4.255600929260254
430000,update,q1_mean_mean,-11.182010497951508
430000,update,q1_mean_min,-23.168787002563477
430000,update,q2_loss,0.23735332489013672
430000,update,q2_loss_max,23.67546844482422
430000,update,q2_loss_mean,0.40342299644649027
430000,update,q2_loss_min,0.0176820270717144
430000,update,q2_mean,-12.799126625061035
430000,update,q2_mean_max,-4.308575630187988
430000,update,q2_mean_mean,-11.18198831987381
430000,update,q2_mean_min,-23.100040435791016
430000,update,q_grad_norm,141.7175750732422
430000,update,q_grad_norm_max,2861.466064453125
430000,update,q_grad_norm_mean,89.62590589857102
430000,update,q_grad_norm_min,6.5197434425354
430000,update,q_loss,0.9564211964607239
430000,update,q_loss_cleanrl_logged,0.47821059823036194
430000,update,q_loss_cleanrl_logged_max,23.861713409423828
430000,update,q_loss_cleanrl_logged_mean,0.4017312833238393
430000,update,q_loss_cleanrl_logged_min,0.027218470349907875
430000,update,q_loss_max,47.723426818847656
430000,update,q_loss_mean,0.8034625666476786
430000,update,q_loss_min,0.05443694069981575
430000,update,q_param_norm,568.3292846679688
430000,update,q_param_norm_max,568.3543701171875
430000,update,q_param_norm_mean,567.4148738708496
430000,update,q_param_norm_min,566.5091857910156
430000,update,q_update_norm,0.03155628964304924
430000,update,q_update_norm_max,0.09712234884500504
430000,update,q_update_norm_mean,0.029119892902486025
430000,update,q_update_norm_min,0.014993580989539623
430000,update,q_update_norm_ratio,7.851074317995686e-05
430000,update,q_update_norm_ratio_max,0.00024202704697918982
430000,update,q_update_norm_ratio_mean,7.256649404090021e-05
430000,update,q_update_norm_ratio_min,3.730281445568644e-05
430000,update,target_q_mean,-12.703065872192383
430000,update,target_q_mean_max,-4.335311412811279
430000,update,target_q_mean_mean,-11.18218977870941
430000,update,target_q_mean_min,-23.129230499267578
430200,train_episode,collapse,0.0
430200,train_episode,length,200.0
430200,train_episode,return,-233.25984677485698
430200,train_episode,success,0.0
430400,train_episode,collapse,0.0
430400,train_episode,length,200.0
430400,train_episode,return,-227.0462982208134
430400,train_episode,success,0.0
430600,train_episode,collapse,0.0
430600,train_episode,length,200.0
430600,train_episode,return,-0.2499598650608501
430600,train_episode,success,1.0
430800,train_episode,collapse,0.0
430800,train_episode,length,200.0
430800,train_episode,return,-115.46982516937628
430800,train_episode,success,1.0
431000,train_episode,collapse,0.0
431000,train_episode,length,200.0
431000,train_episode,return,-118.37576695599677
431000,train_episode,success,1.0
431200,train_episode,collapse,0.0
431200,train_episode,length,200.0
431200,train_episode,return,-118.95507857035497
431200,train_episode,success,1.0
431400,train_episode,collapse,0.0
431400,train_episode,length,200.0
431400,train_episode,return,-220.48569686790484
431400,train_episode,success,0.0
431600,train_episode,collapse,0.0
431600,train_episode,length,200.0
431600,train_episode,return,-121.07155872471441
431600,train_episode,success,1.0
431800,train_episode,collapse,0.0
431800,train_episode,length,200.0
431800,train_episode,return,-115.49647261509519
431800,train_episode,success,1.0
432000,train_episode,collapse,0.0
432000,train_episode,length,200.0
432000,train_episode,return,-118.96628193812775
432000,train_episode,success,1.0
432200,train_episode,collapse,0.0
432200,train_episode,length,200.0
432200,train_episode,return,-119.31418219348326
432200,train_episode,success,1.0
432400,train_episode,collapse,0.0
432400,train_episode,length,200.0
432400,train_episode,return,-118.06249607816557
432400,train_episode,success,1.0
432600,train_episode,collapse,0.0
432600,train_episode,length,200.0
432600,train_episode,return,-121.38046253208776
432600,train_episode,success,1.0
432800,train_episode,collapse,0.0
432800,train_episode,length,200.0
432800,train_episode,return,-0.7097826879228061
432800,train_episode,success,1.0
433000,train_episode,collapse,0.0
433000,train_episode,length,200.0
433000,train_episode,return,-234.26868601620203
433000,train_episode,success,0.0
433200,train_episode,collapse,0.0
433200,train_episode,length,200.0
433200,train_episode,return,-119.55850237701853
433200,train_episode,success,1.0
433400,train_episode,collapse,0.0
433400,train_episode,length,200.0
433400,train_episode,return,-119.08722924281531
433400,train_episode,success,1.0
433600,train_episode,collapse,0.0
433600,train_episode,length,200.0
433600,train_episode,return,-348.7361500512961
433600,train_episode,success,0.0
433800,train_episode,collapse,0.0
433800,train_episode,length,200.0
433800,train_episode,return,-226.71425338041269
433800,train_episode,success,0.0
434000,train_episode,collapse,0.0
434000,train_episode,length,200.0
434000,train_episode,return,-248.13914851309025
434000,train_episode,success,0.0
434200,train_episode,collapse,0.0
434200,train_episode,length,200.0
434200,train_episode,return,-128.60495135272896
434200,train_episode,success,1.0
434400,train_episode,collapse,0.0
434400,train_episode,length,200.0
434400,train_episode,return,-121.12906343416455
434400,train_episode,success,1.0
434600,train_episode,collapse,0.0
434600,train_episode,length,200.0
434600,train_episode,return,-216.1481644235732
434600,train_episode,success,0.0
434800,train_episode,collapse,0.0
434800,train_episode,length,200.0
434800,train_episode,return,-0.08527228280661978
434800,train_episode,success,1.0
435000,train_episode,collapse,0.0
435000,train_episode,length,200.0
435000,train_episode,return,-126.55171858650395
435000,train_episode,success,1.0
435000,update,actor_grad_norm,0.18542911112308502
435000,update,actor_grad_norm_max,48.89101791381836
435000,update,actor_grad_norm_mean,0.3990049853101373
435000,update,actor_grad_norm_min,0.04974878579378128
435000,update,actor_loss,13.689373970031738
435000,update,actor_loss_max,19.83953094482422
435000,update,actor_loss_mean,11.343218177604676
435000,update,actor_loss_min,4.6578216552734375
435000,update,actor_param_norm,111.0040512084961
435000,update,actor_param_norm_max,111.0040512084961
435000,update,actor_param_norm_mean,110.69825753479005
435000,update,actor_param_norm_min,110.45957946777344
435000,update,actor_update_norm,0.006483560428023338
435000,update,actor_update_norm_max,0.04514790698885918
435000,update,actor_update_norm_mean,0.011360169469378888
435000,update,actor_update_norm_min,0.004692787304520607
435000,update,actor_update_norm_ratio,5.840841488861301e-05
435000,update,actor_update_norm_ratio_max,0.00040689434923280997
435000,update,actor_update_norm_ratio_mean,0.00010262396661488753
435000,update,actor_update_norm_ratio_min,4.247967966036071e-05
435000,update,alpha,0.0020702683832496405
435000,update,alpha_loss,-0.000240056193433702
435000,update,alpha_loss_max,0.001541757257655263
435000,update,alpha_loss_mean,3.0137128922433475e-05
435000,update,alpha_loss_min,-0.00210389937274158
435000,update,alpha_max,0.003807797096669674
435000,update,alpha_mean,0.0028209040930494665
435000,update,alpha_min,0.002055784920230508
435000,update,num_optimizer_updates,5000.0
435000,update,policy_entropy_estimate,-1.1159579753875732
435000,update,policy_entropy_estimate_max,-0.536653995513916
435000,update,policy_entropy_estimate_mean,-0.9883409831762314
435000,update,policy_entropy_estimate_min,-1.6342660188674927
435000,update,policy_log_prob_mean,1.1159579753875732
435000,update,policy_log_prob_mean_max,1.6342660188674927
435000,update,policy_log_prob_mean_mean,0.9883409831762314
435000,update,policy_log_prob_mean_min,0.536653995513916
435000,update,q1_loss,0.16095039248466492
435000,update,q1_loss_max,22.66781997680664
435000,update,q1_loss_mean,0.45627048771549017
435000,update,q1_loss_min,0.012254013679921627
435000,update,q1_mean,-13.618178367614746
435000,update,q1_mean_max,-4.281303882598877
435000,update,q1_mean_mean,-11.324349632930756
435000,update,q1_mean_min,-20.90477752685547
435000,update,q2_loss,0.25122159719467163
435000,update,q2_loss_max,14.462472915649414
435000,update,q2_loss_mean,0.4619299098486081
435000,update,q2_loss_min,0.0126300984993577
435000,update,q2_mean,-13.50909423828125
435000,update,q2_mean_max,-4.386824131011963
435000,update,q2_mean_mean,-11.324329192733765
435000,update,q2_mean_min,-20.77457618713379
435000,update,q_grad_norm,23.78998374938965
435000,update,q_grad_norm_max,1631.11865234375
435000,update,q_grad_norm_mean,97.9243835723877
435000,update,q_grad_norm_min,7.188751220703125
435000,update,q_loss,0.41217198967933655
435000,update,q_loss_cleanrl_logged,0.20608599483966827
435000,update,q_loss_cleanrl_logged_max,14.93800163269043
435000,update,q_loss_cleanrl_logged_mean,0.4591001985941082
435000,update,q_loss_cleanrl_logged_min,0.0272530447691679
435000,update,q_loss_max,29.87600326538086
435000,update,q_loss_mean,0.9182003971882164
435000,update,q_loss_min,0.0545060895383358
435000,update,q_param_norm,570.0067749023438
435000,update,q_param_norm_max,570.021240234375
435000,update,q_param_norm_mean,569.1727258666992
435000,update,q_param_norm_min,568.3244323730469
435000,update,q_update_norm,0.027959316968917847
435000,update,q_update_norm_max,0.08381973206996918
435000,update,q_update_norm_mean,0.030225686286762355
435000,update,q_update_norm_min,0.01520015113055706
435000,update,q_update_norm_ratio,6.935726427527912e-05
435000,update,q_update_norm_ratio_max,0.00020853323341244741
435000,update,q_update_norm_ratio_mean,7.508969795105978e-05
435000,update,q_update_norm_ratio_min,3.771511182971252e-05
435000,update,target_q_mean,-13.59949779510498
435000,update,target_q_mean_max,-4.228970527648926
435000,update,target_q_mean_mean,-11.324582503604889
435000,update,target_q_mean_min,-20.819908142089844
435200,train_episode,collapse,0.0
435200,train_episode,length,200.0
435200,train_episode,return,-127.24503015192424
435200,train_episode,success,1.0
435400,train_episode,collapse,0.0
435400,train_episode,length,200.0
435400,train_episode,return,-0.16691182843497865
435400,train_episode,success,1.0
435600,train_episode,collapse,0.0
435600,train_episode,length,200.0
435600,train_episode,return,-124.71140926431964
435600,train_episode,success,1.0
435800,train_episode,collapse,0.0
435800,train_episode,length,200.0
435800,train_episode,return,-226.0608375797336
435800,train_episode,success,0.0
436000,train_episode,collapse,0.0
436000,train_episode,length,200.0
436000,train_episode,return,-118.5573087751605
436000,train_episode,success,1.0
436200,train_episode,collapse,0.0
436200,train_episode,length,200.0
436200,train_episode,return,-118.4766276766692
436200,train_episode,success,1.0
436400,train_episode,collapse,0.0
436400,train_episode,length,200.0
436400,train_episode,return,-229.330545234126
436400,train_episode,success,0.0
436600,train_episode,collapse,0.0
436600,train_episode,length,200.0
436600,train_episode,return,-127.09299885010284
436600,train_episode,success,1.0
436800,train_episode,collapse,0.0
436800,train_episode,length,200.0
436800,train_episode,return,-228.69793731362688
436800,train_episode,success,0.0
437000,train_episode,collapse,0.0
437000,train_episode,length,200.0
437000,train_episode,return,-219.00881293966987
437000,train_episode,success,0.0
437200,train_episode,collapse,0.0
437200,train_episode,length,200.0
437200,train_episode,return,-0.5113012689707493
437200,train_episode,success,1.0
437400,train_episode,collapse,0.0
437400,train_episode,length,200.0
437400,train_episode,return,-127.6661712107545
437400,train_episode,success,1.0
437600,train_episode,collapse,0.0
437600,train_episode,length,200.0
437600,train_episode,return,-221.19355863310483
437600,train_episode,success,0.0
437800,train_episode,collapse,0.0
437800,train_episode,length,200.0
437800,train_episode,return,-115.2646119618358
437800,train_episode,success,1.0
438000,train_episode,collapse,0.0
438000,train_episode,length,200.0
438000,train_episode,return,-128.03505269201466
438000,train_episode,success,1.0
438200,train_episode,collapse,0.0
438200,train_episode,length,200.0
438200,train_episode,return,-115.82092377515444
438200,train_episode,success,1.0
438400,train_episode,collapse,0.0
438400,train_episode,length,200.0
438400,train_episode,return,-226.57958589585567
438400,train_episode,success,0.0
438600,train_episode,collapse,0.0
438600,train_episode,length,200.0
438600,train_episode,return,-118.39654159160723
438600,train_episode,success,1.0
438800,train_episode,collapse,0.0
438800,train_episode,length,200.0
438800,train_episode,return,-113.72475837350974
438800,train_episode,success,1.0
439000,train_episode,collapse,0.0
439000,train_episode,length,200.0
439000,train_episode,return,-221.10366488340148
439000,train_episode,success,0.0
439200,train_episode,collapse,0.0
439200,train_episode,length,200.0
439200,train_episode,return,-126.88703906623319
439200,train_episode,success,1.0
439400,train_episode,collapse,0.0
439400,train_episode,length,200.0
439400,train_episode,return,-231.11591983088357
439400,train_episode,success,0.0
439600,train_episode,collapse,0.0
439600,train_episode,length,200.0
439600,train_episode,return,-120.03427776412249
439600,train_episode,success,1.0
439800,train_episode,collapse,0.0
439800,train_episode,length,200.0
439800,train_episode,return,-241.46226829677954
439800,train_episode,success,0.0
440000,train_episode,collapse,0.0
440000,train_episode,length,200.0
440000,train_episode,return,-216.2932614109169
440000,train_episode,success,0.0
440000,update,actor_grad_norm,0.4444442093372345
440000,update,actor_grad_norm_max,18.7017765045166
440000,update,actor_grad_norm_mean,0.37305867128819226
440000,update,actor_grad_norm_min,0.052333083003759384
440000,update,actor_loss,12.69397258758545
440000,update,actor_loss_max,19.055261611938477
440000,update,actor_loss_mean,11.310067006492615
440000,update,actor_loss_min,4.701855182647705
440000,update,actor_param_norm,111.42920684814453
440000,update,actor_param_norm_max,111.42920684814453
440000,update,actor_param_norm_mean,111.21752799377441
440000,update,actor_param_norm_min,110.99922943115234
440000,update,actor_update_norm,0.013276874087750912
440000,update,actor_update_norm_max,0.04558132216334343
440000,update,actor_update_norm_mean,0.011519005569070578
440000,update,actor_update_norm_min,0.005017337389290333
440000,update,actor_update_norm_ratio,0.00011915076282372524
440000,update,actor_update_norm_ratio_max,0.00041042236548285657
440000,update,actor_update_norm_ratio_mean,0.00010357074002937372
440000,update,actor_update_norm_ratio_min,4.502746918663783e-05
440000,update,alpha,0.0017302267951890826
440000,update,alpha_loss,-0.00031558776390738785
440000,update,alpha_loss_max,0.001478101359680295
440000,update,alpha_loss_mean,2.175749390899e-05
440000,update,alpha_loss_min,-0.0015634980518370867
440000,update,alpha_max,0.0031493068672716618
440000,update,alpha_mean,0.0022813226797850803
440000,update,alpha_min,0.0017164092278108
440000,update,num_optimizer_updates,5000.0
440000,update,policy_entropy_estimate,-1.1824374198913574
440000,update,policy_entropy_estimate_max,-0.4961467385292053
440000,update,policy_entropy_estimate_mean,-0.9897492792844772
440000,update,policy_entropy_estimate_min,-1.6669881343841553
440000,update,policy_log_prob_mean,1.1824374198913574
440000,update,policy_log_prob_mean_max,1.6669881343841553
440000,update,policy_log_prob_mean_mean,0.9897492792844772
440000,update,policy_log_prob_mean_min,0.4961467385292053
440000,update,q1_loss,0.22494617104530334
440000,update,q1_loss_max,26.227140426635742
440000,update,q1_loss_mean,0.42580524963885547
440000,update,q1_loss_min,0.017335541546344757
440000,update,q1_mean,-12.87803840637207
440000,update,q1_mean_max,-4.123912811279297
440000,update,q1_mean_mean,-11.331526233005524
440000,update,q1_mean_min,-19.891759872436523
440000,update,q2_loss,1.5824730396270752
440000,update,q2_loss_max,32.32261657714844
440000,update,q2_loss_mean,0.4476835357390344
440000,update,q2_loss_min,0.013012770563364029
440000,update,q2_mean,-12.878620147705078
440000,update,q2_mean_max,-3.934570789337158
440000,update,q2_mean_mean,-11.331481456565857
440000,update,q2_mean_min,-19.86707305908203
440000,update,q_grad_norm,126.2027816772461
440000,update,q_grad_norm_max,3318.16064453125
440000,update,q_grad_norm_mean,93.07434011268616
440000,update,q_grad_norm_min,6.501422882080078
440000,update,q_loss,1.8074191808700562
440000,update,q_loss_cleanrl_logged,0.9037095904350281
440000,update,q_loss_cleanrl_logged_max,29.274879455566406
440000,update,q_loss_cleanrl_logged_mean,0.4367443930547684
440000,update,q_loss_cleanrl_logged_min,0.02167946845293045
440000,update,q_loss_max,58.54975891113281
440000,update,q_loss_mean,0.8734887861095368
440000,update,q_loss_min,0.0433589369058609
440000,update,q_param_norm,571.9203491210938
440000,update,q_param_norm_max,571.9407348632812
440000,update,q_param_norm_mean,570.9143015197753
440000,update,q_param_norm_min,570.0078735351562
440000,update,q_update_norm,0.03327946364879608
440000,update,q_update_norm_max,0.13377131521701813
440000,update,q_update_norm_mean,0.028400252380035816
440000,update,q_update_norm_min,0.011261330917477608
440000,update,q_update_norm_ratio,8.22779721788219e-05
440000,update,q_update_norm_ratio_max,0.00033149086903051995
440000,update,q_update_norm_ratio_mean,7.034041498508839e-05
440000,update,q_update_norm_ratio_min,2.7902761888436395e-05
440000,update,target_q_mean,-12.900012969970703
440000,update,target_q_mean_max,-4.022522926330566
440000,update,target_q_mean_mean,-11.331710120677949
440000,update,target_q_mean_min,-19.76222038269043
440200,train_episode,collapse,0.0
440200,train_episode,length,200.0
440200,train_episode,return,-124.92971781588521
440200,train_episode,success,1.0
440400,train_episode,collapse,0.0
440400,train_episode,length,200.0
440400,train_episode,return,-119.66079263224835
440400,train_episode,success,1.0
440600,train_episode,collapse,0.0
440600,train_episode,length,200.0
440600,train_episode,return,-116.93241325132546
440600,train_episode,success,1.0
440800,train_episode,collapse,0.0
440800,train_episode,length,200.0
440800,train_episode,return,-125.28909658458473
440800,train_episode,success,1.0
441000,train_episode,collapse,0.0
441000,train_episode,length,200.0
441000,train_episode,return,-225.02984556743857
441000,train_episode,success,0.0
441200,train_episode,collapse,0.0
441200,train_episode,length,200.0
441200,train_episode,return,-128.51186548005234
441200,train_episode,success,1.0
441400,train_episode,collapse,0.0
441400,train_episode,length,200.0
441400,train_episode,return,-118.97289711531629
441400,train_episode,success,1.0
441600,train_episode,collapse,0.0
441600,train_episode,length,200.0
441600,train_episode,return,-123.05308393489297
441600,train_episode,success,1.0
441800,train_episode,collapse,0.0
441800,train_episode,length,200.0
441800,train_episode,return,-121.03360883306902
441800,train_episode,success,1.0
442000,train_episode,collapse,0.0
442000,train_episode,length,200.0
442000,train_episode,return,-244.65018262124136
442000,train_episode,success,0.0
442200,train_episode,collapse,0.0
442200,train_episode,length,200.0
442200,train_episode,return,-218.26996563722716
442200,train_episode,success,0.0
442400,train_episode,collapse,0.0
442400,train_episode,length,200.0
442400,train_episode,return,-120.848957625689
442400,train_episode,success,1.0
442600,train_episode,collapse,0.0
442600,train_episode,length,200.0
442600,train_episode,return,-234.97495303782762
442600,train_episode,success,0.0
442800,train_episode,collapse,0.0
442800,train_episode,length,200.0
442800,train_episode,return,-118.53285412595184
442800,train_episode,success,1.0
443000,train_episode,collapse,0.0
443000,train_episode,length,200.0
443000,train_episode,return,-216.67151620425724
443000,train_episode,success,0.0
443200,train_episode,collapse,0.0
443200,train_episode,length,200.0
443200,train_episode,return,-220.10519035757332
443200,train_episode,success,0.0
443400,train_episode,collapse,0.0
443400,train_episode,length,200.0
443400,train_episode,return,-224.65084542154503
443400,train_episode,success,0.0
443600,train_episode,collapse,0.0
443600,train_episode,length,200.0
443600,train_episode,return,-218.9144606880152
443600,train_episode,success,0.0
443800,train_episode,collapse,0.0
443800,train_episode,length,200.0
443800,train_episode,return,-119.10815995020054
443800,train_episode,success,1.0
444000,train_episode,collapse,0.0
444000,train_episode,length,200.0
444000,train_episode,return,-232.865914934623
444000,train_episode,success,0.0
444200,train_episode,collapse,0.0
444200,train_episode,length,200.0
444200,train_episode,return,-120.84274174690206
444200,train_episode,success,1.0
444400,train_episode,collapse,0.0
444400,train_episode,length,200.0
444400,train_episode,return,-123.32916633604444
444400,train_episode,success,1.0
444600,train_episode,collapse,0.0
444600,train_episode,length,200.0
444600,train_episode,return,-126.26354650027852
444600,train_episode,success,1.0
444800,train_episode,collapse,0.0
444800,train_episode,length,200.0
444800,train_episode,return,-119.96222475421256
444800,train_episode,success,1.0
445000,train_episode,collapse,0.0
445000,train_episode,length,200.0
445000,train_episode,return,-1.0501274500271192
445000,train_episode,success,1.0
445000,update,actor_grad_norm,0.2833244502544403
445000,update,actor_grad_norm_max,21.168107986450195
445000,update,actor_grad_norm_mean,0.3940820851102471
445000,update,actor_grad_norm_min,0.04705663025379181
445000,update,actor_loss,10.60986328125
445000,update,actor_loss_max,19.325237274169922
445000,update,actor_loss_mean,11.43953248310089
445000,update,actor_loss_min,4.9093337059021
445000,update,actor_param_norm,111.88849639892578
445000,update,actor_param_norm_max,111.88849639892578
445000,update,actor_param_norm_mean,111.65138380432128
445000,update,actor_param_norm_min,111.42842102050781
445000,update,actor_update_norm,0.004854896571487188
445000,update,actor_update_norm_max,0.0413537435233593
445000,update,actor_update_norm_mean,0.01118846141844988
445000,update,actor_update_norm_min,0.00474539352580905
445000,update,actor_update_norm_ratio,4.339053633247438e-05
445000,update,actor_update_norm_ratio_max,0.0003701612026538148
445000,update,actor_update_norm_ratio_mean,0.0001002084114657428
445000,update,actor_update_norm_ratio_min,4.252252644204984e-05
445000,update,alpha,0.0018527950160205364
445000,update,alpha_loss,-4.6106149966362864e-05
445000,update,alpha_loss_max,0.0012697483180090785
445000,update,alpha_loss_mean,2.3593649042595643e-06
445000,update,alpha_loss_min,-0.0015544220805168152
445000,update,alpha_max,0.0028050171677023172
445000,update,alpha_mean,0.0021015048035653307
445000,update,alpha_min,0.0017302267951890826
445000,update,num_optimizer_updates,5000.0
445000,update,policy_entropy_estimate,-1.024885654449463
445000,update,policy_entropy_estimate_max,-0.4320705235004425
445000,update,policy_entropy_estimate_mean,-0.9998198960900306
445000,update,policy_entropy_estimate_min,-1.6119354963302612
445000,update,policy_log_prob_mean,1.024885654449463
445000,update,policy_log_prob_mean_max,1.6119354963302612
445000,update,policy_log_prob_mean_mean,0.9998198960900306
445000,update,policy_log_prob_mean_min,0.4320705235004425
445000,update,q1_loss,0.08803531527519226
445000,update,q1_loss_max,34.9395751953125
445000,update,q1_loss_mean,0.4876969286248088
445000,update,q1_loss_min,0.014738497324287891
445000,update,q1_mean,-10.630965232849121
445000,update,q1_mean_max,-3.8292863368988037
445000,update,q1_mean_mean,-11.413147627973556
445000,update,q1_mean_min,-21.687292098999023
445000,update,q2_loss,0.21338260173797607
445000,update,q2_loss_max,53.204429626464844
445000,update,q2_loss_mean,0.47074841863196343
445000,update,q2_loss_min,0.01548085082322359
445000,update,q2_mean,-10.847375869750977
445000,update,q2_mean_max,-3.7255375385284424
445000,update,q2_mean_mean,-11.413167876005172
445000,update,q2_mean_min,-21.862394332885742
445000,update,q_grad_norm,55.85926055908203
445000,update,q_grad_norm_max,1787.2071533203125
445000,update,q_grad_norm_mean,98.01060887241364
445000,update,q_grad_norm_min,6.115045070648193
445000,update,q_loss,0.30141791701316833
445000,update,q_loss_cleanrl_logged,0.15070895850658417
445000,update,q_loss_cleanrl_logged_max,44.07200241088867
445000,update,q_loss_cleanrl_logged_mean,0.4792226737510413
445000,update,q_loss_cleanrl_logged_min,0.020631784573197365
445000,update,q_loss_max,88.14400482177734
445000,update,q_loss_mean,0.9584453475020825
445000,update,q_loss_min,0.04126356914639473
445000,update,q_param_norm,573.659423828125
445000,update,q_param_norm_max,573.6629333496094
445000,update,q_param_norm_mean,572.8601046142578
445000,update,q_param_norm_min,571.9171752929688
445000,update,q_update_norm,0.02549804002046585
445000,update,q_update_norm_max,0.12192266434431076
445000,update,q_update_norm_mean,0.02932345599234104
445000,update,q_update_norm_min,0.012584806419909
445000,update,q_update_norm_ratio,6.284898700366554e-05
445000,update,q_update_norm_ratio_max,0.0003006657851935268
445000,update,q_update_norm_ratio_mean,7.237892627280968e-05
445000,update,q_update_norm_ratio_min,3.102615341648412e-05
445000,update,target_q_mean,-10.580387115478516
445000,update,target_q_mean_max,-3.848268508911133
445000,update,target_q_mean_mean,-11.413402914142608
445000,update,target_q_mean_min,-21.751096725463867
445200,train_episode,collapse,0.0
445200,train_episode,length,200.0
445200,train_episode,return,-228.47977630144206
445200,train_episode,success,0.0
445400,train_episode,collapse,0.0
445400,train_episode,length,200.0
445400,train_episode,return,-1.1588575640554302
445400,train_episode,success,1.0
445600,train_episode,collapse,0.0
445600,train_episode,length,200.0
445600,train_episode,return,-128.0399742530908
445600,train_episode,success,1.0
445800,train_episode,collapse,0.0
445800,train_episode,length,200.0
445800,train_episode,return,-117.83854611908065
445800,train_episode,success,1.0
446000,train_episode,collapse,0.0
446000,train_episode,length,200.0
446000,train_episode,return,-0.8327108987430111
446000,train_episode,success,1.0
446200,train_episode,collapse,0.0
446200,train_episode,length,200.0
446200,train_episode,return,-119.14226622054734
446200,train_episode,success,1.0
446400,train_episode,collapse,0.0
446400,train_episode,length,200.0
446400,train_episode,return,-123.62785921575845
446400,train_episode,success,1.0
446600,train_episode,collapse,0.0
446600,train_episode,length,200.0
446600,train_episode,return,-224.33440274719555
446600,train_episode,success,0.0
446800,train_episode,collapse,0.0
446800,train_episode,length,200.0
446800,train_episode,return,-222.38007229550908
446800,train_episode,success,0.0
447000,train_episode,collapse,0.0
447000,train_episode,length,200.0
447000,train_episode,return,-116.72427707479031
447000,train_episode,success,1.0
447200,train_episode,collapse,0.0
447200,train_episode,length,200.0
447200,train_episode,return,-236.40872443223466
447200,train_episode,success,0.0
447400,train_episode,collapse,0.0
447400,train_episode,length,200.0
447400,train_episode,return,-231.12954115683215
447400,train_episode,success,0.0
447600,train_episode,collapse,0.0
447600,train_episode,length,200.0
447600,train_episode,return,-237.63397348593548
447600,train_episode,success,0.0
447800,train_episode,collapse,0.0
447800,train_episode,length,200.0
447800,train_episode,return,-120.46107417852598
447800,train_episode,success,1.0
448000,train_episode,collapse,0.0
448000,train_episode,length,200.0
448000,train_episode,return,-122.27334997454832
448000,train_episode,success,1.0
448200,train_episode,collapse,0.0
448200,train_episode,length,200.0
448200,train_episode,return,-124.43877605257629
448200,train_episode,success,1.0
448400,train_episode,collapse,0.0
448400,train_episode,length,200.0
448400,train_episode,return,-1.3418983183366142
448400,train_episode,success,1.0
448600,train_episode,collapse,0.0
448600,train_episode,length,200.0
448600,train_episode,return,-124.74798327618619
448600,train_episode,success,1.0
448800,train_episode,collapse,0.0
448800,train_episode,length,200.0
448800,train_episode,return,-119.56118743535359
448800,train_episode,success,1.0
449000,train_episode,collapse,0.0
449000,train_episode,length,200.0
449000,train_episode,return,-118.43858667890218
449000,train_episode,success,1.0
449200,train_episode,collapse,0.0
449200,train_episode,length,200.0
449200,train_episode,return,-123.1012020334592
449200,train_episode,success,1.0
449400,train_episode,collapse,0.0
449400,train_episode,length,200.0
449400,train_episode,return,-126.80754413085016
449400,train_episode,success,1.0
449600,train_episode,collapse,0.0
449600,train_episode,length,200.0
449600,train_episode,return,-121.25929405240053
449600,train_episode,success,1.0
449800,train_episode,collapse,0.0
449800,train_episode,length,200.0
449800,train_episode,return,-224.72226440194672
449800,train_episode,success,0.0
450000,train_episode,collapse,0.0
450000,train_episode,length,200.0
450000,train_episode,return,-122.018022289328
450000,train_episode,success,1.0
450000,update,actor_grad_norm,0.7126155495643616
450000,update,actor_grad_norm_max,23.563737869262695
450000,update,actor_grad_norm_mean,0.3745823286369443
450000,update,actor_grad_norm_min,0.0524471215903759
450000,update,actor_loss,8.949522018432617
450000,update,actor_loss_max,19.399944305419922
450000,update,actor_loss_mean,11.499696722602843
450000,update,actor_loss_min,4.4678778648376465
450000,update,actor_param_norm,112.33695220947266
450000,update,actor_param_norm_max,112.33695220947266
450000,update,actor_param_norm_mean,112.1252682434082
450000,update,actor_param_norm_min,111.88670349121094
450000,update,actor_update_norm,0.01701565831899643
450000,update,actor_update_norm_max,0.04473137855529785
450000,update,actor_update_norm_mean,0.011429826509393752
450000,update,actor_update_norm_min,0.0044029527343809605
450000,update,actor_update_norm_ratio,0.00015146994690362823
450000,update,actor_update_norm_ratio_max,0.00039898023088331426
450000,update,actor_update_norm_ratio_mean,0.00010193801227077776
450000,update,actor_update_norm_ratio_min,3.925591125765701e-05
450000,update,alpha,0.0031953887082636356
450000,update,alpha_loss,0.00017253190162591636
450000,update,alpha_loss_max,0.001620586379431188
450000,update,alpha_loss_mean,-3.626380717032589e-05
450000,update,alpha_loss_min,-0.0015279779909178615
450000,update,alpha_max,0.003843914484605193
450000,update,alpha_mean,0.0023231563332490623
450000,update,alpha_min,0.0015024481108412147
450000,update,num_optimizer_updates,5000.0
450000,update,policy_entropy_estimate,-0.9460253119468689
450000,update,policy_entropy_estimate_max,-0.4370000660419464
450000,update,policy_entropy_estimate_mean,-1.015398418533802
450000,update,policy_entropy_estimate_min,-1.5591436624526978
450000,update,policy_log_prob_mean,0.9460253119468689
450000,update,policy_log_prob_mean_max,1.5591436624526978
450000,update,policy_log_prob_mean_mean,1.015398418533802
450000,update,policy_log_prob_mean_min,0.4370000660419464
450000,update,q1_loss,0.39533960819244385
450000,update,q1_loss_max,22.016008377075195
450000,update,q1_loss_mean,0.41950441230498253
450000,update,q1_loss_min,0.015933772549033165
450000,update,q1_mean,-9.152441024780273
450000,update,q1_mean_max,-4.372176170349121
450000,update,q1_mean_mean,-11.511190293598174
450000,update,q1_mean_min,-19.876354217529297
450000,update,q2_loss,0.5351004600524902
450000,update,q2_loss_max,19.42267417907715
450000,update,q2_loss_mean,0.4697089405156672
450000,update,q2_loss_min,0.020480098202824593
450000,update,q2_mean,-9.305278778076172
450000,update,q2_mean_max,-4.428202152252197
450000,update,q2_mean_mean,-11.511213697147369
450000,update,q2_mean_min,-20.032121658325195
450000,update,q_grad_norm,80.9551773071289
450000,update,q_grad_norm_max,1559.556884765625
450000,update,q_grad_norm_mean,93.17386734485626
450000,update,q_grad_norm_min,6.594667434692383
450000,update,q_loss,0.9304400682449341
450000,update,q_loss_cleanrl_logged,0.46522003412246704
450000,update,q_loss_cleanrl_logged_max,20.719341278076172
450000,update,q_loss_cleanrl_logged_mean,0.44460667641870677
450000,update,q_loss_cleanrl_logged_min,0.025950655341148376
450000,update,q_loss_max,41.438682556152344
450000,update,q_loss_mean,0.8892133528374135
450000,update,q_loss_min,0.05190131068229675
450000,update,q_param_norm,575.4694519042969
450000,update,q_param_norm_max,575.4705810546875
450000,update,q_param_norm_mean,574.4838717041016
450000,update,q_param_norm_min,573.6590576171875
450000,update,q_update_norm,0.03258950263261795
450000,update,q_update_norm_max,0.0879531055688858
450000,update,q_update_norm_mean,0.0287784923132509
450000,update,q_update_norm_min,0.012439767830073833
450000,update,q_update_norm_ratio,8.007673307720892e-05
450000,update,q_update_norm_ratio_max,0.0002166658043740852
450000,update,q_update_norm_ratio_mean,7.083451921133821e-05
450000,update,q_update_norm_ratio_min,3.062967589987533e-05
450000,update,target_q_mean,-9.053647994995117
450000,update,target_q_mean_max,-4.498910903930664
450000,update,target_q_mean_mean,-11.511387646484375
450000,update,target_q_mean_min,-20.04827308654785
450000,replay,action_abs_max,2.0
450000,replay,action_abs_mean,0.5884502530097961
450000,replay,action_saturation_fraction,0.07307111111111111
450000,replay,capacity,500000.0
450000,replay,done_fraction,0.0
450000,replay,fill_fraction,0.9
450000,replay,near_upright_any_transition_fraction,0.8456888888888889
450000,replay,near_upright_next_obs_fraction,0.8455844444444445
450000,replay,near_upright_obs_fraction,0.8411222222222222
450000,replay,reward_max,-4.2872531480497855e-07
450000,replay,reward_mean,-0.7947400808334351
450000,replay,reward_min,-16.269039154052734
450000,replay,reward_std,2.414621114730835
450000,replay,sample_count_max,1271.0
450000,replay,sample_count_mean,253.15555555555557
450000,replay,size,450000.0
450000,replay,transition_age_max,449999.0
450000,replay,transition_age_mean,224999.5
450000,diagnostics,actor_layer0_activation_abs_max,4.209868431091309
450000,diagnostics,actor_layer0_activation_abs_mean,0.06278377026319504
450000,diagnostics,actor_layer0_dormant_fraction,0.12890625
450000,diagnostics,actor_layer0_effective_rank_fraction,0.06336383521556854
450000,diagnostics,actor_layer1_activation_abs_max,12.012693405151367
450000,diagnostics,actor_layer1_activation_abs_mean,0.0219243373721838
450000,diagnostics,actor_layer1_dormant_fraction,0.58203125
450000,diagnostics,actor_layer1_effective_rank_fraction,0.10709062963724136
450000,diagnostics,actor_param_norm,112.33695220947266
450000,diagnostics,alpha,0.0031953887082636356
450000,diagnostics,q1_layer0_activation_abs_max,7.287384986877441
450000,diagnostics,q1_layer0_activation_abs_mean,0.24031850695610046
450000,diagnostics,q1_layer0_dormant_fraction,0.3671875
450000,diagnostics,q1_layer0_effective_rank_fraction,0.057601287961006165
450000,diagnostics,q1_layer1_activation_abs_max,34.54158401489258
450000,diagnostics,q1_layer1_activation_abs_mean,1.8521769046783447
450000,diagnostics,q1_layer1_dormant_fraction,0.75390625
450000,diagnostics,q1_layer1_effective_rank_fraction,0.057914167642593384
450000,diagnostics,q1_param_norm,292.6693420410156
450000,diagnostics,q2_layer0_activation_abs_max,5.892208099365234
450000,diagnostics,q2_layer0_activation_abs_mean,0.2506659924983978
450000,diagnostics,q2_layer0_dormant_fraction,0.35546875
450000,diagnostics,q2_layer0_effective_rank_fraction,0.05545191094279289
450000,diagnostics,q2_layer1_activation_abs_max,45.451908111572266
450000,diagnostics,q2_layer1_activation_abs_mean,1.6539053916931152
450000,diagnostics,q2_layer1_dormant_fraction,0.8125
450000,diagnostics,q2_layer1_effective_rank_fraction,0.05178586393594742
450000,diagnostics,q2_param_norm,282.80010986328125
450200,train_episode,collapse,0.0
450200,train_episode,length,200.0
450200,train_episode,return,-226.37688381727838
450200,train_episode,success,0.0
450400,train_episode,collapse,0.0
450400,train_episode,length,200.0
450400,train_episode,return,-225.45764361462815
450400,train_episode,success,0.0
450600,train_episode,collapse,0.0
450600,train_episode,length,200.0
450600,train_episode,return,-123.13837201092447
450600,train_episode,success,1.0
450800,train_episode,collapse,0.0
450800,train_episode,length,200.0
450800,train_episode,return,-227.1434806958578
450800,train_episode,success,0.0
451000,train_episode,collapse,0.0
451000,train_episode,length,200.0
451000,train_episode,return,-219.24841122331912
451000,train_episode,success,0.0
451200,train_episode,collapse,0.0
451200,train_episode,length,200.0
451200,train_episode,return,-312.8371098604824
451200,train_episode,success,0.0
451400,train_episode,collapse,0.0
451400,train_episode,length,200.0
451400,train_episode,return,-122.09827722958778
451400,train_episode,success,1.0
451600,train_episode,collapse,0.0
451600,train_episode,length,200.0
451600,train_episode,return,-117.22249636833104
451600,train_episode,success,1.0
451800,train_episode,collapse,0.0
451800,train_episode,length,200.0
451800,train_episode,return,-222.38482365420074
451800,train_episode,success,0.0
452000,train_episode,collapse,0.0
452000,train_episode,length,200.0
452000,train_episode,return,-122.54326367263509
452000,train_episode,success,1.0
452200,train_episode,collapse,0.0
452200,train_episode,length,200.0
452200,train_episode,return,-0.8358288081404739
452200,train_episode,success,1.0
452400,train_episode,collapse,0.0
452400,train_episode,length,200.0
452400,train_episode,return,-261.1897895061867
452400,train_episode,success,0.0
452600,train_episode,collapse,0.0
452600,train_episode,length,200.0
452600,train_episode,return,-0.5178546340672584
452600,train_episode,success,1.0
452800,train_episode,collapse,0.0
452800,train_episode,length,200.0
452800,train_episode,return,-125.52923140555967
452800,train_episode,success,1.0
453000,train_episode,collapse,0.0
453000,train_episode,length,200.0
453000,train_episode,return,-305.41888640595704
453000,train_episode,success,0.0
453200,train_episode,collapse,0.0
453200,train_episode,length,200.0
453200,train_episode,return,-0.8948185819996233
453200,train_episode,success,1.0
453400,train_episode,collapse,0.0
453400,train_episode,length,200.0
453400,train_episode,return,-119.54838300468452
453400,train_episode,success,1.0
453600,train_episode,collapse,0.0
453600,train_episode,length,200.0
453600,train_episode,return,-116.28952534846985
453600,train_episode,success,1.0
453800,train_episode,collapse,0.0
453800,train_episode,length,200.0
453800,train_episode,return,-220.39901098631933
453800,train_episode,success,0.0
454000,train_episode,collapse,0.0
454000,train_episode,length,200.0
454000,train_episode,return,-120.86330637802432
454000,train_episode,success,1.0
454200,train_episode,collapse,0.0
454200,train_episode,length,200.0
454200,train_episode,return,-119.1975747761938
454200,train_episode,success,1.0
454400,train_episode,collapse,0.0
454400,train_episode,length,200.0
454400,train_episode,return,-113.75844748873419
454400,train_episode,success,1.0
454600,train_episode,collapse,0.0
454600,train_episode,length,200.0
454600,train_episode,return,-117.85775970702473
454600,train_episode,success,1.0
454800,train_episode,collapse,0.0
454800,train_episode,length,200.0
454800,train_episode,return,-125.68617016626146
454800,train_episode,success,1.0
455000,train_episode,collapse,0.0
455000,train_episode,length,200.0
455000,train_episode,return,-0.6930099660171567
455000,train_episode,success,1.0
455000,update,actor_grad_norm,0.40296638011932373
455000,update,actor_grad_norm_max,22.49256134033203
455000,update,actor_grad_norm_mean,0.40899157886207105
455000,update,actor_grad_norm_min,0.05699564516544342
455000,update,actor_loss,11.386154174804688
455000,update,actor_loss_max,21.435482025146484
455000,update,actor_loss_mean,11.589711361503602
455000,update,actor_loss_min,4.721748352050781
455000,update,actor_param_norm,112.7785415649414
455000,update,actor_param_norm_max,112.78193664550781
455000,update,actor_param_norm_mean,112.53705241088868
455000,update,actor_param_norm_min,112.32945251464844
455000,update,actor_update_norm,0.011560465209186077
455000,update,actor_update_norm_max,0.04799037054181099
455000,update,actor_update_norm_mean,0.011515089510940015
455000,update,actor_update_norm_min,0.004360271152108908
455000,update,actor_update_norm_ratio,0.00010250592851318307
455000,update,actor_update_norm_ratio_max,0.0004260760423846741
455000,update,actor_update_norm_ratio_mean,0.00010232207623621821
455000,update,actor_update_norm_ratio_min,3.876458534580617e-05
455000,update,alpha,0.0018761303508654237
455000,update,alpha_loss,-9.925189078785479e-05
455000,update,alpha_loss_max,0.001655861735343933
455000,update,alpha_loss_mean,6.566899219287735e-05
455000,update,alpha_loss_min,-0.0012358343228697777
455000,update,alpha_max,0.0031953887082636356
455000,update,alpha_mean,0.0017254599428502843
455000,update,alpha_min,0.0009020888828672469
455000,update,num_optimizer_updates,5000.0
455000,update,policy_entropy_estimate,-1.0529582500457764
455000,update,policy_entropy_estimate_max,-0.3306480050086975
455000,update,policy_entropy_estimate_mean,-0.9701882768630982
455000,update,policy_entropy_estimate_min,-1.556071162223816
455000,update,policy_log_prob_mean,1.0529582500457764
455000,update,policy_log_prob_mean_max,1.556071162223816
455000,update,policy_log_prob_mean_mean,0.9701882768630982
455000,update,policy_log_prob_mean_min,0.3306480050086975
455000,update,q1_loss,0.09032659977674484
455000,update,q1_loss_max,26.64043617248535
455000,update,q1_loss_mean,0.4372605614837259
455000,update,q1_loss_min,0.014072729274630547
455000,update,q1_mean,-11.22634220123291
455000,update,q1_mean_max,-4.426873683929443
455000,update,q1_mean_mean,-11.53139642715454
455000,update,q1_mean_min,-21.511987686157227
455000,update,q2_loss,0.31739193201065063
455000,update,q2_loss_max,29.07250213623047
455000,update,q2_loss_mean,0.4357304427716881
455000,update,q2_loss_min,0.019586976617574692
455000,update,q2_mean,-11.302385330200195
455000,update,q2_mean_max,-4.389482498168945
455000,update,q2_mean_mean,-11.531390018081664
455000,update,q2_mean_min,-21.518043518066406
455000,update,q_grad_norm,27.3597354888916
455000,update,q_grad_norm_max,1658.0186767578125
455000,update,q_grad_norm_mean,92.87438586473465
455000,update,q_grad_norm_min,7.270411491394043
455000,update,q_loss,0.4077185392379761
455000,update,q_loss_cleanrl_logged,0.20385926961898804
455000,update,q_loss_cleanrl_logged_max,27.856468200683594
455000,update,q_loss_cleanrl_logged_mean,0.43649550152122973
455000,update,q_loss_cleanrl_logged_min,0.026820654049515724
455000,update,q_loss_max,55.71293640136719
455000,update,q_loss_mean,0.8729910030424595
455000,update,q_loss_min,0.05364130809903145
455000,update,q_param_norm,577.2014465332031
455000,update,q_param_norm_max,577.2178344726562
455000,update,q_param_norm_mean,576.3757719787598
455000,update,q_param_norm_min,575.462158203125
455000,update,q_update_norm,0.03753473982214928
455000,update,q_update_norm_max,0.10148440301418304
455000,update,q_update_norm_mean,0.029431416963785886
455000,update,q_update_norm_min,0.012317122891545296
455000,update,q_update_norm_ratio,9.19520885042232e-05
455000,update,q_update_norm_ratio_max,0.00024899042475868725
455000,update,q_update_norm_ratio_mean,7.220527950227507e-05
455000,update,q_update_norm_ratio_min,3.0210794448334718e-05
455000,update,target_q_mean,-11.299972534179688
455000,update,target_q_mean_max,-4.4042463302612305
455000,update,target_q_mean_mean,-11.53162172574997
455000,update,target_q_mean_min,-21.781766891479492
455200,train_episode,collapse,0.0
455200,train_episode,length,200.0
455200,train_episode,return,-121.15821286319544
455200,train_episode,success,1.0
455400,train_episode,collapse,0.0
455400,train_episode,length,200.0
455400,train_episode,return,-0.43806841342351854
455400,train_episode,success,1.0
455600,train_episode,collapse,0.0
455600,train_episode,length,200.0
455600,train_episode,return,-125.44029807126968
455600,train_episode,success,1.0
455800,train_episode,collapse,0.0
455800,train_episode,length,200.0
455800,train_episode,return,-129.82591070424078
455800,train_episode,success,1.0
456000,train_episode,collapse,0.0
456000,train_episode,length,200.0
456000,train_episode,return,-230.22884045296556
456000,train_episode,success,0.0
456200,train_episode,collapse,0.0
456200,train_episode,length,200.0
456200,train_episode,return,-226.48246990800612
456200,train_episode,success,0.0
456400,train_episode,collapse,0.0
456400,train_episode,length,200.0
456400,train_episode,return,-218.1811041667808
456400,train_episode,success,0.0
456600,train_episode,collapse,0.0
456600,train_episode,length,200.0
456600,train_episode,return,-222.43863116289629
456600,train_episode,success,0.0
456800,train_episode,collapse,0.0
456800,train_episode,length,200.0
456800,train_episode,return,-122.44672306537369
456800,train_episode,success,1.0
457000,train_episode,collapse,0.0
457000,train_episode,length,200.0
457000,train_episode,return,-117.86375029538856
457000,train_episode,success,1.0
457200,train_episode,collapse,0.0
457200,train_episode,length,200.0
457200,train_episode,return,-127.43639460109152
457200,train_episode,success,1.0
457400,train_episode,collapse,0.0
457400,train_episode,length,200.0
457400,train_episode,return,-121.16287400990112
457400,train_episode,success,1.0
457600,train_episode,collapse,0.0
457600,train_episode,length,200.0
457600,train_episode,return,-234.12414722457794
457600,train_episode,success,0.0
457800,train_episode,collapse,0.0
457800,train_episode,length,200.0
457800,train_episode,return,-236.95378156410573
457800,train_episode,success,0.0
458000,train_episode,collapse,0.0
458000,train_episode,length,200.0
458000,train_episode,return,-118.68855174472802
458000,train_episode,success,1.0
458200,train_episode,collapse,0.0
458200,train_episode,length,200.0
458200,train_episode,return,-218.82120876645632
458200,train_episode,success,0.0
458400,train_episode,collapse,0.0
458400,train_episode,length,200.0
458400,train_episode,return,-214.60401933433494
458400,train_episode,success,0.0
458600,train_episode,collapse,0.0
458600,train_episode,length,200.0
458600,train_episode,return,-216.03806957938065
458600,train_episode,success,0.0
458800,train_episode,collapse,0.0
458800,train_episode,length,200.0
458800,train_episode,return,-216.863846633398
458800,train_episode,success,0.0
459000,train_episode,collapse,0.0
459000,train_episode,length,200.0
459000,train_episode,return,-119.21921709811267
459000,train_episode,success,1.0
459200,train_episode,collapse,0.0
459200,train_episode,length,200.0
459200,train_episode,return,-225.10809154039453
459200,train_episode,success,0.0
459400,train_episode,collapse,0.0
459400,train_episode,length,200.0
459400,train_episode,return,-124.51247181624802
459400,train_episode,success,1.0
459600,train_episode,collapse,0.0
459600,train_episode,length,200.0
459600,train_episode,return,-231.59610092586115
459600,train_episode,success,0.0
459800,train_episode,collapse,0.0
459800,train_episode,length,200.0
459800,train_episode,return,-6.61490688598634
459800,train_episode,success,1.0
460000,train_episode,collapse,0.0
460000,train_episode,length,200.0
460000,train_episode,return,-121.16665339996136
460000,train_episode,success,1.0
460000,update,actor_grad_norm,0.3127177357673645
460000,update,actor_grad_norm_max,25.03266716003418
460000,update,actor_grad_norm_mean,0.36466250734329225
460000,update,actor_grad_norm_min,0.05254790931940079
460000,update,actor_loss,7.774954319000244
460000,update,actor_loss_max,20.131235122680664
460000,update,actor_loss_mean,11.559296221542358
460000,update,actor_loss_min,5.164690971374512
460000,update,actor_param_norm,113.2703628540039
460000,update,actor_param_norm_max,113.2703628540039
460000,update,actor_param_norm_mean,113.03990195922852
460000,update,actor_param_norm_min,112.7785415649414
460000,update,actor_update_norm,0.009633848443627357
460000,update,actor_update_norm_max,0.03809576854109764
460000,update,actor_update_norm_mean,0.011429794840700924
460000,update,actor_update_norm_min,0.004282806068658829
460000,update,actor_update_norm_ratio,8.505191057824765e-05
460000,update,actor_update_norm_ratio_max,0.00033691145781041866
460000,update,actor_update_norm_ratio_mean,0.00010111343851889559
460000,update,actor_update_norm_ratio_min,3.7926040649936734e-05
460000,update,alpha,0.0017440607771277428
460000,update,alpha_loss,0.0004102734965272248
460000,update,alpha_loss_max,0.0011589262867346406
460000,update,alpha_loss_mean,2.258536454028217e-05
460000,update,alpha_loss_min,-0.001244744984433055
460000,update,alpha_max,0.002505156211555004
460000,update,alpha_mean,0.0015930642899824306
460000,update,alpha_min,0.0010123386746272445
460000,update,num_optimizer_updates,5000.0
460000,update,policy_entropy_estimate,-0.7649610042572021
460000,update,policy_entropy_estimate_max,-0.3824153542518616
460000,update,policy_entropy_estimate_mean,-0.9862089020729065
460000,update,policy_entropy_estimate_min,-1.597786545753479
460000,update,policy_log_prob_mean,0.7649610042572021
460000,update,policy_log_prob_mean_max,1.597786545753479
460000,update,policy_log_prob_mean_mean,0.9862089020729065
460000,update,policy_log_prob_mean_min,0.3824153542518616
460000,update,q1_loss,0.9474639296531677
460000,update,q1_loss_max,32.7084846496582
460000,update,q1_loss_mean,0.4444897164493799
460000,update,q1_loss_min,0.010024173185229301
460000,update,q1_mean,-7.911222457885742
460000,update,q1_mean_max,-4.801044940948486
460000,update,q1_mean_mean,-11.56383108177185
460000,update,q1_mean_min,-20.10301399230957
460000,update,q2_loss,0.10692994296550751
460000,update,q2_loss_max,29.3474063873291
460000,update,q2_loss_mean,0.43605874343141915
460000,update,q2_loss_min,0.017514856532216072
460000,update,q2_mean,-7.720856189727783
460000,update,q2_mean_max,-4.520797252655029
460000,update,q2_mean_mean,-11.56389372034073
460000,update,q2_mean_min,-20.13009262084961
460000,update,q_grad_norm,206.05978393554688
460000,update,q_grad_norm_max,1495.354248046875
460000,update,q_grad_norm_mean,89.15797144994735
460000,update,q_grad_norm_min,4.377223014831543
460000,update,q_loss,1.0543938875198364
460000,update,q_loss_cleanrl_logged,0.5271969437599182
460000,update,q_loss_cleanrl_logged_max,31.02794647216797
460000,update,q_loss_cleanrl_logged_mean,0.4402742301508784
460000,update,q_loss_cleanrl_logged_min,0.021913625299930573
460000,update,q_loss_max,62.05589294433594
460000,update,q_loss_mean,0.8805484603017568
460000,update,q_loss_min,0.043827250599861145
460000,update,q_param_norm,578.7060241699219
460000,update,q_param_norm_max,578.7060241699219
460000,update,q_param_norm_mean,577.9970654968262
460000,update,q_param_norm_min,577.193603515625
460000,update,q_update_norm,0.024856634438037872
460000,update,q_update_norm_max,0.08421877026557922
460000,update,q_update_norm_mean,0.02941239982228726
460000,update,q_update_norm_min,0.013186028227210045
460000,update,q_update_norm_ratio,6.073521681337345e-05
460000,update,q_update_norm_ratio_max,0.00020624965913019686
460000,update,q_update_norm_ratio_mean,7.195630655251772e-05
460000,update,q_update_norm_ratio_min,3.2263197351831274e-05
460000,update,target_q_mean,-7.721031188964844
460000,update,target_q_mean_max,-4.808510780334473
460000,update,target_q_mean_mean,-11.56408784646988
460000,update,target_q_mean_min,-20.138172149658203
460200,train_episode,collapse,0.0
460200,train_episode,length,200.0
460200,train_episode,return,-233.41431851910582
460200,train_episode,success,0.0
460400,train_episode,collapse,0.0
460400,train_episode,length,200.0
460400,train_episode,return,-116.806719831553
460400,train_episode,success,1.0
460600,train_episode,collapse,0.0
460600,train_episode,length,200.0
460600,train_episode,return,-125.44406261421622
460600,train_episode,success,1.0
460800,train_episode,collapse,0.0
460800,train_episode,length,200.0
460800,train_episode,return,-237.68200266609978
460800,train_episode,success,0.0
461000,train_episode,collapse,0.0
461000,train_episode,length,200.0
461000,train_episode,return,-117.91164795362555
461000,train_episode,success,1.0
461200,train_episode,collapse,0.0
461200,train_episode,length,200.0
461200,train_episode,return,-230.58452202303545
461200,train_episode,success,0.0
461400,train_episode,collapse,0.0
461400,train_episode,length,200.0
461400,train_episode,return,-4.057817466904156
461400,train_episode,success,1.0
461600,train_episode,collapse,0.0
461600,train_episode,length,200.0
461600,train_episode,return,-116.42030304901101
461600,train_episode,success,1.0
461800,train_episode,collapse,0.0
461800,train_episode,length,200.0
461800,train_episode,return,-118.77515349972147
461800,train_episode,success,1.0
462000,train_episode,collapse,0.0
462000,train_episode,length,200.0
462000,train_episode,return,-124.0938677338441
462000,train_episode,success,1.0
462200,train_episode,collapse,0.0
462200,train_episode,length,200.0
462200,train_episode,return,-233.56577659267666
462200,train_episode,success,0.0
462400,train_episode,collapse,0.0
462400,train_episode,length,200.0
462400,train_episode,return,-119.89947840447533
462400,train_episode,success,1.0
462600,train_episode,collapse,0.0
462600,train_episode,length,200.0
462600,train_episode,return,-280.85169026529957
462600,train_episode,success,0.0
462800,train_episode,collapse,0.0
462800,train_episode,length,200.0
462800,train_episode,return,-118.70130448388959
462800,train_episode,success,1.0
463000,train_episode,collapse,0.0
463000,train_episode,length,200.0
463000,train_episode,return,-1.6556588830461416
463000,train_episode,success,1.0
463200,train_episode,collapse,0.0
463200,train_episode,length,200.0
463200,train_episode,return,-120.09872275308153
463200,train_episode,success,1.0
463400,train_episode,collapse,0.0
463400,train_episode,length,200.0
463400,train_episode,return,-116.55119843101063
463400,train_episode,success,1.0
463600,train_episode,collapse,0.0
463600,train_episode,length,200.0
463600,train_episode,return,-120.7927774711413
463600,train_episode,success,1.0
463800,train_episode,collapse,0.0
463800,train_episode,length,200.0
463800,train_episode,return,-218.642989187911
463800,train_episode,success,0.0
464000,train_episode,collapse,0.0
464000,train_episode,length,200.0
464000,train_episode,return,-121.45293541996675
464000,train_episode,success,1.0
464200,train_episode,collapse,0.0
464200,train_episode,length,200.0
464200,train_episode,return,-129.3502755917488
464200,train_episode,success,1.0
464400,train_episode,collapse,0.0
464400,train_episode,length,200.0
464400,train_episode,return,-126.19647236349127
464400,train_episode,success,1.0
464600,train_episode,collapse,0.0
464600,train_episode,length,200.0
464600,train_episode,return,-117.54046149193506
464600,train_episode,success,1.0
464800,train_episode,collapse,0.0
464800,train_episode,length,200.0
464800,train_episode,return,-118.55413536084555
464800,train_episode,success,1.0
465000,train_episode,collapse,0.0
465000,train_episode,length,200.0
465000,train_episode,return,-118.29419462905592
465000,train_episode,success,1.0
465000,update,actor_grad_norm,0.15252430737018585
465000,update,actor_grad_norm_max,24.18585968017578
465000,update,actor_grad_norm_mean,0.3763067502245307
465000,update,actor_grad_norm_min,0.05846422165632248
465000,update,actor_loss,13.296669960021973
465000,update,actor_loss_max,20.951671600341797
465000,update,actor_loss_mean,11.600863021850586
465000,update,actor_loss_min,4.950663089752197
465000,update,actor_param_norm,113.84651947021484
465000,update,actor_param_norm_max,113.84651947021484
465000,update,actor_param_norm_mean,113.60558983154297
465000,update,actor_param_norm_min,113.2703628540039
465000,update,actor_update_norm,0.00954133179038763
465000,update,actor_update_norm_max,0.04352912679314613
465000,update,actor_update_norm_mean,0.011927361202426255
465000,update,actor_update_norm_min,0.005155071150511503
465000,update,actor_update_norm_ratio,8.380883301123915e-05
465000,update,actor_update_norm_ratio_max,0.0003827511194189491
465000,update,actor_update_norm_ratio_mean,0.00010498630240190364
465000,update,actor_update_norm_ratio_min,4.543639449588786e-05
465000,update,alpha,0.001987157156690955
465000,update,alpha_loss,-6.118572491686791e-05
465000,update,alpha_loss_max,0.0012451960938051343
465000,update,alpha_loss_mean,-7.334187035667128e-07
465000,update,alpha_loss_min,-0.0014742100611329079
465000,update,alpha_max,0.003151393262669444
465000,update,alpha_mean,0.0022182660513557495
465000,update,alpha_min,0.001688721007667482
465000,update,num_optimizer_updates,5000.0
465000,update,policy_entropy_estimate,-1.0307884216308594
465000,update,policy_entropy_estimate_max,-0.49601608514785767
465000,update,policy_entropy_estimate_mean,-1.00149709045887
465000,update,policy_entropy_estimate_min,-1.6070435047149658
465000,update,policy_log_prob_mean,1.0307884216308594
465000,update,policy_log_prob_mean_max,1.6070435047149658
465000,update,policy_log_prob_mean_mean,1.00149709045887
465000,update,policy_log_prob_mean_min,0.49601608514785767
465000,update,q1_loss,0.11608721315860748
465000,update,q1_loss_max,28.551090240478516
465000,update,q1_loss_mean,0.4725642106702551
465000,update,q1_loss_min,0.012905149720609188
465000,update,q1_mean,-13.409213066101074
465000,update,q1_mean_max,-4.303555011749268
465000,update,q1_mean_mean,-11.630349071884154
465000,update,q1_mean_min,-21.016284942626953
465000,update,q2_loss,1.068729281425476
465000,update,q2_loss_max,23.73845863342285
465000,update,q2_loss_mean,0.4609093707580119
465000,update,q2_loss_min,0.016294224187731743
465000,update,q2_mean,-13.444032669067383
465000,update,q2_mean_max,-4.331230163574219
465000,update,q2_mean_mean,-11.630322307109832
465000,update,q2_mean_min,-20.937828063964844
465000,update,q_grad_norm,255.72235107421875
465000,update,q_grad_norm_max,1681.00927734375
465000,update,q_grad_norm_mean,95.41491593236923
465000,update,q_grad_norm_min,7.914077281951904
465000,update,q_loss,1.1848164796829224
465000,update,q_loss_cleanrl_logged,0.5924082398414612
465000,update,q_loss_cleanrl_logged_max,25.098915100097656
465000,update,q_loss_cleanrl_logged_mean,0.46673679082356395
465000,update,q_loss_cleanrl_logged_min,0.01988501474261284
465000,update,q_loss_max,50.19783020019531
465000,update,q_loss_mean,0.9334735816471279
465000,update,q_loss_min,0.03977002948522568
465000,update,q_param_norm,580.2070617675781
465000,update,q_param_norm_max,580.2195129394531
465000,update,q_param_norm_mean,579.4956323364257
465000,update,q_param_norm_min,578.7001037597656
465000,update,q_update_norm,0.02145862579345703
465000,update,q_update_norm_max,0.08109262585639954
465000,update,q_update_norm_mean,0.029694007235765457
465000,update,q_update_norm_min,0.014475853182375431
465000,update,q_update_norm_ratio,5.2296678805526656e-05
465000,update,q_update_norm_ratio_max,0.0001978713731912101
465000,update,q_update_norm_ratio_mean,7.245636203715278e-05
465000,update,q_update_norm_ratio_min,3.5287115547151846e-05
465000,update,target_q_mean,-13.401571273803711
465000,update,target_q_mean_max,-4.265163898468018
465000,update,target_q_mean_mean,-11.630497163772583
465000,update,target_q_mean_min,-20.939790725708008
465200,train_episode,collapse,0.0
465200,train_episode,length,200.0
465200,train_episode,return,-1.1096093925201047
465200,train_episode,success,1.0
465400,train_episode,collapse,0.0
465400,train_episode,length,200.0
465400,train_episode,return,-126.96415684876766
465400,train_episode,success,1.0
465600,train_episode,collapse,0.0
465600,train_episode,length,200.0
465600,train_episode,return,-227.0526836976202
465600,train_episode,success,0.0
465800,train_episode,collapse,0.0
465800,train_episode,length,200.0
465800,train_episode,return,-0.5808637900420833
465800,train_episode,success,1.0
466000,train_episode,collapse,0.0
466000,train_episode,length,200.0
466000,train_episode,return,-1.623585708672984
466000,train_episode,success,1.0
466200,train_episode,collapse,0.0
466200,train_episode,length,200.0
466200,train_episode,return,-0.8675478060152082
466200,train_episode,success,1.0
466400,train_episode,collapse,0.0
466400,train_episode,length,200.0
466400,train_episode,return,-230.5010336776685
466400,train_episode,success,0.0
466600,train_episode,collapse,0.0
466600,train_episode,length,200.0
466600,train_episode,return,-126.08182597560227
466600,train_episode,success,1.0
466800,train_episode,collapse,0.0
466800,train_episode,length,200.0
466800,train_episode,return,-115.70472788732609
466800,train_episode,success,1.0
467000,train_episode,collapse,0.0
467000,train_episode,length,200.0
467000,train_episode,return,-1.095424697736101
467000,train_episode,success,1.0
467200,train_episode,collapse,0.0
467200,train_episode,length,200.0
467200,train_episode,return,-216.52275689141172
467200,train_episode,success,0.0
467400,train_episode,collapse,0.0
467400,train_episode,length,200.0
467400,train_episode,return,-4.147255673428029
467400,train_episode,success,1.0
467600,train_episode,collapse,0.0
467600,train_episode,length,200.0
467600,train_episode,return,-243.29210318036368
467600,train_episode,success,0.0
467800,train_episode,collapse,0.0
467800,train_episode,length,200.0
467800,train_episode,return,-125.69249378531318
467800,train_episode,success,1.0
468000,train_episode,collapse,0.0
468000,train_episode,length,200.0
468000,train_episode,return,-118.56108554861936
468000,train_episode,success,1.0
468200,train_episode,collapse,0.0
468200,train_episode,length,200.0
468200,train_episode,return,-237.43539096296303
468200,train_episode,success,0.0
468400,train_episode,collapse,0.0
468400,train_episode,length,200.0
468400,train_episode,return,-221.8263837642683
468400,train_episode,success,0.0
468600,train_episode,collapse,0.0
468600,train_episode,length,200.0
468600,train_episode,return,-226.2621644738316
468600,train_episode,success,0.0
468800,train_episode,collapse,0.0
468800,train_episode,length,200.0
468800,train_episode,return,-118.52326947799448
468800,train_episode,success,1.0
469000,train_episode,collapse,0.0
469000,train_episode,length,200.0
469000,train_episode,return,-115.47507302859934
469000,train_episode,success,1.0
469200,train_episode,collapse,0.0
469200,train_episode,length,200.0
469200,train_episode,return,-0.8736905798720703
469200,train_episode,success,1.0
469400,train_episode,collapse,0.0
469400,train_episode,length,200.0
469400,train_episode,return,-124.41259487658947
469400,train_episode,success,1.0
469600,train_episode,collapse,0.0
469600,train_episode,length,200.0
469600,train_episode,return,-220.28620014215906
469600,train_episode,success,0.0
469800,train_episode,collapse,0.0
469800,train_episode,length,200.0
469800,train_episode,return,-0.3738794443274607
469800,train_episode,success,1.0
470000,train_episode,collapse,0.0
470000,train_episode,length,200.0
470000,train_episode,return,-120.70924311219927
470000,train_episode,success,1.0
470000,update,actor_grad_norm,0.11971655488014221
470000,update,actor_grad_norm_max,15.297049522399902
470000,update,actor_grad_norm_mean,0.3544791893675923
470000,update,actor_grad_norm_min,0.056313272565603256
470000,update,actor_loss,12.698308944702148
470000,update,actor_loss_max,23.13597869873047
470000,update,actor_loss_mean,11.630110700702668
470000,update,actor_loss_min,3.5690038204193115
470000,update,actor_param_norm,114.30300903320312
470000,update,actor_param_norm_max,114.30300903320312
470000,update,actor_param_norm_mean,114.06775324554444
470000,update,actor_param_norm_min,113.8437728881836
470000,update,actor_update_norm,0.006195468828082085
470000,update,actor_update_norm_max,0.04612674191594124
470000,update,actor_update_norm_mean,0.011145700740627944
470000,update,actor_update_norm_min,0.004527558572590351
470000,update,actor_update_norm_ratio,5.420221138966989e-05
470000,update,actor_update_norm_ratio_max,0.0004041736374950447
470000,update,actor_update_norm_ratio_mean,9.771134082341539e-05
470000,update,actor_update_norm_ratio_min,3.963571012168921e-05
470000,update,alpha,0.0020244834013283253
470000,update,alpha_loss,-0.00013154151383787394
470000,update,alpha_loss_max,0.0011320949997752905
470000,update,alpha_loss_mean,8.923030911682872e-06
470000,update,alpha_loss_min,-0.001537226140499115
470000,update,alpha_max,0.0028877363074570894
470000,update,alpha_mean,0.0019503223304171114
470000,update,alpha_min,0.001368259429000318
470000,update,num_optimizer_updates,5000.0
470000,update,policy_entropy_estimate,-1.0649689435958862
470000,update,policy_entropy_estimate_max,-0.39494290947914124
470000,update,policy_entropy_estimate_mean,-0.9956301487922669
470000,update,policy_entropy_estimate_min,-1.6988712549209595
470000,update,policy_log_prob_mean,1.0649689435958862
470000,update,policy_log_prob_mean_max,1.6988712549209595
470000,update,policy_log_prob_mean_mean,0.9956301487922669
470000,update,policy_log_prob_mean_min,0.39494290947914124
470000,update,q1_loss,0.060046084225177765
470000,update,q1_loss_max,16.17911148071289
470000,update,q1_loss_mean,0.41149869872890416
470000,update,q1_loss_min,0.017086822539567947
470000,update,q1_mean,-12.604863166809082
470000,update,q1_mean_max,-3.4267873764038086
470000,update,q1_mean_mean,-11.593874897003174
470000,update,q1_mean_min,-23.09185028076172
470000,update,q2_loss,0.03140892833471298
470000,update,q2_loss_max,16.874290466308594
470000,update,q2_loss_mean,0.44839544098936024
470000,update,q2_loss_min,0.018678152933716774
470000,update,q2_mean,-12.643712997436523
470000,update,q2_mean_max,-3.5297141075134277
470000,update,q2_mean_mean,-11.593809158420562
470000,update,q2_mean_min,-23.009286880493164
470000,update,q_grad_norm,10.54443073272705
470000,update,q_grad_norm_max,1864.281494140625
470000,update,q_grad_norm_mean,91.46484498376846
470000,update,q_grad_norm_min,5.639351844787598
470000,update,q_loss,0.09145501255989075
470000,update,q_loss_cleanrl_logged,0.045727506279945374
470000,update,q_loss_cleanrl_logged_max,15.401311874389648
470000,update,q_loss_cleanrl_logged_mean,0.42994706986173986
470000,update,q_loss_cleanrl_logged_min,0.024867992848157883
470000,update,q_loss_max,30.802623748779297
470000,update,q_loss_mean,0.8598941397234797
470000,update,q_loss_min,0.049735985696315765
470000,update,q_param_norm,581.9357299804688
470000,update,q_param_norm_max,581.9381408691406
470000,update,q_param_norm_mean,581.0595796691895
470000,update,q_param_norm_min,580.2069396972656
470000,update,q_update_norm,0.019937315955758095
470000,update,q_update_norm_max,0.1012885719537735
470000,update,q_update_norm_mean,0.02877672280948609
470000,update,q_update_norm_min,0.01342247799038887
470000,update,q_update_norm_ratio,4.8445230008055436e-05
470000,update,q_update_norm_ratio_max,0.00024655801297969264
470000,update,q_update_norm_ratio_mean,7.002828776155253e-05
470000,update,q_update_norm_ratio_min,3.2702966710143636e-05
470000,update,target_q_mean,-12.65971565246582
470000,update,target_q_mean_max,-3.589371681213379
470000,update,target_q_mean_mean,-11.594095513153077
470000,update,target_q_mean_min,-23.066509246826172
470200,train_episode,collapse,0.0
470200,train_episode,length,200.0
470200,train_episode,return,-1.2983472388525241
470200,train_episode,success,1.0
470400,train_episode,collapse,0.0
470400,train_episode,length,200.0
470400,train_episode,return,-125.2763807782977
470400,train_episode,success,1.0
470600,train_episode,collapse,0.0
470600,train_episode,length,200.0
470600,train_episode,return,-235.7775154102017
470600,train_episode,success,0.0
470800,train_episode,collapse,0.0
470800,train_episode,length,200.0
470800,train_episode,return,-226.4486682135098
470800,train_episode,success,0.0
471000,train_episode,collapse,0.0
471000,train_episode,length,200.0
471000,train_episode,return,-118.23962821242563
471000,train_episode,success,1.0
471200,train_episode,collapse,0.0
471200,train_episode,length,200.0
471200,train_episode,return,-220.82827781200223
471200,train_episode,success,0.0
471400,train_episode,collapse,0.0
471400,train_episode,length,200.0
471400,train_episode,return,-116.94348670096126
471400,train_episode,success,1.0
471600,train_episode,collapse,0.0
471600,train_episode,length,200.0
471600,train_episode,return,-0.889154542530534
471600,train_episode,success,1.0
471800,train_episode,collapse,0.0
471800,train_episode,length,200.0
471800,train_episode,return,-126.38190298904838
471800,train_episode,success,1.0
472000,train_episode,collapse,0.0
472000,train_episode,length,200.0
472000,train_episode,return,-114.64652241611837
472000,train_episode,success,1.0
472200,train_episode,collapse,0.0
472200,train_episode,length,200.0
472200,train_episode,return,-122.25275666786067
472200,train_episode,success,1.0
472400,train_episode,collapse,0.0
472400,train_episode,length,200.0
472400,train_episode,return,-283.06641737503776
472400,train_episode,success,0.0
472600,train_episode,collapse,0.0
472600,train_episode,length,200.0
472600,train_episode,return,-1.2892404745551227
472600,train_episode,success,1.0
472800,train_episode,collapse,0.0
472800,train_episode,length,200.0
472800,train_episode,return,-231.24239682966842
472800,train_episode,success,0.0
473000,train_episode,collapse,0.0
473000,train_episode,length,200.0
473000,train_episode,return,-119.82334166739719
473000,train_episode,success,1.0
473200,train_episode,collapse,0.0
473200,train_episode,length,200.0
473200,train_episode,return,-225.4414342667055
473200,train_episode,success,0.0
473400,train_episode,collapse,0.0
473400,train_episode,length,200.0
473400,train_episode,return,-121.40409182741074
473400,train_episode,success,1.0
473600,train_episode,collapse,0.0
473600,train_episode,length,200.0
473600,train_episode,return,-0.8546776373907231
473600,train_episode,success,1.0
473800,train_episode,collapse,0.0
473800,train_episode,length,200.0
473800,train_episode,return,-307.67843896748593
473800,train_episode,success,0.0
474000,train_episode,collapse,0.0
474000,train_episode,length,200.0
474000,train_episode,return,-121.2785470866781
474000,train_episode,success,1.0
474200,train_episode,collapse,0.0
474200,train_episode,length,200.0
474200,train_episode,return,-225.4694347487114
474200,train_episode,success,0.0
474400,train_episode,collapse,0.0
474400,train_episode,length,200.0
474400,train_episode,return,-2.6964996166313218
474400,train_episode,success,1.0
474600,train_episode,collapse,0.0
474600,train_episode,length,200.0
474600,train_episode,return,-125.94777764559734
474600,train_episode,success,1.0
474800,train_episode,collapse,0.0
474800,train_episode,length,200.0
474800,train_episode,return,-220.4715456488252
474800,train_episode,success,0.0
475000,train_episode,collapse,0.0
475000,train_episode,length,200.0
475000,train_episode,return,-120.11078061249184
475000,train_episode,success,1.0
475000,update,actor_grad_norm,0.3102822005748749
475000,update,actor_grad_norm_max,13.851624488830566
475000,update,actor_grad_norm_mean,0.36068207592219115
475000,update,actor_grad_norm_min,0.05908016860485077
475000,update,actor_loss,8.991154670715332
475000,update,actor_loss_max,20.563222885131836
475000,update,actor_loss_mean,11.57044791355133
475000,update,actor_loss_min,4.7536725997924805
475000,update,actor_param_norm,114.71376037597656
475000,update,actor_param_norm_max,114.7413558959961
475000,update,actor_param_norm_mean,114.53006499938965
475000,update,actor_param_norm_min,114.30300903320312
475000,update,actor_update_norm,0.010588563978672028
475000,update,actor_update_norm_max,0.040178678929805756
475000,update,actor_update_norm_mean,0.011615384944528342
475000,update,actor_update_norm_min,0.004503270145505667
475000,update,actor_update_norm_ratio,9.230439632125018e-05
475000,update,actor_update_norm_ratio_max,0.00035023304232620643
475000,update,actor_update_norm_ratio_mean,0.00010141741202885129
475000,update,actor_update_norm_ratio_min,3.933515418323714e-05
475000,update,alpha,0.0019182701362296939
475000,update,alpha_loss,-0.00011668947990983725
475000,update,alpha_loss_max,0.0009064835612662137
475000,update,alpha_loss_mean,4.699275662642321e-06
475000,update,alpha_loss_min,-0.0011078965617343783
475000,update,alpha_max,0.002513497369363904
475000,update,alpha_mean,0.001975482224370353
475000,update,alpha_min,0.001628477475605905
475000,update,num_optimizer_updates,5000.0
475000,update,policy_entropy_estimate,-1.0608494281768799
475000,update,policy_entropy_estimate_max,-0.5238975882530212
475000,update,policy_entropy_estimate_mean,-0.9979568862676621
475000,update,policy_entropy_estimate_min,-1.5709019899368286
475000,update,policy_log_prob_mean,1.0608494281768799
475000,update,policy_log_prob_mean_max,1.5709019899368286
475000,update,policy_log_prob_mean_mean,0.9979568862676621
475000,update,policy_log_prob_mean_min,0.5238975882530212
475000,update,q1_loss,0.05785910785198212
475000,update,q1_loss_max,38.98042678833008
475000,update,q1_loss_mean,0.39755409769304095
475000,update,q1_loss_min,0.016466598957777023
475000,update,q1_mean,-8.930835723876953
475000,update,q1_mean_max,-4.791215896606445
475000,update,q1_mean_mean,-11.562054632759095
475000,update,q1_mean_min,-20.84942054748535
475000,update,q2_loss,0.1436205953359604
475000,update,q2_loss_max,37.149810791015625
475000,update,q2_loss_mean,0.4311400020590052
475000,update,q2_loss_min,0.01252587791532278
475000,update,q2_mean,-8.99226188659668
475000,update,q2_mean_max,-4.774261951446533
475000,update,q2_mean_mean,-11.56210523223877
475000,update,q2_mean_min,-20.811508178710938
475000,update,q_grad_norm,30.76626968383789
475000,update,q_grad_norm_max,1578.5010986328125
475000,update,q_grad_norm_mean,89.95611106758118
475000,update,q_grad_norm_min,7.334971904754639
475000,update,q_loss,0.2014797031879425
475000,update,q_loss_cleanrl_logged,0.10073985159397125
475000,update,q_loss_cleanrl_logged_max,38.06511688232422
475000,update,q_loss_cleanrl_logged_mean,0.41434704931043087
475000,update,q_loss_cleanrl_logged_min,0.02574675902724266
475000,update,q_loss_max,76.13023376464844
475000,update,q_loss_mean,0.8286940986208617
475000,update,q_loss_min,0.05149351805448532
475000,update,q_param_norm,583.7965393066406
475000,update,q_param_norm_max,583.8065185546875
475000,update,q_param_norm_mean,582.8879274475098
475000,update,q_param_norm_min,581.9229125976562
475000,update,q_update_norm,0.02151140570640564
475000,update,q_update_norm_max,0.09187711775302887
475000,update,q_update_norm_mean,0.029072982228547335
475000,update,q_update_norm_min,0.014382044784724712
475000,update,q_update_norm_ratio,5.210394671818328e-05
475000,update,q_update_norm_ratio_max,0.0002226049713883942
475000,update,q_update_norm_ratio_mean,7.052799311448585e-05
475000,update,q_update_norm_ratio_min,3.49391905932408e-05
475000,update,target_q_mean,-9.053061485290527
475000,update,target_q_mean_max,-4.737085819244385
475000,update,target_q_mean_mean,-11.562247403240203
475000,update,target_q_mean_min,-20.83624839782715
475000,replay,action_abs_max,2.0
475000,replay,action_abs_mean,0.5856522917747498
475000,replay,action_saturation_fraction,0.07305052631578947
475000,replay,capacity,500000.0
475000,replay,done_fraction,0.0
475000,replay,fill_fraction,0.95
475000,replay,near_upright_any_transition_fraction,0.8464126315789474
475000,replay,near_upright_next_obs_fraction,0.8463094736842105
475000,replay,near_upright_obs_fraction,0.841858947368421
475000,replay,reward_max,-4.2872531480497855e-07
475000,replay,reward_mean,-0.7900561094284058
475000,replay,reward_min,-16.269039154052734
475000,replay,reward_std,2.4076056480407715
475000,replay,sample_count_max,1286.0
475000,replay,sample_count_mean,253.30526315789473
475000,replay,size,475000.0
475000,replay,transition_age_max,474999.0
475000,replay,transition_age_mean,237499.5
475000,diagnostics,actor_layer0_activation_abs_max,5.1396636962890625
475000,diagnostics,actor_layer0_activation_abs_mean,0.06421918421983719
475000,diagnostics,actor_layer0_dormant_fraction,0.140625
475000,diagnostics,actor_layer0_effective_rank_fraction,0.051581475883722305
475000,diagnostics,actor_layer1_activation_abs_max,23.17681884765625
475000,diagnostics,actor_layer1_activation_abs_mean,0.022790683433413506
475000,diagnostics,actor_layer1_dormant_fraction,0.59765625
475000,diagnostics,actor_layer1_effective_rank_fraction,0.08858885616064072
475000,diagnostics,actor_param_norm,114.71376037597656
475000,diagnostics,alpha,0.0019182701362296939
475000,diagnostics,q1_layer0_activation_abs_max,6.955799579620361
475000,diagnostics,q1_layer0_activation_abs_mean,0.24105197191238403
475000,diagnostics,q1_layer0_dormant_fraction,0.36328125
475000,diagnostics,q1_layer0_effective_rank_fraction,0.05099823325872421
475000,diagnostics,q1_layer1_activation_abs_max,56.92374038696289
475000,diagnostics,q1_layer1_activation_abs_mean,1.8849941492080688
475000,diagnostics,q1_layer1_dormant_fraction,0.76171875
475000,diagnostics,q1_layer1_effective_rank_fraction,0.052577827125787735
475000,diagnostics,q1_param_norm,296.357421875
475000,diagnostics,q2_layer0_activation_abs_max,6.513950347900391
475000,diagnostics,q2_layer0_activation_abs_mean,0.24859195947647095
475000,diagnostics,q2_layer0_dormant_fraction,0.39453125
475000,diagnostics,q2_layer0_effective_rank_fraction,0.04747895896434784
475000,diagnostics,q2_layer1_activation_abs_max,35.276634216308594
475000,diagnostics,q2_layer1_activation_abs_mean,1.6547774076461792
475000,diagnostics,q2_layer1_dormant_fraction,0.81640625
475000,diagnostics,q2_layer1_effective_rank_fraction,0.049718186259269714
475000,diagnostics,q2_param_norm,287.4391174316406
475200,train_episode,collapse,0.0
475200,train_episode,length,200.0
475200,train_episode,return,-236.58336488288853
475200,train_episode,success,0.0
475400,train_episode,collapse,0.0
475400,train_episode,length,200.0
475400,train_episode,return,-273.4176570529959
475400,train_episode,success,0.0
475600,train_episode,collapse,0.0
475600,train_episode,length,200.0
475600,train_episode,return,-114.95836062185037
475600,train_episode,success,1.0
475800,train_episode,collapse,0.0
475800,train_episode,length,200.0
475800,train_episode,return,-121.34570134322519
475800,train_episode,success,1.0
476000,train_episode,collapse,0.0
476000,train_episode,length,200.0
476000,train_episode,return,-127.71204162887813
476000,train_episode,success,1.0
476200,train_episode,collapse,0.0
476200,train_episode,length,200.0
476200,train_episode,return,-235.6333351776879
476200,train_episode,success,0.0
476400,train_episode,collapse,0.0
476400,train_episode,length,200.0
476400,train_episode,return,-118.62130624240137
476400,train_episode,success,1.0
476600,train_episode,collapse,0.0
476600,train_episode,length,200.0
476600,train_episode,return,-118.68834401646215
476600,train_episode,success,1.0
476800,train_episode,collapse,0.0
476800,train_episode,length,200.0
476800,train_episode,return,-119.17996603237019
476800,train_episode,success,1.0
477000,train_episode,collapse,0.0
477000,train_episode,length,200.0
477000,train_episode,return,-227.08366533441213
477000,train_episode,success,0.0
477200,train_episode,collapse,0.0
477200,train_episode,length,200.0
477200,train_episode,return,-4.63151052686956
477200,train_episode,success,1.0
477400,train_episode,collapse,0.0
477400,train_episode,length,200.0
477400,train_episode,return,-225.89988904407238
477400,train_episode,success,0.0
477600,train_episode,collapse,0.0
477600,train_episode,length,200.0
477600,train_episode,return,-121.58352672944494
477600,train_episode,success,1.0
477800,train_episode,collapse,0.0
477800,train_episode,length,200.0
477800,train_episode,return,-2.1967183902919096
477800,train_episode,success,1.0
478000,train_episode,collapse,0.0
478000,train_episode,length,200.0
478000,train_episode,return,-120.06481614446189
478000,train_episode,success,1.0
478200,train_episode,collapse,0.0
478200,train_episode,length,200.0
478200,train_episode,return,-129.4663208898141
478200,train_episode,success,1.0
478400,train_episode,collapse,0.0
478400,train_episode,length,200.0
478400,train_episode,return,-222.622947644643
478400,train_episode,success,0.0
478600,train_episode,collapse,0.0
478600,train_episode,length,200.0
478600,train_episode,return,-115.37178670157996
478600,train_episode,success,1.0
478800,train_episode,collapse,0.0
478800,train_episode,length,200.0
478800,train_episode,return,-218.28703090124012
478800,train_episode,success,0.0
479000,train_episode,collapse,0.0
479000,train_episode,length,200.0
479000,train_episode,return,-220.75266100382638
479000,train_episode,success,0.0
479200,train_episode,collapse,0.0
479200,train_episode,length,200.0
479200,train_episode,return,-237.2202762073008
479200,train_episode,success,0.0
479400,train_episode,collapse,0.0
479400,train_episode,length,200.0
479400,train_episode,return,-237.7170319396956
479400,train_episode,success,0.0
479600,train_episode,collapse,0.0
479600,train_episode,length,200.0
479600,train_episode,return,-221.19420893993205
479600,train_episode,success,0.0
479800,train_episode,collapse,0.0
479800,train_episode,length,200.0
479800,train_episode,return,-1.7388922699952924
479800,train_episode,success,1.0
480000,train_episode,collapse,0.0
480000,train_episode,length,200.0
480000,train_episode,return,-128.19163586349666
480000,train_episode,success,1.0
480000,update,actor_grad_norm,0.6279278993606567
480000,update,actor_grad_norm_max,11.504132270812988
480000,update,actor_grad_norm_mean,0.45018339792639017
480000,update,actor_grad_norm_min,0.05880461633205414
480000,update,actor_loss,11.524520874023438
480000,update,actor_loss_max,21.364543914794922
480000,update,actor_loss_mean,11.573919413566589
480000,update,actor_loss_min,4.759185314178467
480000,update,actor_param_norm,115.28941345214844
480000,update,actor_param_norm_max,115.28941345214844
480000,update,actor_param_norm_mean,115.04338458862304
480000,update,actor_param_norm_min,114.71376037597656
480000,update,actor_update_norm,0.03084568679332733
480000,update,actor_update_norm_max,0.040127575397491455
480000,update,actor_update_norm_mean,0.011905456195957958
480000,update,actor_update_norm_min,0.0043681650422513485
480000,update,actor_update_norm_ratio,0.00026755168325202347
480000,update,actor_update_norm_ratio_max,0.00034845247308033854
480000,update,actor_update_norm_ratio_mean,0.00010349680877712832
480000,update,actor_update_norm_ratio_min,3.790656479963596e-05
480000,update,alpha,0.0020122057758271694
480000,update,alpha_loss,0.00022301828721538186
480000,update,alpha_loss_max,0.005592018831521273
480000,update,alpha_loss_mean,0.0002015769423036545
480000,update,alpha_loss_min,-0.005027645267546177
480000,update,alpha_max,0.008539975620806217
480000,update,alpha_mean,0.0037051124132936823
480000,update,alpha_min,0.0018146599177271128
480000,update,num_optimizer_updates,5000.0
480000,update,policy_entropy_estimate,-0.889197826385498
480000,update,policy_entropy_estimate_max,0.15148191154003143
480000,update,policy_entropy_estimate_mean,-0.9452004179149867
480000,update,policy_entropy_estimate_min,-2.370098352432251
480000,update,policy_log_prob_mean,0.889197826385498
480000,update,policy_log_prob_mean_max,2.370098352432251
480000,update,policy_log_prob_mean_mean,0.9452004179149867
480000,update,policy_log_prob_mean_min,-0.15148191154003143
480000,update,q1_loss,2.116577386856079
480000,update,q1_loss_max,25.711191177368164
480000,update,q1_loss_mean,0.42424507962465285
480000,update,q1_loss_min,0.01632051356136799
480000,update,q1_mean,-11.491279602050781
480000,update,q1_mean_max,-4.317677021026611
480000,update,q1_mean_mean,-11.53860170507431
480000,update,q1_mean_min,-22.39298439025879
480000,update,q2_loss,2.805271625518799
480000,update,q2_loss_max,36.09135055541992
480000,update,q2_loss_mean,0.471522322945483
480000,update,q2_loss_min,0.015052574686706066
480000,update,q2_mean,-11.635834693908691
480000,update,q2_mean_max,-4.209169387817383
480000,update,q2_mean_mean,-11.53853866596222
480000,update,q2_mean_min,-22.49590301513672
480000,update,q_grad_norm,218.32907104492188
480000,update,q_grad_norm_max,2272.917724609375
480000,update,q_grad_norm_mean,91.12203131980895
480000,update,q_grad_norm_min,6.9619975090026855
480000,update,q_loss,4.921849250793457
480000,update,q_loss_cleanrl_logged,2.4609246253967285
480000,update,q_loss_cleanrl_logged_max,28.258176803588867
480000,update,q_loss_cleanrl_logged_mean,0.44788370125070215
480000,update,q_loss_cleanrl_logged_min,0.019587671384215355
480000,update,q_loss_max,56.516353607177734
480000,update,q_loss_mean,0.8957674025014043
480000,update,q_loss_min,0.03917534276843071
480000,update,q_param_norm,585.2662658691406
480000,update,q_param_norm_max,585.2819213867188
480000,update,q_param_norm_mean,584.5766737792969
480000,update,q_param_norm_min,583.7954406738281
480000,update,q_update_norm,0.07320886850357056
480000,update,q_update_norm_max,0.1295967549085617
480000,update,q_update_norm_mean,0.028929957412183283
480000,update,q_update_norm_min,0.013736863620579243
480000,update,q_update_norm_ratio,0.0001768780111518517
480000,update,q_update_norm_ratio_max,0.00031330127484654487
480000,update,q_update_norm_ratio_mean,6.997887450019493e-05
480000,update,q_update_norm_ratio_min,3.3212421819736834e-05
480000,update,target_q_mean,-11.190773963928223
480000,update,target_q_mean_max,-4.157376289367676
480000,update,target_q_mean_mean,-11.538828110599518
480000,update,target_q_mean_min,-22.38459014892578
480200,train_episode,collapse,0.0
480200,train_episode,length,200.0
480200,train_episode,return,-240.45946907075447
480200,train_episode,success,0.0
480400,train_episode,collapse,0.0
480400,train_episode,length,200.0
480400,train_episode,return,-233.37440598202653
480400,train_episode,success,0.0
480600,train_episode,collapse,0.0
480600,train_episode,length,200.0
480600,train_episode,return,-115.90433180657543
480600,train_episode,success,1.0
480800,train_episode,collapse,0.0
480800,train_episode,length,200.0
480800,train_episode,return,-116.7796186362788
480800,train_episode,success,1.0
481000,train_episode,collapse,0.0
481000,train_episode,length,200.0
481000,train_episode,return,-118.40907706691
481000,train_episode,success,1.0
481200,train_episode,collapse,0.0
481200,train_episode,length,200.0
481200,train_episode,return,-2.515272690410386
481200,train_episode,success,1.0
481400,train_episode,collapse,0.0
481400,train_episode,length,200.0
481400,train_episode,return,-118.45324605510166
481400,train_episode,success,1.0
481600,train_episode,collapse,0.0
481600,train_episode,length,200.0
481600,train_episode,return,-0.5700609596443225
481600,train_episode,success,1.0
481800,train_episode,collapse,0.0
481800,train_episode,length,200.0
481800,train_episode,return,-120.78797512493318
481800,train_episode,success,1.0
482000,train_episode,collapse,0.0
482000,train_episode,length,200.0
482000,train_episode,return,-232.98688856988736
482000,train_episode,success,0.0
482200,train_episode,collapse,0.0
482200,train_episode,length,200.0
482200,train_episode,return,-116.45929690571775
482200,train_episode,success,1.0
482400,train_episode,collapse,0.0
482400,train_episode,length,200.0
482400,train_episode,return,-226.93912979386934
482400,train_episode,success,0.0
482600,train_episode,collapse,0.0
482600,train_episode,length,200.0
482600,train_episode,return,-116.60872979418254
482600,train_episode,success,1.0
482800,train_episode,collapse,0.0
482800,train_episode,length,200.0
482800,train_episode,return,-117.28373154291116
482800,train_episode,success,1.0
483000,train_episode,collapse,0.0
483000,train_episode,length,200.0
483000,train_episode,return,-119.58579130852391
483000,train_episode,success,1.0
483200,train_episode,collapse,0.0
483200,train_episode,length,200.0
483200,train_episode,return,-217.55380506653216
483200,train_episode,success,0.0
483400,train_episode,collapse,0.0
483400,train_episode,length,200.0
483400,train_episode,return,-119.67572980615962
483400,train_episode,success,1.0
483600,train_episode,collapse,0.0
483600,train_episode,length,200.0
483600,train_episode,return,-119.17607992802711
483600,train_episode,success,1.0
483800,train_episode,collapse,0.0
483800,train_episode,length,200.0
483800,train_episode,return,-0.5552936973283242
483800,train_episode,success,1.0
484000,train_episode,collapse,0.0
484000,train_episode,length,200.0
484000,train_episode,return,-120.31631598949825
484000,train_episode,success,1.0
484200,train_episode,collapse,0.0
484200,train_episode,length,200.0
484200,train_episode,return,-119.06935457297236
484200,train_episode,success,1.0
484400,train_episode,collapse,0.0
484400,train_episode,length,200.0
484400,train_episode,return,-115.75510676215887
484400,train_episode,success,1.0
484600,train_episode,collapse,0.0
484600,train_episode,length,200.0
484600,train_episode,return,-117.81640906754534
484600,train_episode,success,1.0
484800,train_episode,collapse,0.0
484800,train_episode,length,200.0
484800,train_episode,return,-119.95644628327108
484800,train_episode,success,1.0
485000,train_episode,collapse,0.0
485000,train_episode,length,200.0
485000,train_episode,return,-223.57211293174626
485000,train_episode,success,0.0
485000,update,actor_grad_norm,0.307993620634079
485000,update,actor_grad_norm_max,45.074283599853516
485000,update,actor_grad_norm_mean,0.40583093196749687
485000,update,actor_grad_norm_min,0.058538589626550674
485000,update,actor_loss,10.862178802490234
485000,update,actor_loss_max,21.313528060913086
485000,update,actor_loss_mean,11.497486946868896
485000,update,actor_loss_min,4.9227213859558105
485000,update,actor_param_norm,115.64175415039062
485000,update,actor_param_norm_max,115.64543151855469
485000,update,actor_param_norm_mean,115.4553866607666
485000,update,actor_param_norm_min,115.28941345214844
485000,update,actor_update_norm,0.012339921668171883
485000,update,actor_update_norm_max,0.04500751942396164
485000,update,actor_update_norm_mean,0.01073321004807949
485000,update,actor_update_norm_min,0.0042540542781353
485000,update,actor_update_norm_ratio,0.00010670827628295894
485000,update,actor_update_norm_ratio_max,0.0003902281961098204
485000,update,actor_update_norm_ratio_mean,9.296247586053663e-05
485000,update,actor_update_norm_ratio_min,3.6891395810068934e-05
485000,update,alpha,0.0027386127039790154
485000,update,alpha_loss,-2.42147252720315e-05
485000,update,alpha_loss_max,0.0010082304943352938
485000,update,alpha_loss_mean,1.4613935876695906e-06
485000,update,alpha_loss_min,-0.001370142330415547
485000,update,alpha_max,0.0027866875752806664
485000,update,alpha_mean,0.0020183053334243595
485000,update,alpha_min,0.0014955783262848854
485000,update,num_optimizer_updates,5000.0
485000,update,policy_entropy_estimate,-1.0088437795639038
485000,update,policy_entropy_estimate_max,-0.5075322389602661
485000,update,policy_entropy_estimate_mean,-0.9968238798618316
485000,update,policy_entropy_estimate_min,-1.5737630128860474
485000,update,policy_log_prob_mean,1.0088437795639038
485000,update,policy_log_prob_mean_max,1.5737630128860474
485000,update,policy_log_prob_mean_mean,0.9968238798618316
485000,update,policy_log_prob_mean_min,0.5075322389602661
485000,update,q1_loss,0.3299344778060913
485000,update,q1_loss_max,27.377418518066406
485000,update,q1_loss_mean,0.3570257554579526
485000,update,q1_loss_min,0.016247857362031937
485000,update,q1_mean,-10.631318092346191
485000,update,q1_mean_max,-4.838572978973389
485000,update,q1_mean_mean,-11.515845673370361
485000,update,q1_mean_min,-21.25377082824707
485000,update,q2_loss,0.19896575808525085
485000,update,q2_loss_max,23.562129974365234
485000,update,q2_loss_mean,0.3927769147753716
485000,update,q2_loss_min,0.012070784345269203
485000,update,q2_mean,-10.604147911071777
485000,update,q2_mean_max,-4.776751518249512
485000,update,q2_mean_mean,-11.51585316772461
485000,update,q2_mean_min,-21.251832962036133
485000,update,q_grad_norm,121.79615020751953
485000,update,q_grad_norm_max,1619.33642578125
485000,update,q_grad_norm_mean,84.18406162319184
485000,update,q_grad_norm_min,7.137980937957764
485000,update,q_loss,0.5289002656936646
485000,update,q_loss_cleanrl_logged,0.2644501328468323
485000,update,q_loss_cleanrl_logged_max,25.46977424621582
485000,update,q_loss_cleanrl_logged_mean,0.3749013347338885
485000,update,q_loss_cleanrl_logged_min,0.024358320981264114
485000,update,q_loss_max,50.93954849243164
485000,update,q_loss_mean,0.749802669467777
485000,update,q_loss_min,0.04871664196252823
485000,update,q_param_norm,586.9373168945312
485000,update,q_param_norm_max,586.9560241699219
485000,update,q_param_norm_mean,586.1415962036133
485000,update,q_param_norm_min,585.2285766601562
485000,update,q_update_norm,0.031563181430101395
485000,update,q_update_norm_max,0.09458890557289124
485000,update,q_update_norm_mean,0.02789440630953759
485000,update,q_update_norm_min,0.013392148539423943
485000,update,q_update_norm_ratio,7.604227062429004e-05
485000,update,q_update_norm_ratio_max,0.00022853904446329341
485000,update,q_update_norm_ratio_mean,6.729311146809765e-05
485000,update,q_update_norm_ratio_min,3.2268557423138955e-05
485000,update,target_q_mean,-10.706282615661621
485000,update,target_q_mean_max,-4.873290061950684
485000,update,target_q_mean_mean,-11.515958740139007
485000,update,target_q_mean_min,-21.26221466064453
485200,train_episode,collapse,0.0
485200,train_episode,length,200.0
485200,train_episode,return,-117.13334282495055
485200,train_episode,success,1.0
485400,train_episode,collapse,0.0
485400,train_episode,length,200.0
485400,train_episode,return,-119.27719294726886
485400,train_episode,success,1.0
485600,train_episode,collapse,0.0
485600,train_episode,length,200.0
485600,train_episode,return,-226.35593159065385
485600,train_episode,success,0.0
485800,train_episode,collapse,0.0
485800,train_episode,length,200.0
485800,train_episode,return,-115.50181037469002
485800,train_episode,success,1.0
486000,train_episode,collapse,0.0
486000,train_episode,length,200.0
486000,train_episode,return,-126.86022890519831
486000,train_episode,success,1.0
486200,train_episode,collapse,0.0
486200,train_episode,length,200.0
486200,train_episode,return,-127.0630075787712
486200,train_episode,success,1.0
486400,train_episode,collapse,0.0
486400,train_episode,length,200.0
486400,train_episode,return,-120.3243043881182
486400,train_episode,success,1.0
486600,train_episode,collapse,0.0
486600,train_episode,length,200.0
486600,train_episode,return,-2.703643986645998
486600,train_episode,success,1.0
486800,train_episode,collapse,0.0
486800,train_episode,length,200.0
486800,train_episode,return,-0.8117126584174444
486800,train_episode,success,1.0
487000,train_episode,collapse,0.0
487000,train_episode,length,200.0
487000,train_episode,return,-259.7669156031887
487000,train_episode,success,0.0
487200,train_episode,collapse,0.0
487200,train_episode,length,200.0
487200,train_episode,return,-249.50338083418305
487200,train_episode,success,0.0
487400,train_episode,collapse,0.0
487400,train_episode,length,200.0
487400,train_episode,return,-216.33367295114965
487400,train_episode,success,0.0
487600,train_episode,collapse,0.0
487600,train_episode,length,200.0
487600,train_episode,return,-127.65102673286992
487600,train_episode,success,1.0
487800,train_episode,collapse,0.0
487800,train_episode,length,200.0
487800,train_episode,return,-120.67427036875333
487800,train_episode,success,1.0
488000,train_episode,collapse,0.0
488000,train_episode,length,200.0
488000,train_episode,return,-118.75854040488606
488000,train_episode,success,1.0
488200,train_episode,collapse,0.0
488200,train_episode,length,200.0
488200,train_episode,return,-224.89527092126073
488200,train_episode,success,0.0
488400,train_episode,collapse,0.0
488400,train_episode,length,200.0
488400,train_episode,return,-126.3648993190217
488400,train_episode,success,1.0
488600,train_episode,collapse,0.0
488600,train_episode,length,200.0
488600,train_episode,return,-126.11313394651211
488600,train_episode,success,1.0
488800,train_episode,collapse,0.0
488800,train_episode,length,200.0
488800,train_episode,return,-115.77962342053735
488800,train_episode,success,1.0
489000,train_episode,collapse,0.0
489000,train_episode,length,200.0
489000,train_episode,return,-113.86308233024616
489000,train_episode,success,1.0
489200,train_episode,collapse,0.0
489200,train_episode,length,200.0
489200,train_episode,return,-216.022481236573
489200,train_episode,success,0.0
489400,train_episode,collapse,0.0
489400,train_episode,length,200.0
489400,train_episode,return,-232.68333226973644
489400,train_episode,success,0.0
489600,train_episode,collapse,0.0
489600,train_episode,length,200.0
489600,train_episode,return,-125.98217720278389
489600,train_episode,success,1.0
489800,train_episode,collapse,0.0
489800,train_episode,length,200.0
489800,train_episode,return,-117.54680615011789
489800,train_episode,success,1.0
490000,train_episode,collapse,0.0
490000,train_episode,length,200.0
490000,train_episode,return,-222.61170126312268
490000,train_episode,success,0.0
490000,update,actor_grad_norm,0.15411877632141113
490000,update,actor_grad_norm_max,18.66168785095215
490000,update,actor_grad_norm_mean,0.37318825524300336
490000,update,actor_grad_norm_min,0.04480593279004097
490000,update,actor_loss,11.69814682006836
490000,update,actor_loss_max,19.951141357421875
490000,update,actor_loss_mean,11.437341130638123
490000,update,actor_loss_min,4.311988353729248
490000,update,actor_param_norm,116.1219711303711
490000,update,actor_param_norm_max,116.12380981445312
490000,update,actor_param_norm_mean,115.88679830780029
490000,update,actor_param_norm_min,115.64175415039062
490000,update,actor_update_norm,0.007062073796987534
490000,update,actor_update_norm_max,0.04145212844014168
490000,update,actor_update_norm_mean,0.011044133081287145
490000,update,actor_update_norm_min,0.004323908127844334
490000,update,actor_update_norm_ratio,6.081598801910956e-05
490000,update,actor_update_norm_ratio_max,0.0003575083664665091
490000,update,actor_update_norm_ratio_mean,9.530016787730311e-05
490000,update,actor_update_norm_ratio_min,3.7370770846827575e-05
490000,update,alpha,0.0020624243188649416
490000,update,alpha_loss,-0.00021814083447679877
490000,update,alpha_loss_max,0.0011307878885418177
490000,update,alpha_loss_mean,2.540242126233352e-05
490000,update,alpha_loss_min,-0.0012689873110502958
490000,update,alpha_max,0.0030060813296586275
490000,update,alpha_mean,0.002257315343758091
490000,update,alpha_min,0.0017990799387916923
490000,update,num_optimizer_updates,5000.0
490000,update,policy_entropy_estimate,-1.1058204174041748
490000,update,policy_entropy_estimate_max,-0.5337420105934143
490000,update,policy_entropy_estimate_mean,-0.989589492225647
490000,update,policy_entropy_estimate_min,-1.5134855508804321
490000,update,policy_log_prob_mean,1.1058204174041748
490000,update,policy_log_prob_mean_max,1.5134855508804321
490000,update,policy_log_prob_mean_mean,0.989589492225647
490000,update,policy_log_prob_mean_min,0.5337420105934143
490000,update,q1_loss,0.0773593857884407
490000,update,q1_loss_max,30.387622833251953
490000,update,q1_loss_mean,0.39662995235808196
490000,update,q1_loss_min,0.016073867678642273
490000,update,q1_mean,-11.711041450500488
490000,update,q1_mean_max,-4.401912212371826
490000,update,q1_mean_mean,-11.397262538337708
490000,update,q1_mean_min,-19.77513313293457
490000,update,q2_loss,0.09069128334522247
490000,update,q2_loss_max,16.71042823791504
490000,update,q2_loss_mean,0.4241801547344774
490000,update,q2_loss_min,0.014462174847722054
490000,update,q2_mean,-11.78019905090332
490000,update,q2_mean_max,-4.506701469421387
490000,update,q2_mean_mean,-11.397229377365113
490000,update,q2_mean_min,-19.825008392333984
490000,update,q_grad_norm,43.56590270996094
490000,update,q_grad_norm_max,1732.91357421875
490000,update,q_grad_norm_mean,88.50443603992463
490000,update,q_grad_norm_min,5.26624059677124
490000,update,q_loss,0.16805067658424377
490000,update,q_loss_cleanrl_logged,0.08402533829212189
490000,update,q_loss_cleanrl_logged_max,21.289499282836914
490000,update,q_loss_cleanrl_logged_mean,0.41040505358316004
490000,update,q_loss_cleanrl_logged_min,0.015330661088228226
490000,update,q_loss_max,42.57899856567383
490000,update,q_loss_mean,0.8208101071663201
490000,update,q_loss_min,0.03066132217645645
490000,update,q_param_norm,588.1876831054688
490000,update,q_param_norm_max,588.1902465820312
490000,update,q_param_norm_mean,587.5888673217773
490000,update,q_param_norm_min,586.9273376464844
490000,update,q_update_norm,0.018745338544249535
490000,update,q_update_norm_max,0.09469766169786453
490000,update,q_update_norm_mean,0.02835119634065777
490000,update,q_update_norm_min,0.012331978417932987
490000,update,q_update_norm_ratio,4.5065630922972364e-05
490000,update,q_update_norm_ratio_max,0.00022790397279973413
490000,update,q_update_norm_ratio_mean,6.822925511886566e-05
490000,update,q_update_norm_ratio_min,2.9657415574527414e-05
490000,update,target_q_mean,-11.691662788391113
490000,update,target_q_mean_max,-4.4306416511535645
490000,update,target_q_mean_mean,-11.39741631641388
490000,update,target_q_mean_min,-19.918264389038086
490200,train_episode,collapse,0.0
490200,train_episode,length,200.0
490200,train_episode,return,-118.71936550309945
490200,train_episode,success,1.0
490400,train_episode,collapse,0.0
490400,train_episode,length,200.0
490400,train_episode,return,-119.35209462848907
490400,train_episode,success,1.0
490600,train_episode,collapse,0.0
490600,train_episode,length,200.0
490600,train_episode,return,-124.89793808897
490600,train_episode,success,1.0
490800,train_episode,collapse,0.0
490800,train_episode,length,200.0
490800,train_episode,return,-117.67948328359601
490800,train_episode,success,1.0
491000,train_episode,collapse,0.0
491000,train_episode,length,200.0
491000,train_episode,return,-217.1402287721572
491000,train_episode,success,0.0
491200,train_episode,collapse,0.0
491200,train_episode,length,200.0
491200,train_episode,return,-214.79181711120688
491200,train_episode,success,0.0
491400,train_episode,collapse,0.0
491400,train_episode,length,200.0
491400,train_episode,return,-294.72375306382804
491400,train_episode,success,0.0
491600,train_episode,collapse,0.0
491600,train_episode,length,200.0
491600,train_episode,return,-276.56377264337897
491600,train_episode,success,0.0
491800,train_episode,collapse,0.0
491800,train_episode,length,200.0
491800,train_episode,return,-127.62713640409972
491800,train_episode,success,1.0
492000,train_episode,collapse,0.0
492000,train_episode,length,200.0
492000,train_episode,return,-126.4746612721643
492000,train_episode,success,1.0
492200,train_episode,collapse,0.0
492200,train_episode,length,200.0
492200,train_episode,return,-320.02378466849234
492200,train_episode,success,0.0
492400,train_episode,collapse,0.0
492400,train_episode,length,200.0
492400,train_episode,return,-3.929483142635593
492400,train_episode,success,1.0
492600,train_episode,collapse,0.0
492600,train_episode,length,200.0
492600,train_episode,return,-114.30966812590805
492600,train_episode,success,1.0
492800,train_episode,collapse,0.0
492800,train_episode,length,200.0
492800,train_episode,return,-223.77414803013068
492800,train_episode,success,0.0
493000,train_episode,collapse,0.0
493000,train_episode,length,200.0
493000,train_episode,return,-115.50182088675629
493000,train_episode,success,1.0
493200,train_episode,collapse,0.0
493200,train_episode,length,200.0
493200,train_episode,return,-120.28820143783452
493200,train_episode,success,1.0
493400,train_episode,collapse,0.0
493400,train_episode,length,200.0
493400,train_episode,return,-117.58356572051875
493400,train_episode,success,1.0
493600,train_episode,collapse,0.0
493600,train_episode,length,200.0
493600,train_episode,return,-242.27785786308652
493600,train_episode,success,0.0
493800,train_episode,collapse,0.0
493800,train_episode,length,200.0
493800,train_episode,return,-113.89264977764593
493800,train_episode,success,1.0
494000,train_episode,collapse,0.0
494000,train_episode,length,200.0
494000,train_episode,return,-234.3645006566014
494000,train_episode,success,0.0
494200,train_episode,collapse,0.0
494200,train_episode,length,200.0
494200,train_episode,return,-115.89592431292914
494200,train_episode,success,1.0
494400,train_episode,collapse,0.0
494400,train_episode,length,200.0
494400,train_episode,return,-124.52968958255428
494400,train_episode,success,1.0
494600,train_episode,collapse,0.0
494600,train_episode,length,200.0
494600,train_episode,return,-234.7479960066972
494600,train_episode,success,0.0
494800,train_episode,collapse,0.0
494800,train_episode,length,200.0
494800,train_episode,return,-114.39030009752184
494800,train_episode,success,1.0
495000,train_episode,collapse,0.0
495000,train_episode,length,200.0
495000,train_episode,return,-243.71453750909873
495000,train_episode,success,0.0
495000,update,actor_grad_norm,0.3581525683403015
495000,update,actor_grad_norm_max,24.32478904724121
495000,update,actor_grad_norm_mean,0.40853708691596985
495000,update,actor_grad_norm_min,0.03682470694184303
495000,update,actor_loss,10.098624229431152
495000,update,actor_loss_max,19.506324768066406
495000,update,actor_loss_mean,11.48756352443695
495000,update,actor_loss_min,4.15627384185791
495000,update,actor_param_norm,116.59027862548828
495000,update,actor_param_norm_max,116.59368896484375
495000,update,actor_param_norm_mean,116.36183990783691
495000,update,actor_param_norm_min,116.121826171875
495000,update,actor_update_norm,0.012628927826881409
495000,update,actor_update_norm_max,0.037709612399339676
495000,update,actor_update_norm_mean,0.010825835458561778
495000,update,actor_update_norm_min,0.004267847165465355
495000,update,actor_update_norm_ratio,0.00010831872623716589
495000,update,actor_update_norm_ratio_max,0.0003240039216304764
495000,update,actor_update_norm_ratio_mean,9.30398524186665e-05
495000,update,actor_update_norm_ratio_min,3.6684293092269126e-05
495000,update,alpha,0.0024616974405944347
495000,update,alpha_loss,9.851810318650678e-05
495000,update,alpha_loss_max,0.0014360016211867332
495000,update,alpha_loss_mean,-7.311606416624273e-06
495000,update,alpha_loss_min,-0.002052796073257923
495000,update,alpha_max,0.0037471523974090815
495000,update,alpha_mean,0.0024320863259024916
495000,update,alpha_min,0.0019086215179413557
495000,update,num_optimizer_updates,5000.0
495000,update,policy_entropy_estimate,-0.9599816799163818
495000,update,policy_entropy_estimate_max,-0.49623480439186096
495000,update,policy_entropy_estimate_mean,-1.0041478926301002
495000,update,policy_entropy_estimate_min,-1.5649986267089844
495000,update,policy_log_prob_mean,0.9599816799163818
495000,update,policy_log_prob_mean_max,1.5649986267089844
495000,update,policy_log_prob_mean_mean,1.0041478926301002
495000,update,policy_log_prob_mean_min,0.49623480439186096
495000,update,q1_loss,0.15420250594615936
495000,update,q1_loss_max,37.82776641845703
495000,update,q1_loss_mean,0.4092525377471
495000,update,q1_loss_min,0.01748807169497013
495000,update,q1_mean,-10.063602447509766
495000,update,q1_mean_max,-4.026713848114014
495000,update,q1_mean_mean,-11.499332265090942
495000,update,q1_mean_min,-19.99163246154785
495000,update,q2_loss,0.1762750893831253
495000,update,q2_loss_max,21.801950454711914
495000,update,q2_loss_mean,0.4187478657416999
495000,update,q2_loss_min,0.017593679949641228
495000,update,q2_mean,-10.066919326782227
495000,update,q2_mean_max,-4.1565985679626465
495000,update,q2_mean_mean,-11.499395037555695
495000,update,q2_mean_min,-19.84400177001953
495000,update,q_grad_norm,23.580188751220703
495000,update,q_grad_norm_max,1965.7354736328125
495000,update,q_grad_norm_mean,90.2832280183792
495000,update,q_grad_norm_min,5.809253215789795
495000,update,q_loss,0.33047759532928467
495000,update,q_loss_cleanrl_logged,0.16523879766464233
495000,update,q_loss_cleanrl_logged_max,23.22418212890625
495000,update,q_loss_cleanrl_logged_mean,0.4140002014804631
495000,update,q_loss_cleanrl_logged_min,0.02357172966003418
495000,update,q_loss_max,46.4483642578125
495000,update,q_loss_mean,0.8280004029609263
495000,update,q_loss_min,0.04714345932006836
495000,update,q_param_norm,589.7306213378906
495000,update,q_param_norm_max,589.7306213378906
495000,update,q_param_norm_mean,588.9745672973633
495000,update,q_param_norm_min,588.1888122558594
495000,update,q_update_norm,0.03819472715258598
495000,update,q_update_norm_max,0.08532628417015076
495000,update,q_update_norm_mean,0.028510366539098324
495000,update,q_update_norm_min,0.012920488603413105
495000,update,q_update_norm_ratio,9.158367444644415e-05
495000,update,q_update_norm_ratio_max,0.0002049935857977231
495000,update,q_update_norm_ratio_mean,6.84509955154125e-05
495000,update,q_update_norm_ratio_min,3.098919536050849e-05
495000,update,target_q_mean,-10.109012603759766
495000,update,target_q_mean_max,-4.0578718185424805
495000,update,target_q_mean_mean,-11.499581297683715
495000,update,target_q_mean_min,-19.813692092895508
495200,train_episode,collapse,0.0
495200,train_episode,length,200.0
495200,train_episode,return,-0.8808856937033894
495200,train_episode,success,1.0
495400,train_episode,collapse,0.0
495400,train_episode,length,200.0
495400,train_episode,return,-242.43021608359282
495400,train_episode,success,0.0
495600,train_episode,collapse,0.0
495600,train_episode,length,200.0
495600,train_episode,return,-227.34246370047333
495600,train_episode,success,0.0
495800,train_episode,collapse,0.0
495800,train_episode,length,200.0
495800,train_episode,return,-232.75974936930928
495800,train_episode,success,0.0
496000,train_episode,collapse,0.0
496000,train_episode,length,200.0
496000,train_episode,return,-232.47860301822553
496000,train_episode,success,0.0
496200,train_episode,collapse,0.0
496200,train_episode,length,200.0
496200,train_episode,return,-126.11728896104742
496200,train_episode,success,1.0
496400,train_episode,collapse,0.0
496400,train_episode,length,200.0
496400,train_episode,return,-228.15863115244818
496400,train_episode,success,0.0
496600,train_episode,collapse,0.0
496600,train_episode,length,200.0
496600,train_episode,return,-218.91895062731683
496600,train_episode,success,0.0
496800,train_episode,collapse,0.0
496800,train_episode,length,200.0
496800,train_episode,return,-121.67447919280912
496800,train_episode,success,1.0
497000,train_episode,collapse,0.0
497000,train_episode,length,200.0
497000,train_episode,return,-1.5707350496631625
497000,train_episode,success,1.0
497200,train_episode,collapse,0.0
497200,train_episode,length,200.0
497200,train_episode,return,-0.3654607054417939
497200,train_episode,success,1.0
497400,train_episode,collapse,0.0
497400,train_episode,length,200.0
497400,train_episode,return,-0.6398712818084269
497400,train_episode,success,1.0
497600,train_episode,collapse,0.0
497600,train_episode,length,200.0
497600,train_episode,return,-2.3189114581008567
497600,train_episode,success,1.0
497800,train_episode,collapse,0.0
497800,train_episode,length,200.0
497800,train_episode,return,-123.88175911149247
497800,train_episode,success,1.0
498000,train_episode,collapse,0.0
498000,train_episode,length,200.0
498000,train_episode,return,-116.46703514341506
498000,train_episode,success,1.0
498200,train_episode,collapse,0.0
498200,train_episode,length,200.0
498200,train_episode,return,-3.095129958951328
498200,train_episode,success,1.0
498400,train_episode,collapse,0.0
498400,train_episode,length,200.0
498400,train_episode,return,-128.1804700623597
498400,train_episode,success,1.0
498600,train_episode,collapse,0.0
498600,train_episode,length,200.0
498600,train_episode,return,-224.15241482653926
498600,train_episode,success,0.0
498800,train_episode,collapse,0.0
498800,train_episode,length,200.0
498800,train_episode,return,-116.44870026484003
498800,train_episode,success,1.0
499000,train_episode,collapse,0.0
499000,train_episode,length,200.0
499000,train_episode,return,-230.970891464973
499000,train_episode,success,0.0
499200,train_episode,collapse,0.0
499200,train_episode,length,200.0
499200,train_episode,return,-244.51844368354202
499200,train_episode,success,0.0
499400,train_episode,collapse,0.0
499400,train_episode,length,200.0
499400,train_episode,return,-120.9065399518858
499400,train_episode,success,1.0
499600,train_episode,collapse,0.0
499600,train_episode,length,200.0
499600,train_episode,return,-123.12504437434167
499600,train_episode,success,1.0
499800,train_episode,collapse,0.0
499800,train_episode,length,200.0
499800,train_episode,return,-1.7815113852066207
499800,train_episode,success,1.0
500000,train_episode,collapse,0.0
500000,train_episode,length,200.0
500000,train_episode,return,-230.8650838632473
500000,train_episode,success,0.0
500000,update,actor_grad_norm,0.3048235774040222
500000,update,actor_grad_norm_max,42.781410217285156
500000,update,actor_grad_norm_mean,0.4034181471310556
500000,update,actor_grad_norm_min,0.030873266980051994
500000,update,actor_loss,13.504364967346191
500000,update,actor_loss_max,20.695451736450195
500000,update,actor_loss_mean,11.462003838062286
500000,update,actor_loss_min,2.6978774070739746
500000,update,actor_param_norm,116.93756866455078
500000,update,actor_param_norm_max,116.9375991821289
500000,update,actor_param_norm_mean,116.78328979492187
500000,update,actor_param_norm_min,116.58631134033203
500000,update,actor_update_norm,0.008541455492377281
500000,update,actor_update_norm_max,0.04431585967540741
500000,update,actor_update_norm_mean,0.011156386563554405
500000,update,actor_update_norm_min,0.004538641311228275
500000,update,actor_update_norm_ratio,7.304284502883786e-05
500000,update,actor_update_norm_ratio_max,0.00037923053892376834
500000,update,actor_update_norm_ratio_mean,9.553007085307058e-05
500000,update,actor_update_norm_ratio_min,3.883400698093837e-05
500000,update,alpha,0.001761776627972722
500000,update,alpha_loss,3.7725963920820504e-05
500000,update,alpha_loss_max,0.001602829317562282
500000,update,alpha_loss_mean,4.4314710285834736e-05
500000,update,alpha_loss_min,-0.001972930273041129
500000,update,alpha_max,0.003118017455562949
500000,update,alpha_mean,0.002048259688122198
500000,update,alpha_min,0.001442211214452982
500000,update,num_optimizer_updates,5000.0
500000,update,policy_entropy_estimate,-0.9785925149917603
500000,update,policy_entropy_estimate_max,-0.3258628249168396
500000,update,policy_entropy_estimate_mean,-0.9792311893343926
500000,update,policy_entropy_estimate_min,-1.7561416625976562
500000,update,policy_log_prob_mean,0.9785925149917603
500000,update,policy_log_prob_mean_max,1.7561416625976562
500000,update,policy_log_prob_mean_mean,0.9792311893343926
500000,update,policy_log_prob_mean_min,0.3258628249168396
500000,update,q1_loss,0.06595700234174728
500000,update,q1_loss_max,30.222457885742188
500000,update,q1_loss_mean,0.45006926855091006
500000,update,q1_loss_min,0.01391759142279625
500000,update,q1_mean,-13.42962646484375
500000,update,q1_mean_max,-2.4596571922302246
500000,update,q1_mean_mean,-11.418395362854003
500000,update,q1_mean_min,-20.975608825683594
500000,update,q2_loss,0.051479119807481766
500000,update,q2_loss_max,25.5223445892334
500000,update,q2_loss_mean,0.4775014413066208
500000,update,q2_loss_min,0.018495380878448486
500000,update,q2_mean,-13.480649948120117
500000,update,q2_mean_max,-2.656597375869751
500000,update,q2_mean_mean,-11.418332510900498
500000,update,q2_mean_min,-20.855377197265625
500000,update,q_grad_norm,7.127071380615234
500000,update,q_grad_norm_max,2144.589599609375
500000,update,q_grad_norm_mean,93.78557678604126
500000,update,q_grad_norm_min,5.651167392730713
500000,update,q_loss,0.11743612587451935
500000,update,q_loss_cleanrl_logged,0.058718062937259674
500000,update,q_loss_cleanrl_logged_max,26.080101013183594
500000,update,q_loss_cleanrl_logged_mean,0.46378535546176136
500000,update,q_loss_cleanrl_logged_min,0.022154338657855988
500000,update,q_loss_max,52.16020202636719
500000,update,q_loss_mean,0.9275707109235227
500000,update,q_loss_min,0.044308677315711975
500000,update,q_param_norm,591.3716430664062
500000,update,q_param_norm_max,591.3716430664062
500000,update,q_param_norm_mean,590.4879363586426
500000,update,q_param_norm_min,589.699462890625
500000,update,q_update_norm,0.020774826407432556
500000,update,q_update_norm_max,0.10663552582263947
500000,update,q_update_norm_mean,0.028491722548753023
500000,update,q_update_norm_min,0.01133765559643507
500000,update,q_update_norm_ratio,4.967578177249227e-05
500000,update,q_update_norm_ratio_max,0.00025570434864948953
500000,update,q_update_norm_ratio_mean,6.823086671850021e-05
500000,update,q_update_norm_ratio_min,2.7155009299934463e-05
500000,update,target_q_mean,-13.459493637084961
500000,update,target_q_mean_max,-2.6221649646759033
500000,update,target_q_mean_mean,-11.418592520570755
500000,update,target_q_mean_min,-20.787574768066406
500000,replay,action_abs_max,2.0
500000,replay,action_abs_mean,0.5820826292037964
500000,replay,action_saturation_fraction,0.073328
500000,replay,capacity,500000.0
500000,replay,done_fraction,0.0
500000,replay,fill_fraction,1.0
500000,replay,near_upright_any_transition_fraction,0.846794
500000,replay,near_upright_next_obs_fraction,0.846694
500000,replay,near_upright_obs_fraction,0.842234
500000,replay,reward_max,-7.441203564440002e-08
500000,replay,reward_mean,-0.7871903777122498
500000,replay,reward_min,-16.269039154052734
500000,replay,reward_std,2.4035167694091797
500000,replay,sample_count_max,1296.0
500000,replay,sample_count_mean,253.44
500000,replay,size,500000.0
500000,replay,transition_age_max,499999.0
500000,replay,transition_age_mean,249999.5
500000,diagnostics,actor_layer0_activation_abs_max,4.0620880126953125
500000,diagnostics,actor_layer0_activation_abs_mean,0.05762922763824463
500000,diagnostics,actor_layer0_dormant_fraction,0.15234375
500000,diagnostics,actor_layer0_effective_rank_fraction,0.0547587014734745
500000,diagnostics,actor_layer1_activation_abs_max,17.111927032470703
500000,diagnostics,actor_layer1_activation_abs_mean,0.019165778532624245
500000,diagnostics,actor_layer1_dormant_fraction,0.609375
500000,diagnostics,actor_layer1_effective_rank_fraction,0.08800174295902252
500000,diagnostics,actor_param_norm,116.93756866455078
500000,diagnostics,alpha,0.001761776627972722
500000,diagnostics,q1_layer0_activation_abs_max,6.183040618896484
500000,diagnostics,q1_layer0_activation_abs_mean,0.23544541001319885
500000,diagnostics,q1_layer0_dormant_fraction,0.40625
500000,diagnostics,q1_layer0_effective_rank_fraction,0.05278807878494263
500000,diagnostics,q1_layer1_activation_abs_max,50.834800720214844
500000,diagnostics,q1_layer1_activation_abs_mean,1.861662745475769
500000,diagnostics,q1_layer1_dormant_fraction,0.765625
500000,diagnostics,q1_layer1_effective_rank_fraction,0.051395680755376816
500000,diagnostics,q1_param_norm,300.0752868652344
500000,diagnostics,q2_layer0_activation_abs_max,5.768519401550293
500000,diagnostics,q2_layer0_activation_abs_mean,0.24351482093334198
500000,diagnostics,q2_layer0_dormant_fraction,0.390625
500000,diagnostics,q2_layer0_effective_rank_fraction,0.04980438947677612
500000,diagnostics,q2_layer1_activation_abs_max,44.59635925292969
500000,diagnostics,q2_layer1_activation_abs_mean,1.6670308113098145
500000,diagnostics,q2_layer1_dormant_fraction,0.8203125
500000,diagnostics,q2_layer1_effective_rank_fraction,0.04656882584095001
500000,diagnostics,q2_param_norm,291.2963562011719
500000,eval,best_return,-0.09843448962222963
500000,eval,collapse_rate,0.0
500000,eval,failure_rate,0.44999999999999996
500000,eval,fraction_return_ge_-100,0.15
500000,eval,fraction_return_ge_-150,0.55
500000,eval,fraction_return_ge_-200,0.55
500000,eval,fraction_return_ge_-250,0.85
500000,eval,max_not_near_upright_streak,71.0
500000,eval,mean_episode_length,200.0
500000,eval,mean_min_step_reward,-11.459306096744196
500000,eval,mean_return,-157.86233392291143
500000,eval,median_return,-126.6792731769218
500000,eval,near_upright_fraction,0.8405000000000001
500000,eval,num_collapses,0.0
500000,eval,num_eval_episodes,20.0
500000,eval,num_strict_successes,11.0
500000,eval,num_successes,11.0
500000,eval,return_failure_rate,0.44999999999999996
500000,eval,return_p05,-267.1869704373778
500000,eval,return_p10,-255.8348442635124
500000,eval,return_p25,-238.16601187357566
500000,eval,return_p75,-118.91697880087364
500000,eval,return_p90,-0.24467064040980632
500000,eval,return_p95,-0.16570443179160835
500000,eval,return_reliability_nines_empirical,0.3467874862246564
500000,eval,return_reliability_nines_wilson95_low,0.18183043793474354
500000,eval,return_success_rate,0.55
500000,eval,stability_success_rate,0.75
500000,eval,std_return,87.29280709926553
500000,eval,streak_success_rate,0.95
500000,eval,strict_failure_rate,0.44999999999999996
500000,eval,strict_reliability_nines_empirical,0.3467874862246564
500000,eval,strict_reliability_nines_wilson95_low,0.18183043793474354
500000,eval,strict_success_rate,0.55
500000,eval,strict_success_rate_wilson95_high,0.7418021417443758
500000,eval,strict_success_rate_wilson95_low,0.3420853424503424
500000,eval,success_rate,0.55
500000,eval,success_rate_wilson95_high,0.7418021417443758
500000,eval,success_rate_wilson95_low,0.3420853424503424
500000,eval,worst_episode_near_upright_fraction,0.645
500000,eval,worst_min_step_reward,-15.665217278117446
500000,eval,worst_return,-270.32198549092
