step,split,name,value
0,eval,best_return,-878.607544249291
0,eval,collapse_rate,0.9
0,eval,failure_rate,1.0
0,eval,fraction_return_ge_-100,0.0
0,eval,fraction_return_ge_-150,0.0
0,eval,fraction_return_ge_-200,0.0
0,eval,fraction_return_ge_-250,0.0
0,eval,max_not_near_upright_streak,200.0
0,eval,mean_episode_length,200.0
0,eval,mean_min_step_reward,-11.763075652899321
0,eval,mean_return,-1567.062612708937
0,eval,median_return,-1633.5461355473726
0,eval,near_upright_fraction,0.0085
0,eval,num_collapses,9.0
0,eval,num_eval_episodes,10.0
0,eval,num_strict_successes,0.0
0,eval,num_successes,0.0
0,eval,return_failure_rate,1.0
0,eval,return_p05,-1897.8045480056373
0,eval,return_p10,-1889.345531250575
0,eval,return_p25,-1863.98032835229
0,eval,return_p75,-1366.434419362965
0,eval,return_p90,-1186.4488885139094
0,eval,return_p95,-1032.5282163816005
0,eval,return_reliability_nines_empirical,0.0
0,eval,return_reliability_nines_wilson95_low,0.0
0,eval,return_success_rate,0.0
0,eval,stability_success_rate,0.0
0,eval,std_return,322.79107241168066
0,eval,streak_success_rate,0.0
0,eval,strict_failure_rate,1.0
0,eval,strict_reliability_nines_empirical,0.0
0,eval,strict_reliability_nines_wilson95_low,0.0
0,eval,strict_success_rate,0.0
0,eval,strict_success_rate_wilson95_high,0.2775327998628892
0,eval,strict_success_rate_wilson95_low,0.0
0,eval,success_rate,0.0
0,eval,success_rate_wilson95_high,0.2775327998628892
0,eval,success_rate_wilson95_low,0.0
0,eval,worst_episode_near_upright_fraction,0.0
0,eval,worst_min_step_reward,-16.21671580786755
0,eval,worst_return,-1906.2635647606996
200,train_episode,collapse,1.0
200,train_episode,length,200.0
200,train_episode,return,-1071.9307048996711
200,train_episode,success,0.0
400,train_episode,collapse,1.0
400,train_episode,length,200.0
400,train_episode,return,-1508.1563816791627
400,train_episode,success,0.0
600,train_episode,collapse,1.0
600,train_episode,length,200.0
600,train_episode,return,-1264.817177206974
600,train_episode,success,0.0
800,train_episode,collapse,0.0
800,train_episode,length,200.0
800,train_episode,return,-975.6967559825594
800,train_episode,success,0.0
1000,train_episode,collapse,0.0
1000,train_episode,length,200.0
1000,train_episode,return,-972.1087893349505
1000,train_episode,success,0.0
1200,train_episode,collapse,1.0
1200,train_episode,length,200.0
1200,train_episode,return,-1525.5428927330931
1200,train_episode,success,0.0
1400,train_episode,collapse,1.0
1400,train_episode,length,200.0
1400,train_episode,return,-1512.64270396323
1400,train_episode,success,0.0
1600,train_episode,collapse,0.0
1600,train_episode,length,200.0
1600,train_episode,return,-854.8066351028133
1600,train_episode,success,0.0
1800,train_episode,collapse,1.0
1800,train_episode,length,200.0
1800,train_episode,return,-1407.302114356013
1800,train_episode,success,0.0
2000,train_episode,collapse,0.0
2000,train_episode,length,200.0
2000,train_episode,return,-963.0603301701569
2000,train_episode,success,0.0
2200,train_episode,collapse,1.0
2200,train_episode,length,200.0
2200,train_episode,return,-1558.746399563667
2200,train_episode,success,0.0
2400,train_episode,collapse,0.0
2400,train_episode,length,200.0
2400,train_episode,return,-865.6297337411968
2400,train_episode,success,0.0
2600,train_episode,collapse,1.0
2600,train_episode,length,200.0
2600,train_episode,return,-1150.5216050496647
2600,train_episode,success,0.0
2800,train_episode,collapse,1.0
2800,train_episode,length,200.0
2800,train_episode,return,-1648.4121151974336
2800,train_episode,success,0.0
3000,train_episode,collapse,0.0
3000,train_episode,length,200.0
3000,train_episode,return,-963.3070464847735
3000,train_episode,success,0.0
3200,train_episode,collapse,1.0
3200,train_episode,length,200.0
3200,train_episode,return,-1155.4358875320577
3200,train_episode,success,0.0
3400,train_episode,collapse,1.0
3400,train_episode,length,200.0
3400,train_episode,return,-1335.5468876253312
3400,train_episode,success,0.0
3600,train_episode,collapse,0.0
3600,train_episode,length,200.0
3600,train_episode,return,-876.4971890182585
3600,train_episode,success,0.0
3800,train_episode,collapse,0.0
3800,train_episode,length,200.0
3800,train_episode,return,-930.6881210875315
3800,train_episode,success,0.0
4000,train_episode,collapse,1.0
4000,train_episode,length,200.0
4000,train_episode,return,-1557.6118868425199
4000,train_episode,success,0.0
4200,train_episode,collapse,0.0
4200,train_episode,length,200.0
4200,train_episode,return,-863.793360164558
4200,train_episode,success,0.0
4400,train_episode,collapse,0.0
4400,train_episode,length,200.0
4400,train_episode,return,-964.158119046887
4400,train_episode,success,0.0
4600,train_episode,collapse,0.0
4600,train_episode,length,200.0
4600,train_episode,return,-924.4870150524173
4600,train_episode,success,0.0
4800,train_episode,collapse,1.0
4800,train_episode,length,200.0
4800,train_episode,return,-1305.0494726216175
4800,train_episode,success,0.0
5000,train_episode,collapse,1.0
5000,train_episode,length,200.0
5000,train_episode,return,-1599.0368945575553
5000,train_episode,success,0.0
5000,replay,action_abs_max,1.9992400407791138
5000,replay,action_abs_mean,1.0057607889175415
5000,replay,action_saturation_fraction,0.051
5000,replay,capacity,100000.0
5000,replay,done_fraction,0.0
5000,replay,fill_fraction,0.05
5000,replay,near_upright_any_transition_fraction,0.013
5000,replay,near_upright_next_obs_fraction,0.0116
5000,replay,near_upright_obs_fraction,0.0118
5000,replay,reward_max,-0.0026008719578385353
5000,replay,reward_mean,-5.9509968757629395
5000,replay,reward_min,-16.252336502075195
5000,replay,reward_std,3.7255940437316895
5000,replay,sample_count_max,0.0
5000,replay,sample_count_mean,0.0
5000,replay,size,5000.0
5000,replay,transition_age_max,4999.0
5000,replay,transition_age_mean,2499.5
5000,diagnostics,actor_layer0_activation_abs_max,5.306562423706055
5000,diagnostics,actor_layer0_activation_abs_mean,0.48638102412223816
5000,diagnostics,actor_layer0_dormant_fraction,0.046875
5000,diagnostics,actor_layer0_effective_rank_fraction,0.04757203161716461
5000,diagnostics,actor_layer1_activation_abs_max,2.882439613342285
5000,diagnostics,actor_layer1_activation_abs_mean,0.18226824700832367
5000,diagnostics,actor_layer1_dormant_fraction,0.21484375
5000,diagnostics,actor_layer1_effective_rank_fraction,0.0663878545165062
5000,diagnostics,actor_param_norm,14.218192100524902
5000,diagnostics,alpha,1.0
5000,diagnostics,q1_layer0_activation_abs_max,5.049923419952393
5000,diagnostics,q1_layer0_activation_abs_mean,0.44360649585723877
5000,diagnostics,q1_layer0_dormant_fraction,0.0234375
5000,diagnostics,q1_layer0_effective_rank_fraction,0.09149592369794846
5000,diagnostics,q1_layer1_activation_abs_max,2.7160017490386963
5000,diagnostics,q1_layer1_activation_abs_mean,0.1825529932975769
5000,diagnostics,q1_layer1_dormant_fraction,0.15234375
5000,diagnostics,q1_layer1_effective_rank_fraction,0.12798741459846497
5000,diagnostics,q1_param_norm,13.922323226928711
5000,diagnostics,q2_layer0_activation_abs_max,4.830511093139648
5000,diagnostics,q2_layer0_activation_abs_mean,0.4244725704193115
5000,diagnostics,q2_layer0_dormant_fraction,0.02734375
5000,diagnostics,q2_layer0_effective_rank_fraction,0.09413037449121475
5000,diagnostics,q2_layer1_activation_abs_max,3.4738166332244873
5000,diagnostics,q2_layer1_activation_abs_mean,0.18024463951587677
5000,diagnostics,q2_layer1_dormant_fraction,0.140625
5000,diagnostics,q2_layer1_effective_rank_fraction,0.13019077479839325
5000,diagnostics,q2_param_norm,13.843106269836426
5000,eval,best_return,-878.607544249291
5000,eval,collapse_rate,0.9
5000,eval,failure_rate,1.0
5000,eval,fraction_return_ge_-100,0.0
5000,eval,fraction_return_ge_-150,0.0
5000,eval,fraction_return_ge_-200,0.0
5000,eval,fraction_return_ge_-250,0.0
5000,eval,max_not_near_upright_streak,200.0
5000,eval,mean_episode_length,200.0
5000,eval,mean_min_step_reward,-11.763075652899321
5000,eval,mean_return,-1567.062612708937
5000,eval,median_return,-1633.5461355473726
5000,eval,near_upright_fraction,0.0085
5000,eval,num_collapses,9.0
5000,eval,num_eval_episodes,10.0
5000,eval,num_strict_successes,0.0
5000,eval,num_successes,0.0
5000,eval,return_failure_rate,1.0
5000,eval,return_p05,-1897.8045480056373
5000,eval,return_p10,-1889.345531250575
5000,eval,return_p25,-1863.98032835229
5000,eval,return_p75,-1366.434419362965
5000,eval,return_p90,-1186.4488885139094
5000,eval,return_p95,-1032.5282163816005
5000,eval,return_reliability_nines_empirical,0.0
5000,eval,return_reliability_nines_wilson95_low,0.0
5000,eval,return_success_rate,0.0
5000,eval,stability_success_rate,0.0
5000,eval,std_return,322.79107241168066
5000,eval,streak_success_rate,0.0
5000,eval,strict_failure_rate,1.0
5000,eval,strict_reliability_nines_empirical,0.0
5000,eval,strict_reliability_nines_wilson95_low,0.0
5000,eval,strict_success_rate,0.0
5000,eval,strict_success_rate_wilson95_high,0.2775327998628892
5000,eval,strict_success_rate_wilson95_low,0.0
5000,eval,success_rate,0.0
5000,eval,success_rate_wilson95_high,0.2775327998628892
5000,eval,success_rate_wilson95_low,0.0
5000,eval,worst_episode_near_upright_fraction,0.0
5000,eval,worst_min_step_reward,-16.21671580786755
5000,eval,worst_return,-1906.2635647606996
5200,train_episode,collapse,1.0
5200,train_episode,length,200.0
5200,train_episode,return,-1491.7329220192823
5200,train_episode,success,0.0
5400,train_episode,collapse,1.0
5400,train_episode,length,200.0
5400,train_episode,return,-1654.9017925950332
5400,train_episode,success,0.0
5600,train_episode,collapse,1.0
5600,train_episode,length,200.0
5600,train_episode,return,-1350.0655825396416
5600,train_episode,success,0.0
5800,train_episode,collapse,1.0
5800,train_episode,length,200.0
5800,train_episode,return,-1320.1811885833833
5800,train_episode,success,0.0
6000,train_episode,collapse,1.0
6000,train_episode,length,200.0
6000,train_episode,return,-1526.13355854351
6000,train_episode,success,0.0
6000,update,actor_grad_norm,1.4151440858840942
6000,update,actor_grad_norm_max,11.200543403625488
6000,update,actor_grad_norm_mean,1.702962239384651
6000,update,actor_grad_norm_min,0.38918042182922363
6000,update,actor_loss,27.319347381591797
6000,update,actor_loss_max,28.51444435119629
6000,update,actor_loss_mean,14.833306079506874
6000,update,actor_loss_min,0.10418462753295898
6000,update,actor_param_norm,14.355376243591309
6000,update,actor_param_norm_max,14.355376243591309
6000,update,actor_param_norm_mean,14.255771512985229
6000,update,actor_param_norm_min,14.218192100524902
6000,update,actor_update_norm,0.01129935309290886
6000,update,actor_update_norm_max,0.061718545854091644
6000,update,actor_update_norm_mean,0.010552812823094428
6000,update,actor_update_norm_min,0.0063434564508497715
6000,update,actor_update_norm_ratio,0.0007871207591521769
6000,update,actor_update_norm_ratio_max,0.0043407591106756115
6000,update,actor_update_norm_ratio_mean,0.0007400829203040267
6000,update,actor_update_norm_ratio_min,0.000445813554667838
6000,update,alpha,0.4462106227874756
6000,update,alpha_loss,0.9007865190505981
6000,update,alpha_loss_max,2.304105043411255
6000,update,alpha_loss_mean,1.5012802568674088
6000,update,alpha_loss_min,0.8497763276100159
6000,update,alpha_max,1.0
6000,update,alpha_mean,0.663956653535366
6000,update,alpha_min,0.4462106227874756
6000,update,num_optimizer_updates,1000.0
6000,update,policy_entropy_estimate,1.0174875259399414
6000,update,policy_entropy_estimate_max,1.391440987586975
6000,update,policy_entropy_estimate_mean,1.2401043472290039
6000,update,policy_entropy_estimate_min,0.8406009674072266
6000,update,policy_log_prob_mean,-1.0174875259399414
6000,update,policy_log_prob_mean_max,-0.8406009674072266
6000,update,policy_log_prob_mean_mean,-1.2401043472290039
6000,update,policy_log_prob_mean_min,-1.391440987586975
6000,update,q1_loss,0.0618707649409771
6000,update,q1_loss_max,47.29432678222656
6000,update,q1_loss_mean,0.6432474140822887
6000,update,q1_loss_min,0.04617035761475563
6000,update,q1_mean,-28.012481689453125
6000,update,q1_mean_max,0.06353935599327087
6000,update,q1_mean_mean,-15.725748340904712
6000,update,q1_mean_min,-29.21274185180664
6000,update,q2_loss,0.065512515604496
6000,update,q2_loss_max,48.63270950317383
6000,update,q2_loss_mean,0.6634845910146833
6000,update,q2_loss_min,0.05433531105518341
6000,update,q2_mean,-28.017122268676758
6000,update,q2_mean_max,0.12189288437366486
6000,update,q2_mean_mean,-15.726328021839262
6000,update,q2_mean_min,-29.239715576171875
6000,update,q_grad_norm,3.3668572902679443
6000,update,q_grad_norm_max,94.48983764648438
6000,update,q_grad_norm_mean,7.5752515840530394
6000,update,q_grad_norm_min,1.1621947288513184
6000,update,q_loss,0.1273832768201828
6000,update,q_loss_cleanrl_logged,0.0636916384100914
6000,update,q_loss_cleanrl_logged_max,47.96351623535156
6000,update,q_loss_cleanrl_logged_mean,0.6533659977689386
6000,update,q_loss_cleanrl_logged_min,0.050541140139102936
6000,update,q_loss_max,95.92703247070312
6000,update,q_loss_mean,1.3067319955378771
6000,update,q_loss_min,0.10108228027820587
6000,update,q_param_norm,38.40935707092285
6000,update,q_param_norm_max,38.40935707092285
6000,update,q_param_norm_mean,33.4728253993988
6000,update,q_param_norm_min,27.76834774017334
6000,update,q_update_norm,0.025741098448634148
6000,update,q_update_norm_max,0.35562777519226074
6000,update,q_update_norm_mean,0.03564881326444447
6000,update,q_update_norm_min,0.01776394620537758
6000,update,q_update_norm_ratio,0.0009480482265589031
6000,update,q_update_norm_ratio_max,0.018113590562233155
6000,update,q_update_norm_ratio_mean,0.0015809081978512063
6000,update,q_update_norm_ratio_min,0.0006730178188136811
6000,update,target_q_mean,-28.032367706298828
6000,update,target_q_mean_max,-4.536476135253906
6000,update,target_q_mean_mean,-15.750720645904542
6000,update,target_q_mean_min,-29.293581008911133
6200,train_episode,collapse,1.0
6200,train_episode,length,200.0
6200,train_episode,return,-1282.356521193848
6200,train_episode,success,0.0
6400,train_episode,collapse,1.0
6400,train_episode,length,200.0
6400,train_episode,return,-1302.6920563469037
6400,train_episode,success,0.0
6600,train_episode,collapse,1.0
6600,train_episode,length,200.0
6600,train_episode,return,-1056.8618263525725
6600,train_episode,success,0.0
6800,train_episode,collapse,1.0
6800,train_episode,length,200.0
6800,train_episode,return,-1071.6980874700353
6800,train_episode,success,0.0
7000,train_episode,collapse,0.0
7000,train_episode,length,200.0
7000,train_episode,return,-979.5958490519104
7000,train_episode,success,0.0
7000,update,actor_grad_norm,1.5618072748184204
7000,update,actor_grad_norm_max,2.4549367427825928
7000,update,actor_grad_norm_mean,0.958810650408268
7000,update,actor_grad_norm_min,0.3257500231266022
7000,update,actor_loss,48.82173156738281
7000,update,actor_loss_max,52.48261260986328
7000,update,actor_loss_mean,39.2509285736084
7000,update,actor_loss_min,25.520980834960938
7000,update,actor_param_norm,15.153038024902344
7000,update,actor_param_norm_max,15.153038024902344
7000,update,actor_param_norm_mean,14.696598090171815
7000,update,actor_param_norm_min,14.355376243591309
7000,update,actor_update_norm,0.01168857142329216
7000,update,actor_update_norm_max,0.023292243480682373
7000,update,actor_update_norm_mean,0.013424524189904332
7000,update,actor_update_norm_min,0.007919243536889553
7000,update,actor_update_norm_ratio,0.0007714086742911975
7000,update,actor_update_norm_ratio_max,0.0015682944329394332
7000,update,actor_update_norm_ratio_mean,0.0009131429284072511
7000,update,actor_update_norm_ratio_min,0.0005492844265969388
7000,update,alpha,0.2731078565120697
7000,update,alpha_loss,0.33656179904937744
7000,update,alpha_loss_max,0.9281782507896423
7000,update,alpha_loss_mean,0.5642828307747841
7000,update,alpha_loss_min,0.27979516983032227
7000,update,alpha_max,0.4462106227874756
7000,update,alpha_mean,0.3452168785631657
7000,update,alpha_min,0.2731078565120697
7000,update,num_optimizer_updates,1000.0
7000,update,policy_entropy_estimate,0.2318756878376007
7000,update,policy_entropy_estimate_max,1.099811315536499
7000,update,policy_entropy_estimate_mean,0.6005341385416687
7000,update,policy_entropy_estimate_min,0.011897290125489235
7000,update,policy_log_prob_mean,-0.2318756878376007
7000,update,policy_log_prob_mean_max,-0.011897290125489235
7000,update,policy_log_prob_mean_mean,-0.6005341385416687
7000,update,policy_log_prob_mean_min,-1.099811315536499
7000,update,q1_loss,0.10832850635051727
7000,update,q1_loss_max,0.39045509696006775
7000,update,q1_loss_mean,0.11154771256446838
7000,update,q1_loss_min,0.04645569249987602
7000,update,q1_mean,-49.779354095458984
7000,update,q1_mean_max,-26.273014068603516
7000,update,q1_mean_mean,-40.10833990669251
7000,update,q1_mean_min,-53.45726013183594
7000,update,q2_loss,0.19243882596492767
7000,update,q2_loss_max,0.322327196598053
7000,update,q2_loss_mean,0.12522788966074586
7000,update,q2_loss_min,0.05196653679013252
7000,update,q2_mean,-49.85411071777344
7000,update,q2_mean_max,-26.288372039794922
7000,update,q2_mean_mean,-40.10888663864136
7000,update,q2_mean_min,-53.435665130615234
7000,update,q_grad_norm,24.204591751098633
7000,update,q_grad_norm_max,54.59379196166992
7000,update,q_grad_norm_mean,15.665103063106537
7000,update,q_grad_norm_min,1.373337745666504
7000,update,q_loss,0.30076733231544495
7000,update,q_loss_cleanrl_logged,0.15038366615772247
7000,update,q_loss_cleanrl_logged_max,0.3089575171470642
7000,update,q_loss_cleanrl_logged_mean,0.11838780103251338
7000,update,q_loss_cleanrl_logged_min,0.049629755318164825
7000,update,q_loss_max,0.6179150342941284
7000,update,q_loss_mean,0.23677560206502676
7000,update,q_loss_min,0.09925951063632965
7000,update,q_param_norm,47.62506103515625
7000,update,q_param_norm_max,47.62506103515625
7000,update,q_param_norm_mean,42.96345064163208
7000,update,q_param_norm_min,38.418935775756836
7000,update,q_update_norm,0.04296479746699333
7000,update,q_update_norm_max,0.06916199624538422
7000,update,q_update_norm_mean,0.03388089296780527
7000,update,q_update_norm_min,0.016370447352528572
7000,update,q_update_norm_ratio,0.0012759890410721265
7000,update,q_update_norm_ratio_max,0.0023750594611367743
7000,update,q_update_norm_ratio_mean,0.0011147432276390815
7000,update,q_update_norm_ratio_min,0.0006024855992729385
7000,update,target_q_mean,-49.70057678222656
7000,update,target_q_mean_max,-26.33553695678711
7000,update,target_q_mean_mean,-40.1110429649353
7000,update,target_q_mean_min,-53.610992431640625
7200,train_episode,collapse,0.0
7200,train_episode,length,200.0
7200,train_episode,return,-772.5082390963065
7200,train_episode,success,0.0
7400,train_episode,collapse,0.0
7400,train_episode,length,200.0
7400,train_episode,return,-2.8367157960584155
7400,train_episode,success,1.0
7600,train_episode,collapse,0.0
7600,train_episode,length,200.0
7600,train_episode,return,-1.0930030118790635
7600,train_episode,success,1.0
7800,train_episode,collapse,0.0
7800,train_episode,length,200.0
7800,train_episode,return,-124.77148301327134
7800,train_episode,success,1.0
8000,train_episode,collapse,0.0
8000,train_episode,length,200.0
8000,train_episode,return,-557.3390832039734
8000,train_episode,success,0.0
8000,update,actor_grad_norm,1.0578945875167847
8000,update,actor_grad_norm_max,2.7103195190429688
8000,update,actor_grad_norm_mean,0.9482973642349243
8000,update,actor_grad_norm_min,0.36021938920021057
8000,update,actor_loss,65.16835021972656
8000,update,actor_loss_max,68.96870422363281
8000,update,actor_loss_mean,57.843316696166994
8000,update,actor_loss_min,47.50849914550781
8000,update,actor_param_norm,15.890522003173828
8000,update,actor_param_norm_max,15.890522003173828
8000,update,actor_param_norm_mean,15.546560777664185
8000,update,actor_param_norm_min,15.153038024902344
8000,update,actor_update_norm,0.018632926046848297
8000,update,actor_update_norm_max,0.023909397423267365
8000,update,actor_update_norm_mean,0.013688628580421209
8000,update,actor_update_norm_min,0.008322322741150856
8000,update,actor_update_norm_ratio,0.001172651846346784
8000,update,actor_update_norm_ratio_max,0.0015570044532782908
8000,update,actor_update_norm_ratio_mean,0.0008802659094976255
8000,update,actor_update_norm_ratio_min,0.000547563187372648
8000,update,alpha,0.200074702501297
8000,update,alpha_loss,0.13621516525745392
8000,update,alpha_loss_max,0.3808411657810211
8000,update,alpha_loss_mean,0.21689380149543286
8000,update,alpha_loss_min,0.09957800060510635
8000,update,alpha_max,0.2731078565120697
8000,update,alpha_mean,0.23274513596296312
8000,update,alpha_min,0.200074702501297
8000,update,num_optimizer_updates,1000.0
8000,update,policy_entropy_estimate,-0.31936588883399963
8000,update,policy_entropy_estimate_max,0.3949994146823883
8000,update,policy_entropy_estimate_mean,-0.07985963491210714
8000,update,policy_entropy_estimate_min,-0.5355684161186218
8000,update,policy_log_prob_mean,0.31936588883399963
8000,update,policy_log_prob_mean_max,0.5355684161186218
8000,update,policy_log_prob_mean_mean,0.07985963491210714
8000,update,policy_log_prob_mean_min,-0.3949994146823883
8000,update,q1_loss,0.24266240000724792
8000,update,q1_loss_max,0.5916522145271301
8000,update,q1_loss_mean,0.1885678648278117
8000,update,q1_loss_min,0.07418926060199738
8000,update,q1_mean,-67.03111267089844
8000,update,q1_mean_max,-48.274627685546875
8000,update,q1_mean_mean,-59.077047584533695
8000,update,q1_mean_min,-72.2586441040039
8000,update,q2_loss,0.16324950754642487
8000,update,q2_loss_max,0.487072229385376
8000,update,q2_loss_mean,0.19519031665474176
8000,update,q2_loss_min,0.08553218841552734
8000,update,q2_mean,-66.9068374633789
8000,update,q2_mean_max,-48.411529541015625
8000,update,q2_mean_mean,-59.077318939208986
8000,update,q2_mean_min,-72.11656188964844
8000,update,q_grad_norm,29.498153686523438
8000,update,q_grad_norm_max,82.74484252929688
8000,update,q_grad_norm_mean,26.83425220298767
8000,update,q_grad_norm_min,5.092463493347168
8000,update,q_loss,0.405911922454834
8000,update,q_loss_cleanrl_logged,0.202955961227417
8000,update,q_loss_cleanrl_logged_max,0.4564030170440674
8000,update,q_loss_cleanrl_logged_mean,0.19187909065186978
8000,update,q_loss_cleanrl_logged_min,0.08956725895404816
8000,update,q_loss_max,0.9128060340881348
8000,update,q_loss_mean,0.38375818130373957
8000,update,q_loss_min,0.1791345179080963
8000,update,q_param_norm,57.57094764709473
8000,update,q_param_norm_max,57.57094764709473
8000,update,q_param_norm_mean,52.50050869560242
8000,update,q_param_norm_min,47.6352481842041
8000,update,q_update_norm,0.03294246271252632
8000,update,q_update_norm_max,0.0669984370470047
8000,update,q_update_norm_mean,0.03508650433272123
8000,update,q_update_norm_min,0.02118484489619732
8000,update,q_update_norm_ratio,0.0008092515490613503
8000,update,q_update_norm_ratio_max,0.0017095024368328294
8000,update,q_update_norm_ratio_mean,0.0009481309135859365
8000,update,q_update_norm_ratio_min,0.000573845466479191
8000,update,target_q_mean,-66.97601318359375
8000,update,target_q_mean_max,-48.38544464111328
8000,update,target_q_mean_mean,-59.080318656921385
8000,update,target_q_mean_min,-72.35591125488281
8200,train_episode,collapse,0.0
8200,train_episode,length,200.0
8200,train_episode,return,-127.01072547407655
8200,train_episode,success,1.0
8400,train_episode,collapse,0.0
8400,train_episode,length,200.0
8400,train_episode,return,-1.566937887378889
8400,train_episode,success,1.0
8600,train_episode,collapse,0.0
8600,train_episode,length,200.0
8600,train_episode,return,-130.14672174311116
8600,train_episode,success,1.0
8800,train_episode,collapse,0.0
8800,train_episode,length,200.0
8800,train_episode,return,-121.43242405286573
8800,train_episode,success,1.0
9000,train_episode,collapse,0.0
9000,train_episode,length,200.0
9000,train_episode,return,-246.24603882537207
9000,train_episode,success,0.0
9000,update,actor_grad_norm,0.6773340702056885
9000,update,actor_grad_norm_max,2.7548463344573975
9000,update,actor_grad_norm_mean,0.9305817351937294
9000,update,actor_grad_norm_min,0.36585819721221924
9000,update,actor_loss,65.3154296875
9000,update,actor_loss_max,76.51380157470703
9000,update,actor_loss_mean,66.39965286254883
9000,update,actor_loss_min,56.67499542236328
9000,update,actor_param_norm,16.905399322509766
9000,update,actor_param_norm_max,16.905399322509766
9000,update,actor_param_norm_mean,16.353756223678587
9000,update,actor_param_norm_min,15.890522003173828
9000,update,actor_update_norm,0.013736149296164513
9000,update,actor_update_norm_max,0.029096519574522972
9000,update,actor_update_norm_mean,0.015434446627274155
9000,update,actor_update_norm_min,0.010287714190781116
9000,update,actor_update_norm_ratio,0.0008125927411945591
9000,update,actor_update_norm_ratio_max,0.001828509750034925
9000,update,actor_update_norm_ratio_mean,0.000944180995186152
9000,update,actor_update_norm_ratio_min,0.0006151114957991183
9000,update,alpha,0.15266411006450653
9000,update,alpha_loss,0.08966576308012009
9000,update,alpha_loss_max,0.20002169907093048
9000,update,alpha_loss_mean,0.11504497322440148
9000,update,alpha_loss_min,0.04661654680967331
9000,update,alpha_max,0.200074702501297
9000,update,alpha_mean,0.17536110188066958
9000,update,alpha_min,0.15266411006450653
9000,update,num_optimizer_updates,1000.0
9000,update,policy_entropy_estimate,-0.4128263592720032
9000,update,policy_entropy_estimate_max,0.025543833151459694
9000,update,policy_entropy_estimate_mean,-0.34688224273175
9000,update,policy_entropy_estimate_min,-0.7013338804244995
9000,update,policy_log_prob_mean,0.4128263592720032
9000,update,policy_log_prob_mean_max,0.7013338804244995
9000,update,policy_log_prob_mean_mean,0.34688224273175
9000,update,policy_log_prob_mean_min,-0.025543833151459694
9000,update,q1_loss,0.4884037375450134
9000,update,q1_loss_max,0.8403342962265015
9000,update,q1_loss_mean,0.35725088402628896
9000,update,q1_loss_min,0.16476288437843323
9000,update,q1_mean,-67.08116912841797
9000,update,q1_mean_max,-58.442787170410156
9000,update,q1_mean_mean,-68.178532371521
9000,update,q1_mean_min,-78.22879028320312
9000,update,q2_loss,0.404803067445755
9000,update,q2_loss_max,0.8743423819541931
9000,update,q2_loss_mean,0.33107446919381617
9000,update,q2_loss_min,0.14338169991970062
9000,update,q2_mean,-67.1279296875
9000,update,q2_mean_max,-58.51349639892578
9000,update,q2_mean_mean,-68.17875826263428
9000,update,q2_mean_min,-78.1553955078125
9000,update,q_grad_norm,46.17955017089844
9000,update,q_grad_norm_max,124.22601318359375
9000,update,q_grad_norm_mean,39.421895027160645
9000,update,q_grad_norm_min,7.8695220947265625
9000,update,q_loss,0.8932068347930908
9000,update,q_loss_cleanrl_logged,0.4466034173965454
9000,update,q_loss_cleanrl_logged_max,0.8225908279418945
9000,update,q_loss_cleanrl_logged_mean,0.34416267663240435
9000,update,q_loss_cleanrl_logged_min,0.16387058794498444
9000,update,q_loss_max,1.645181655883789
9000,update,q_loss_mean,0.6883253532648087
9000,update,q_loss_min,0.32774117588996887
9000,update,q_param_norm,69.31183242797852
9000,update,q_param_norm_max,69.31183242797852
9000,update,q_param_norm_mean,63.289034666061404
9000,update,q_param_norm_min,57.58780860900879
9000,update,q_update_norm,0.028647111728787422
9000,update,q_update_norm_max,0.07261594384908676
9000,update,q_update_norm_mean,0.0356750924307853
9000,update,q_update_norm_min,0.022946367040276527
9000,update,q_update_norm_ratio,0.0005845710835204666
9000,update,q_update_norm_ratio_max,0.0015757866779116422
9000,update,q_update_norm_ratio_mean,0.0007983914261243155
9000,update,q_update_norm_ratio_min,0.000504590273653134
9000,update,target_q_mean,-67.30432891845703
9000,update,target_q_mean_max,-58.34269714355469
9000,update,target_q_mean_mean,-68.18150283813476
9000,update,target_q_mean_min,-78.22821807861328
9200,train_episode,collapse,0.0
9200,train_episode,length,200.0
9200,train_episode,return,-229.53685392329734
9200,train_episode,success,0.0
9400,train_episode,collapse,0.0
9400,train_episode,length,200.0
9400,train_episode,return,-322.39093714073226
9400,train_episode,success,0.0
9600,train_episode,collapse,0.0
9600,train_episode,length,200.0
9600,train_episode,return,-347.3293873590295
9600,train_episode,success,0.0
9800,train_episode,collapse,0.0
9800,train_episode,length,200.0
9800,train_episode,return,-251.0108677311422
9800,train_episode,success,0.0
10000,train_episode,collapse,0.0
10000,train_episode,length,200.0
10000,train_episode,return,-236.00581068568533
10000,train_episode,success,0.0
10000,update,actor_grad_norm,1.6497313976287842
10000,update,actor_grad_norm_max,2.2147939205169678
10000,update,actor_grad_norm_mean,0.9449754183292389
10000,update,actor_grad_norm_min,0.35902202129364014
10000,update,actor_loss,68.52848052978516
10000,update,actor_loss_max,80.44551849365234
10000,update,actor_loss_mean,71.23351538085937
10000,update,actor_loss_min,57.7744140625
10000,update,actor_param_norm,17.97332000732422
10000,update,actor_param_norm_max,17.97332000732422
10000,update,actor_param_norm_mean,17.44580210494995
10000,update,actor_param_norm_min,16.905399322509766
10000,update,actor_update_norm,0.009673531167209148
10000,update,actor_update_norm_max,0.03040350042283535
10000,update,actor_update_norm_mean,0.016355226170271634
10000,update,actor_update_norm_min,0.009673531167209148
10000,update,actor_update_norm_ratio,0.0005382441993667158
10000,update,actor_update_norm_ratio_max,0.0017501455986840642
10000,update,actor_update_norm_ratio_mean,0.0009375168718692985
10000,update,actor_update_norm_ratio_min,0.0005382441993667158
10000,update,alpha,0.11470773071050644
10000,update,alpha_loss,0.050984498113393784
10000,update,alpha_loss_max,0.13841278851032257
10000,update,alpha_loss_mean,0.07579617065191269
10000,update,alpha_loss_min,0.013963248580694199
10000,update,alpha_max,0.15266411006450653
10000,update,alpha_mean,0.13302614016085862
10000,update,alpha_min,0.11470773071050644
10000,update,num_optimizer_updates,1000.0
10000,update,policy_entropy_estimate,-0.5556490421295166
10000,update,policy_entropy_estimate_max,-0.056116607040166855
10000,update,policy_entropy_estimate_mean,-0.4313953517153859
10000,update,policy_entropy_estimate_min,-0.8949992656707764
10000,update,policy_log_prob_mean,0.5556490421295166
10000,update,policy_log_prob_mean_max,0.8949992656707764
10000,update,policy_log_prob_mean_mean,0.4313953517153859
10000,update,policy_log_prob_mean_min,0.056116607040166855
10000,update,q1_loss,0.6669312715530396
10000,update,q1_loss_max,2.18385910987854
10000,update,q1_loss_mean,0.7506359249353409
10000,update,q1_loss_min,0.2906075417995453
10000,update,q1_mean,-70.8167953491211
10000,update,q1_mean_max,-60.02830505371094
10000,update,q1_mean_mean,-73.12334383010864
10000,update,q1_mean_min,-84.00027465820312
10000,update,q2_loss,0.5535308718681335
10000,update,q2_loss_max,1.867811918258667
10000,update,q2_loss_mean,0.6187532842457294
10000,update,q2_loss_min,0.2619089186191559
10000,update,q2_mean,-70.96398162841797
10000,update,q2_mean_max,-59.828887939453125
10000,update,q2_mean_mean,-73.12341507339478
10000,update,q2_mean_min,-83.48748016357422
10000,update,q_grad_norm,39.608272552490234
10000,update,q_grad_norm_max,183.48910522460938
10000,update,q_grad_norm_mean,60.595113550186156
10000,update,q_grad_norm_min,16.06508445739746
10000,update,q_loss,1.2204620838165283
10000,update,q_loss_cleanrl_logged,0.6102310419082642
10000,update,q_loss_cleanrl_logged_max,2.0258355140686035
10000,update,q_loss_cleanrl_logged_mean,0.6846946052908898
10000,update,q_loss_cleanrl_logged_min,0.28012019395828247
10000,update,q_loss_max,4.051671028137207
10000,update,q_loss_mean,1.3693892105817795
10000,update,q_loss_min,0.5602403879165649
10000,update,q_param_norm,83.12529373168945
10000,update,q_param_norm_max,83.12529373168945
10000,update,q_param_norm_mean,76.08957301712036
10000,update,q_param_norm_min,69.32864379882812
10000,update,q_update_norm,0.03151777386665344
10000,update,q_update_norm_max,0.10593360662460327
10000,update,q_update_norm_mean,0.03705948300100863
10000,update,q_update_norm_min,0.023488683626055717
10000,update,q_update_norm_ratio,0.0005362353554483975
10000,update,q_update_norm_ratio_max,0.0020805274883126134
10000,update,q_update_norm_ratio_mean,0.0006908707458762163
10000,update,q_update_norm_ratio_min,0.00043516672981459685
10000,update,target_q_mean,-70.81951904296875
10000,update,target_q_mean_max,-60.05834197998047
10000,update,target_q_mean_mean,-73.12472146987915
10000,update,target_q_mean_min,-83.7189712524414
10000,replay,action_abs_max,1.9993386268615723
10000,replay,action_abs_mean,1.027334451675415
10000,replay,action_saturation_fraction,0.0675
10000,replay,capacity,100000.0
10000,replay,done_fraction,0.0
10000,replay,fill_fraction,0.1
10000,replay,near_upright_any_transition_fraction,0.2332
10000,replay,near_upright_next_obs_fraction,0.2324
10000,replay,near_upright_obs_fraction,0.2314
10000,replay,reward_max,-4.650864866562188e-06
10000,replay,reward_mean,-4.6262431144714355
10000,replay,reward_min,-16.252336502075195
10000,replay,reward_std,3.9999451637268066
10000,replay,sample_count_max,232.0
10000,replay,sample_count_mean,128.0
10000,replay,size,10000.0
10000,replay,transition_age_max,9999.0
10000,replay,transition_age_mean,4999.5
10000,diagnostics,actor_layer0_activation_abs_max,5.183430194854736
10000,diagnostics,actor_layer0_activation_abs_mean,0.36426055431365967
10000,diagnostics,actor_layer0_dormant_fraction,0.03515625
10000,diagnostics,actor_layer0_effective_rank_fraction,0.060823291540145874
10000,diagnostics,actor_layer1_activation_abs_max,4.680024147033691
10000,diagnostics,actor_layer1_activation_abs_mean,0.1439422070980072
10000,diagnostics,actor_layer1_dormant_fraction,0.28515625
10000,diagnostics,actor_layer1_effective_rank_fraction,0.11885085701942444
10000,diagnostics,actor_param_norm,17.97332000732422
10000,diagnostics,alpha,0.11470773071050644
10000,diagnostics,q1_layer0_activation_abs_max,4.956478595733643
10000,diagnostics,q1_layer0_activation_abs_mean,0.4665326178073883
10000,diagnostics,q1_layer0_dormant_fraction,0.015625
10000,diagnostics,q1_layer0_effective_rank_fraction,0.09967071563005447
10000,diagnostics,q1_layer1_activation_abs_max,22.93630599975586
10000,diagnostics,q1_layer1_activation_abs_mean,2.4077036380767822
10000,diagnostics,q1_layer1_dormant_fraction,0.40625
10000,diagnostics,q1_layer1_effective_rank_fraction,0.06933484226465225
10000,diagnostics,q1_param_norm,42.159507751464844
10000,diagnostics,q2_layer0_activation_abs_max,4.806922912597656
10000,diagnostics,q2_layer0_activation_abs_mean,0.457370787858963
10000,diagnostics,q2_layer0_dormant_fraction,0.01953125
10000,diagnostics,q2_layer0_effective_rank_fraction,0.09898022562265396
10000,diagnostics,q2_layer1_activation_abs_max,24.50538444519043
10000,diagnostics,q2_layer1_activation_abs_mean,2.2964367866516113
10000,diagnostics,q2_layer1_dormant_fraction,0.44921875
10000,diagnostics,q2_layer1_effective_rank_fraction,0.06872683018445969
10000,diagnostics,q2_param_norm,40.96578598022461
10000,eval,best_return,-0.11120889587704692
10000,eval,collapse_rate,0.0
10000,eval,failure_rate,0.6
10000,eval,fraction_return_ge_-100,0.2
10000,eval,fraction_return_ge_-150,0.4
10000,eval,fraction_return_ge_-200,0.4
10000,eval,fraction_return_ge_-250,0.7
10000,eval,max_not_near_upright_streak,65.0
10000,eval,mean_episode_length,200.0
10000,eval,mean_min_step_reward,-11.754897252077365
10000,eval,mean_return,-207.52783591476364
10000,eval,median_return,-235.11831579525833
10000,eval,near_upright_fraction,0.8135
10000,eval,num_collapses,0.0
10000,eval,num_eval_episodes,10.0
10000,eval,num_strict_successes,4.0
10000,eval,num_successes,4.0
10000,eval,return_failure_rate,0.6
10000,eval,return_p05,-381.07773003170325
10000,eval,return_p10,-368.47543231627253
10000,eval,return_p25,-330.2359368465173
10000,eval,return_p75,-121.96053313095226
10000,eval,return_p90,-0.12426094415598823
10000,eval,return_p95,-0.11773492001651759
10000,eval,return_reliability_nines_empirical,0.22184874961635637
10000,eval,return_reliability_nines_wilson95_low,0.07997081395541751
10000,eval,return_success_rate,0.4
10000,eval,stability_success_rate,0.5
10000,eval,std_return,136.42100885038155
10000,eval,streak_success_rate,0.6
10000,eval,strict_failure_rate,0.6
10000,eval,strict_reliability_nines_empirical,0.22184874961635637
10000,eval,strict_reliability_nines_wilson95_low,0.07997081395541751
10000,eval,strict_success_rate,0.4
10000,eval,strict_success_rate_wilson95_high,0.6873262302663417
10000,eval,strict_success_rate_wilson95_low,0.16818032970623614
10000,eval,success_rate,0.4
10000,eval,success_rate_wilson95_high,0.6873262302663417
10000,eval,success_rate_wilson95_low,0.16818032970623614
10000,eval,worst_episode_near_upright_fraction,0.675
10000,eval,worst_min_step_reward,-15.75649309369752
10000,eval,worst_return,-393.680027747134
10200,train_episode,collapse,0.0
10200,train_episode,length,200.0
10200,train_episode,return,-1.157178483572198
10200,train_episode,success,1.0
10400,train_episode,collapse,0.0
10400,train_episode,length,200.0
10400,train_episode,return,-114.57544553408971
10400,train_episode,success,1.0
10600,train_episode,collapse,0.0
10600,train_episode,length,200.0
10600,train_episode,return,-119.20929931330338
10600,train_episode,success,1.0
10800,train_episode,collapse,0.0
10800,train_episode,length,200.0
10800,train_episode,return,-1.770048589211894
10800,train_episode,success,1.0
11000,train_episode,collapse,0.0
11000,train_episode,length,200.0
11000,train_episode,return,-309.01803663218965
11000,train_episode,success,0.0
11000,update,actor_grad_norm,1.2810264825820923
11000,update,actor_grad_norm_max,3.9490959644317627
11000,update,actor_grad_norm_mean,0.9061111575961113
11000,update,actor_grad_norm_min,0.31038275361061096
11000,update,actor_loss,71.66336822509766
11000,update,actor_loss_max,86.18354797363281
11000,update,actor_loss_mean,72.6009382095337
11000,update,actor_loss_min,63.065223693847656
11000,update,actor_param_norm,18.935443878173828
11000,update,actor_param_norm_max,18.935443878173828
11000,update,actor_param_norm_mean,18.44572459411621
11000,update,actor_param_norm_min,17.97332000732422
11000,update,actor_update_norm,0.01276510488241911
11000,update,actor_update_norm_max,0.028336094692349434
11000,update,actor_update_norm_mean,0.015168923823162914
11000,update,actor_update_norm_min,0.009681357070803642
11000,update,actor_update_norm_ratio,0.0006741680178646547
11000,update,actor_update_norm_ratio_max,0.0015511165513124477
11000,update,actor_update_norm_ratio_mean,0.0008226338775904454
11000,update,actor_update_norm_ratio_min,0.0005248260419094984
11000,update,alpha,0.08740517497062683
11000,update,alpha_loss,0.025227082893252373
11000,update,alpha_loss_max,0.09542400389909744
11000,update,alpha_loss_mean,0.04572712121997029
11000,update,alpha_loss_min,-0.005086107179522514
11000,update,alpha_max,0.11470773071050644
11000,update,alpha_mean,0.10017933236807584
11000,update,alpha_min,0.08740517497062683
11000,update,num_optimizer_updates,1000.0
11000,update,policy_entropy_estimate,-0.7114466428756714
11000,update,policy_entropy_estimate_max,-0.13646100461483002
11000,update,policy_entropy_estimate_mean,-0.5467837333083153
11000,update,policy_entropy_estimate_min,-1.0502166748046875
11000,update,policy_log_prob_mean,0.7114466428756714
11000,update,policy_log_prob_mean_max,1.0502166748046875
11000,update,policy_log_prob_mean_mean,0.5467837333083153
11000,update,policy_log_prob_mean_min,0.13646100461483002
11000,update,q1_loss,1.4052108526229858
11000,update,q1_loss_max,3.0083370208740234
11000,update,q1_loss_mean,1.2135568324327468
11000,update,q1_loss_min,0.5227286219596863
11000,update,q1_mean,-73.88170623779297
11000,update,q1_mean_max,-63.62322998046875
11000,update,q1_mean_mean,-74.67438639450073
11000,update,q1_mean_min,-88.13082122802734
11000,update,q2_loss,1.0133320093154907
11000,update,q2_loss_max,2.4922876358032227
11000,update,q2_loss_mean,0.9695319246053695
11000,update,q2_loss_min,0.4069088101387024
11000,update,q2_mean,-73.96595001220703
11000,update,q2_mean_max,-63.73295974731445
11000,update,q2_mean_mean,-74.67403926849366
11000,update,q2_mean_min,-87.76228332519531
11000,update,q_grad_norm,55.72480010986328
11000,update,q_grad_norm_max,246.2810821533203
11000,update,q_grad_norm_mean,87.52114993476867
11000,update,q_grad_norm_min,27.315614700317383
11000,update,q_loss,2.4185428619384766
11000,update,q_loss_cleanrl_logged,1.2092714309692383
11000,update,q_loss_cleanrl_logged_max,2.627805709838867
11000,update,q_loss_cleanrl_logged_mean,1.0915443788170816
11000,update,q_loss_cleanrl_logged_min,0.4756929278373718
11000,update,q_loss_max,5.255611419677734
11000,update,q_loss_mean,2.183088757634163
11000,update,q_loss_min,0.9513858556747437
11000,update,q_param_norm,96.28197860717773
11000,update,q_param_norm_max,96.28197860717773
11000,update,q_param_norm_mean,89.87134433746338
11000,update,q_param_norm_min,83.14257431030273
11000,update,q_update_norm,0.028887704014778137
11000,update,q_update_norm_max,0.07621978968381882
11000,update,q_update_norm_mean,0.03684397364035249
11000,update,q_update_norm_min,0.021618101745843887
11000,update,q_update_norm_ratio,0.00042430322784442026
11000,update,q_update_norm_ratio_max,0.0011311093645005228
11000,update,q_update_norm_ratio_mean,0.0005809227491188131
11000,update,q_update_norm_ratio_min,0.0003289889941566559
11000,update,target_q_mean,-73.93383026123047
11000,update,target_q_mean_max,-63.019412994384766
11000,update,target_q_mean_mean,-74.67409945297241
11000,update,target_q_mean_min,-87.9137191772461
11200,train_episode,collapse,0.0
11200,train_episode,length,200.0
11200,train_episode,return,-128.04575533903272
11200,train_episode,success,1.0
11400,train_episode,collapse,0.0
11400,train_episode,length,200.0
11400,train_episode,return,-120.76123077281642
11400,train_episode,success,1.0
11600,train_episode,collapse,0.0
11600,train_episode,length,200.0
11600,train_episode,return,-117.83215797454811
11600,train_episode,success,1.0
11800,train_episode,collapse,0.0
11800,train_episode,length,200.0
11800,train_episode,return,-277.3646933088046
11800,train_episode,success,0.0
12000,train_episode,collapse,0.0
12000,train_episode,length,200.0
12000,train_episode,return,-128.2459899323457
12000,train_episode,success,1.0
12000,update,actor_grad_norm,1.1270133256912231
12000,update,actor_grad_norm_max,3.3137624263763428
12000,update,actor_grad_norm_mean,0.9802403022646904
12000,update,actor_grad_norm_min,0.30500462651252747
12000,update,actor_loss,71.510009765625
12000,update,actor_loss_max,84.69058227539062
12000,update,actor_loss_mean,71.60579246520996
12000,update,actor_loss_min,58.97927474975586
12000,update,actor_param_norm,20.15171241760254
12000,update,actor_param_norm_max,20.15171241760254
12000,update,actor_param_norm_mean,19.51119019126892
12000,update,actor_param_norm_min,18.935443878173828
12000,update,actor_update_norm,0.01592499203979969
12000,update,actor_update_norm_max,0.03775644302368164
12000,update,actor_update_norm_mean,0.01577135436423123
12000,update,actor_update_norm_min,0.008815296925604343
12000,update,actor_update_norm_ratio,0.0007903251929683313
12000,update,actor_update_norm_ratio_max,0.0019099012681796522
12000,update,actor_update_norm_ratio_mean,0.0008081105135472351
12000,update,actor_update_norm_ratio_min,0.0004433684588195345
12000,update,alpha,0.06959361582994461
12000,update,alpha_loss,-0.00028052087873220444
12000,update,alpha_loss_max,0.07115112245082855
12000,update,alpha_loss_mean,0.02444601122615859
12000,update,alpha_loss_min,-0.014807088300585747
12000,update,alpha_max,0.08740517497062683
12000,update,alpha_mean,0.07750312099605798
12000,update,alpha_min,0.06959361582994461
12000,update,num_optimizer_updates,1000.0
12000,update,policy_entropy_estimate,-1.0040302276611328
12000,update,policy_entropy_estimate_max,-0.18157438933849335
12000,update,policy_entropy_estimate_mean,-0.6888036885559559
12000,update,policy_entropy_estimate_min,-1.2116806507110596
12000,update,policy_log_prob_mean,1.0040302276611328
12000,update,policy_log_prob_mean_max,1.2116806507110596
12000,update,policy_log_prob_mean_mean,0.6888036885559559
12000,update,policy_log_prob_mean_min,0.18157438933849335
12000,update,q1_loss,2.379955291748047
12000,update,q1_loss_max,4.455500602722168
12000,update,q1_loss_mean,1.6115865102410316
12000,update,q1_loss_min,0.7049169540405273
12000,update,q1_mean,-74.71902465820312
12000,update,q1_mean_max,-60.059898376464844
12000,update,q1_mean_mean,-73.87589001464843
12000,update,q1_mean_min,-88.00878143310547
12000,update,q2_loss,1.8023873567581177
12000,update,q2_loss_max,3.9808273315429688
12000,update,q2_loss_mean,1.208924536585808
12000,update,q2_loss_min,0.5082047581672668
12000,update,q2_mean,-74.53138732910156
12000,update,q2_mean_max,-60.22396469116211
12000,update,q2_mean_mean,-73.87503551864624
12000,update,q2_mean_min,-87.78156280517578
12000,update,q_grad_norm,130.09495544433594
12000,update,q_grad_norm_max,274.71429443359375
12000,update,q_grad_norm_mean,110.64913255310059
12000,update,q_grad_norm_min,38.58199691772461
12000,update,q_loss,4.182342529296875
12000,update,q_loss_cleanrl_logged,2.0911712646484375
12000,update,q_loss_cleanrl_logged_max,4.12843132019043
12000,update,q_loss_cleanrl_logged_mean,1.4102555226683617
12000,update,q_loss_cleanrl_logged_min,0.7240947484970093
12000,update,q_loss_max,8.25686264038086
12000,update,q_loss_mean,2.8205110453367235
12000,update,q_loss_min,1.4481894969940186
12000,update,q_param_norm,106.96548843383789
12000,update,q_param_norm_max,106.96548843383789
12000,update,q_param_norm_mean,101.82909101104737
12000,update,q_param_norm_min,96.28878021240234
12000,update,q_update_norm,0.03113439865410328
12000,update,q_update_norm_max,0.07173755764961243
12000,update,q_update_norm_mean,0.03473670385405421
12000,update,q_update_norm_min,0.020953761413693428
12000,update,q_update_norm_ratio,0.0004116206110883111
12000,update,q_update_norm_ratio_max,0.0010076128488147552
12000,update,q_update_norm_ratio_mean,0.00048297564223941244
12000,update,q_update_norm_ratio_min,0.00029162302589705265
12000,update,target_q_mean,-74.54014587402344
12000,update,target_q_mean_max,-60.63066101074219
12000,update,target_q_mean_mean,-73.87402573013306
12000,update,target_q_mean_min,-87.45687866210938
12200,train_episode,collapse,0.0
12200,train_episode,length,200.0
12200,train_episode,return,-122.22894883078374
12200,train_episode,success,1.0
12400,train_episode,collapse,0.0
12400,train_episode,length,200.0
12400,train_episode,return,-262.2074275544272
12400,train_episode,success,0.0
12600,train_episode,collapse,0.0
12600,train_episode,length,200.0
12600,train_episode,return,-117.09311779207627
12600,train_episode,success,1.0
12800,train_episode,collapse,0.0
12800,train_episode,length,200.0
12800,train_episode,return,-241.94363273610287
12800,train_episode,success,0.0
13000,train_episode,collapse,0.0
13000,train_episode,length,200.0
13000,train_episode,return,-227.053878918001
13000,train_episode,success,0.0
13000,update,actor_grad_norm,1.385970115661621
13000,update,actor_grad_norm_max,3.0389442443847656
13000,update,actor_grad_norm_mean,1.1223662488460542
13000,update,actor_grad_norm_min,0.27747416496276855
13000,update,actor_loss,77.92137145996094
13000,update,actor_loss_max,83.27225494384766
13000,update,actor_loss_mean,68.74281072998046
13000,update,actor_loss_min,56.556400299072266
13000,update,actor_param_norm,21.427719116210938
13000,update,actor_param_norm_max,21.427719116210938
13000,update,actor_param_norm_mean,20.814391885757445
13000,update,actor_param_norm_min,20.15171241760254
13000,update,actor_update_norm,0.012252152897417545
13000,update,actor_update_norm_max,0.03020075522363186
13000,update,actor_update_norm_mean,0.016689402813091874
13000,update,actor_update_norm_min,0.009799708612263203
13000,update,actor_update_norm_ratio,0.0005718243371331403
13000,update,actor_update_norm_ratio_max,0.001450817696639393
13000,update,actor_update_norm_ratio_mean,0.0008020914778612291
13000,update,actor_update_norm_ratio_min,0.0004645924317714279
13000,update,alpha,0.0593685545027256
13000,update,alpha_loss,-0.0033250460401177406
13000,update,alpha_loss_max,0.03990503028035164
13000,update,alpha_loss_mean,0.010115007295971735
13000,update,alpha_loss_min,-0.01869870349764824
13000,update,alpha_max,0.06959361582994461
13000,update,alpha_mean,0.06444653287157416
13000,update,alpha_min,0.0593685545027256
13000,update,num_optimizer_updates,1000.0
13000,update,policy_entropy_estimate,-1.0560004711151123
13000,update,policy_entropy_estimate_max,-0.3595309555530548
13000,update,policy_entropy_estimate_mean,-0.8436340298652649
13000,update,policy_entropy_estimate_min,-1.308445930480957
13000,update,policy_log_prob_mean,1.0560004711151123
13000,update,policy_log_prob_mean_max,1.308445930480957
13000,update,policy_log_prob_mean_mean,0.8436340298652649
13000,update,policy_log_prob_mean_min,0.3595309555530548
13000,update,q1_loss,1.6209955215454102
13000,update,q1_loss_max,4.275791645050049
13000,update,q1_loss_mean,1.9214519053697585
13000,update,q1_loss_min,0.9414201378822327
13000,update,q1_mean,-80.13654327392578
13000,update,q1_mean_max,-58.18513488769531
13000,update,q1_mean_mean,-71.06830124664306
13000,update,q1_mean_min,-86.0594253540039
13000,update,q2_loss,1.2929692268371582
13000,update,q2_loss_max,3.750380754470825
13000,update,q2_loss_mean,1.4388163274526595
13000,update,q2_loss_min,0.5790037512779236
13000,update,q2_mean,-80.04022979736328
13000,update,q2_mean_max,-58.338985443115234
13000,update,q2_mean_mean,-71.06735345458985
13000,update,q2_mean_min,-86.04364013671875
13000,update,q_grad_norm,76.41571044921875
13000,update,q_grad_norm_max,325.5520324707031
13000,update,q_grad_norm_mean,125.20725408935547
13000,update,q_grad_norm_min,35.93035888671875
13000,update,q_loss,2.9139647483825684
13000,update,q_loss_cleanrl_logged,1.4569823741912842
13000,update,q_loss_cleanrl_logged_max,4.013086318969727
13000,update,q_loss_cleanrl_logged_mean,1.680134118437767
13000,update,q_loss_cleanrl_logged_min,0.822649359703064
13000,update,q_loss_max,8.026172637939453
13000,update,q_loss_mean,3.360268236875534
13000,update,q_loss_min,1.645298719406128
13000,update,q_param_norm,115.98389053344727
13000,update,q_param_norm_max,115.98389053344727
13000,update,q_param_norm_mean,111.65685245513916
13000,update,q_param_norm_min,106.9764289855957
13000,update,q_update_norm,0.030614323914051056
13000,update,q_update_norm_max,0.06556402891874313
13000,update,q_update_norm_mean,0.0338196941036731
13000,update,q_update_norm_min,0.01798606663942337
13000,update,q_update_norm_ratio,0.00037322252129900146
13000,update,q_update_norm_ratio_max,0.0008113680926181494
13000,update,q_update_norm_ratio_mean,0.0004285030525599495
13000,update,q_update_norm_ratio_min,0.00022816325942321523
13000,update,target_q_mean,-80.20527648925781
13000,update,target_q_mean_max,-58.50542068481445
13000,update,target_q_mean_mean,-71.06512140274047
13000,update,target_q_mean_min,-86.02098846435547
13200,train_episode,collapse,0.0
13200,train_episode,length,200.0
13200,train_episode,return,-124.75955365013587
13200,train_episode,success,1.0
13400,train_episode,collapse,0.0
13400,train_episode,length,200.0
13400,train_episode,return,-117.68812777211504
13400,train_episode,success,1.0
13600,train_episode,collapse,0.0
13600,train_episode,length,200.0
13600,train_episode,return,-118.99104199775535
13600,train_episode,success,1.0
13800,train_episode,collapse,0.0
13800,train_episode,length,200.0
13800,train_episode,return,-116.3405798795262
13800,train_episode,success,1.0
14000,train_episode,collapse,0.0
14000,train_episode,length,200.0
14000,train_episode,return,-246.51256419907952
14000,train_episode,success,0.0
14000,update,actor_grad_norm,0.994011640548706
14000,update,actor_grad_norm_max,3.6281049251556396
14000,update,actor_grad_norm_mean,1.1013172949552537
14000,update,actor_grad_norm_min,0.33802905678749084
14000,update,actor_loss,58.92303466796875
14000,update,actor_loss_max,78.59963989257812
14000,update,actor_loss_mean,65.18812037658691
14000,update,actor_loss_min,52.11378479003906
14000,update,actor_param_norm,22.598834991455078
14000,update,actor_param_norm_max,22.598834991455078
14000,update,actor_param_norm_mean,22.053285823822023
14000,update,actor_param_norm_min,21.427719116210938
14000,update,actor_update_norm,0.015625951811671257
14000,update,actor_update_norm_max,0.02546704187989235
14000,update,actor_update_norm_mean,0.015403855649754406
14000,update,actor_update_norm_min,0.008563333190977573
14000,update,actor_update_norm_ratio,0.0006914709171507175
14000,update,actor_update_norm_ratio_max,0.001176602955445014
14000,update,actor_update_norm_ratio_mean,0.0006987572253339482
14000,update,actor_update_norm_ratio_min,0.00039219480992946763
14000,update,alpha,0.05045858770608902
14000,update,alpha_loss,0.007788451854139566
14000,update,alpha_loss_max,0.035441186279058456
14000,update,alpha_loss_mean,0.006718899301195052
14000,update,alpha_loss_min,-0.018136784434318542
14000,update,alpha_max,0.0593685545027256
14000,update,alpha_mean,0.054717776399105786
14000,update,alpha_min,0.05045858770608902
14000,update,num_optimizer_updates,1000.0
14000,update,policy_entropy_estimate,-0.8456772565841675
14000,update,policy_entropy_estimate_max,-0.3658912479877472
14000,update,policy_entropy_estimate_mean,-0.878135624229908
14000,update,policy_entropy_estimate_min,-1.3551570177078247
14000,update,policy_log_prob_mean,0.8456772565841675
14000,update,policy_log_prob_mean_max,1.3551570177078247
14000,update,policy_log_prob_mean_mean,0.878135624229908
14000,update,policy_log_prob_mean_min,0.3658912479877472
14000,update,q1_loss,1.292410135269165
14000,update,q1_loss_max,4.135655879974365
14000,update,q1_loss_mean,1.7777415840029716
14000,update,q1_loss_min,0.8221648931503296
14000,update,q1_mean,-60.70754623413086
14000,update,q1_mean_max,-50.055416107177734
14000,update,q1_mean_mean,-67.37576449966431
14000,update,q1_mean_min,-82.30416107177734
14000,update,q2_loss,1.0292164087295532
14000,update,q2_loss_max,3.847109317779541
14000,update,q2_loss_mean,1.447316587984562
14000,update,q2_loss_min,0.7269555330276489
14000,update,q2_mean,-60.52200698852539
14000,update,q2_mean_max,-50.06493377685547
14000,update,q2_mean_mean,-67.3752398223877
14000,update,q2_mean_min,-82.66757202148438
14000,update,q_grad_norm,54.03746032714844
14000,update,q_grad_norm_max,284.903076171875
14000,update,q_grad_norm_mean,124.2841690864563
14000,update,q_grad_norm_min,42.17552947998047
14000,update,q_loss,2.321626663208008
14000,update,q_loss_cleanrl_logged,1.160813331604004
14000,update,q_loss_cleanrl_logged_max,3.8491618633270264
14000,update,q_loss_cleanrl_logged_mean,1.61252908629179
14000,update,q_loss_cleanrl_logged_min,0.8344510793685913
14000,update,q_loss_max,7.698323726654053
14000,update,q_loss_mean,3.22505817258358
14000,update,q_loss_min,1.6689021587371826
14000,update,q_param_norm,123.30435943603516
14000,update,q_param_norm_max,123.30435943603516
14000,update,q_param_norm_mean,119.77477820968627
14000,update,q_param_norm_min,115.9903335571289
14000,update,q_update_norm,0.026433609426021576
14000,update,q_update_norm_max,0.05493271350860596
14000,update,q_update_norm_mean,0.030320761205628516
14000,update,q_update_norm_min,0.01856248639523983
14000,update,q_update_norm_ratio,0.0003030895762708491
14000,update,q_update_norm_ratio_max,0.0006595467504628875
14000,update,q_update_norm_ratio_mean,0.00035822031943042804
14000,update,q_update_norm_ratio_min,0.00021428517977392503
14000,update,target_q_mean,-60.580284118652344
14000,update,target_q_mean_max,-50.15470886230469
14000,update,target_q_mean_mean,-67.37278065872192
14000,update,target_q_mean_min,-82.42440795898438
14200,train_episode,collapse,0.0
14200,train_episode,length,200.0
14200,train_episode,return,-2.6525707506288607
14200,train_episode,success,1.0
14400,train_episode,collapse,0.0
14400,train_episode,length,200.0
14400,train_episode,return,-248.7008766450089
14400,train_episode,success,0.0
14600,train_episode,collapse,0.0
14600,train_episode,length,200.0
14600,train_episode,return,-4.51727939303538
14600,train_episode,success,1.0
14800,train_episode,collapse,0.0
14800,train_episode,length,200.0
14800,train_episode,return,-307.39963030503463
14800,train_episode,success,0.0
15000,train_episode,collapse,0.0
15000,train_episode,length,200.0
15000,train_episode,return,-3.82232768174362
15000,train_episode,success,1.0
15000,update,actor_grad_norm,0.8947600722312927
15000,update,actor_grad_norm_max,3.41980242729187
15000,update,actor_grad_norm_mean,1.1477067728638648
15000,update,actor_grad_norm_min,0.27012497186660767
15000,update,actor_loss,57.125370025634766
15000,update,actor_loss_max,75.98663330078125
15000,update,actor_loss_mean,61.75884094238281
15000,update,actor_loss_min,49.42999267578125
15000,update,actor_param_norm,23.621318817138672
15000,update,actor_param_norm_max,23.621318817138672
15000,update,actor_param_norm_mean,23.129231880187987
15000,update,actor_param_norm_min,22.598834991455078
15000,update,actor_update_norm,0.020207395777106285
15000,update,actor_update_norm_max,0.027719398960471153
15000,update,actor_update_norm_mean,0.01581730803474784
15000,update,actor_update_norm_min,0.009774289093911648
15000,update,actor_update_norm_ratio,0.0008555056830399847
15000,update,actor_update_norm_ratio_max,0.001224522646140048
15000,update,actor_update_norm_ratio_mean,0.000684185407246751
15000,update,actor_update_norm_ratio_min,0.00041640704765574403
15000,update,alpha,0.04186695069074631
15000,update,alpha_loss,0.001189130125567317
15000,update,alpha_loss_max,0.027183687314391136
15000,update,alpha_loss_mean,0.004700607489736285
15000,update,alpha_loss_min,-0.022939637303352356
15000,update,alpha_max,0.05045858770608902
15000,update,alpha_mean,0.04666753058880568
15000,update,alpha_min,0.04186695069074631
15000,update,num_optimizer_updates,1000.0
15000,update,policy_entropy_estimate,-0.9716054797172546
15000,update,policy_entropy_estimate_max,-0.45445606112480164
15000,update,policy_entropy_estimate_mean,-0.8983350676894188
15000,update,policy_entropy_estimate_min,-1.473193645477295
15000,update,policy_log_prob_mean,0.9716054797172546
15000,update,policy_log_prob_mean_max,1.473193645477295
15000,update,policy_log_prob_mean_mean,0.8983350676894188
15000,update,policy_log_prob_mean_min,0.45445606112480164
15000,update,q1_loss,1.219761610031128
15000,update,q1_loss_max,3.8611202239990234
15000,update,q1_loss_mean,1.6438626053333283
15000,update,q1_loss_min,0.8625010251998901
15000,update,q1_mean,-59.681514739990234
15000,update,q1_mean_max,-47.80779266357422
15000,update,q1_mean_mean,-63.90822788619995
15000,update,q1_mean_min,-78.86541748046875
15000,update,q2_loss,1.0726916790008545
15000,update,q2_loss_max,3.6694555282592773
15000,update,q2_loss_mean,1.39448103171587
15000,update,q2_loss_min,0.6920527219772339
15000,update,q2_mean,-59.914947509765625
15000,update,q2_mean_max,-47.8262825012207
15000,update,q2_mean_mean,-63.907961750030516
15000,update,q2_mean_min,-78.63136291503906
15000,update,q_grad_norm,83.330810546875
15000,update,q_grad_norm_max,292.3189392089844
15000,update,q_grad_norm_mean,126.48857638931274
15000,update,q_grad_norm_min,32.22829818725586
15000,update,q_loss,2.2924532890319824
15000,update,q_loss_cleanrl_logged,1.1462266445159912
15000,update,q_loss_cleanrl_logged_max,3.7243244647979736
15000,update,q_loss_cleanrl_logged_mean,1.519171816945076
15000,update,q_loss_cleanrl_logged_min,0.8339431285858154
15000,update,q_loss_max,7.448648929595947
15000,update,q_loss_mean,3.038343633890152
15000,update,q_loss_min,1.6678862571716309
15000,update,q_param_norm,129.75358963012695
15000,update,q_param_norm_max,129.75358963012695
15000,update,q_param_norm_mean,126.57065497207641
15000,update,q_param_norm_min,123.30807495117188
15000,update,q_update_norm,0.025244489312171936
15000,update,q_update_norm_max,0.060636863112449646
15000,update,q_update_norm_mean,0.030027251049876212
15000,update,q_update_norm_min,0.018671313300728798
15000,update,q_update_norm_ratio,0.00027504631726023136
15000,update,q_update_norm_ratio_max,0.000666889213978033
15000,update,q_update_norm_ratio_mean,0.00033557308345483325
15000,update,q_update_norm_ratio_min,0.00021000685956030593
15000,update,target_q_mean,-59.66426467895508
15000,update,target_q_mean_max,-48.21957778930664
15000,update,target_q_mean_mean,-63.90601653289795
15000,update,target_q_mean_min,-78.6463623046875
15000,replay,action_abs_max,1.9997373819351196
15000,replay,action_abs_mean,1.029421329498291
15000,replay,action_saturation_fraction,0.0774
15000,replay,capacity,100000.0
15000,replay,done_fraction,0.0
15000,replay,fill_fraction,0.15
15000,replay,near_upright_any_transition_fraction,0.44353333333333333
15000,replay,near_upright_next_obs_fraction,0.443
15000,replay,near_upright_obs_fraction,0.4407333333333333
15000,replay,reward_max,-4.650864866562188e-06
15000,replay,reward_mean,-3.3228213787078857
15000,replay,reward_min,-16.252336502075195
15000,replay,reward_std,3.980884313583374
15000,replay,sample_count_max,344.0
15000,replay,sample_count_mean,170.66666666666666
15000,replay,size,15000.0
15000,replay,transition_age_max,14999.0
15000,replay,transition_age_mean,7499.5
15000,diagnostics,actor_layer0_activation_abs_max,5.116017818450928
15000,diagnostics,actor_layer0_activation_abs_mean,0.2994332015514374
15000,diagnostics,actor_layer0_dormant_fraction,0.046875
15000,diagnostics,actor_layer0_effective_rank_fraction,0.05539381131529808
15000,diagnostics,actor_layer1_activation_abs_max,5.57990026473999
15000,diagnostics,actor_layer1_activation_abs_mean,0.11552271991968155
15000,diagnostics,actor_layer1_dormant_fraction,0.3359375
15000,diagnostics,actor_layer1_effective_rank_fraction,0.11842235922813416
15000,diagnostics,actor_param_norm,23.621318817138672
15000,diagnostics,alpha,0.04186695069074631
15000,diagnostics,q1_layer0_activation_abs_max,5.291905879974365
15000,diagnostics,q1_layer0_activation_abs_mean,0.4282962679862976
15000,diagnostics,q1_layer0_dormant_fraction,0.01171875
15000,diagnostics,q1_layer0_effective_rank_fraction,0.08204596489667892
15000,diagnostics,q1_layer1_activation_abs_max,34.560447692871094
15000,diagnostics,q1_layer1_activation_abs_mean,2.0500388145446777
15000,diagnostics,q1_layer1_dormant_fraction,0.40625
15000,diagnostics,q1_layer1_effective_rank_fraction,0.06295587122440338
15000,diagnostics,q1_param_norm,66.69160461425781
15000,diagnostics,q2_layer0_activation_abs_max,5.561125755310059
15000,diagnostics,q2_layer0_activation_abs_mean,0.4162081480026245
15000,diagnostics,q2_layer0_dormant_fraction,0.02734375
15000,diagnostics,q2_layer0_effective_rank_fraction,0.07816871255636215
15000,diagnostics,q2_layer1_activation_abs_max,26.338546752929688
15000,diagnostics,q2_layer1_activation_abs_mean,2.0021212100982666
15000,diagnostics,q2_layer1_dormant_fraction,0.453125
15000,diagnostics,q2_layer1_effective_rank_fraction,0.06384443491697311
15000,diagnostics,q2_param_norm,63.06198501586914
15000,eval,best_return,-1.3018635691926213
15000,eval,collapse_rate,0.0
15000,eval,failure_rate,0.6
15000,eval,fraction_return_ge_-100,0.2
15000,eval,fraction_return_ge_-150,0.4
15000,eval,fraction_return_ge_-200,0.4
15000,eval,fraction_return_ge_-250,0.8
15000,eval,max_not_near_upright_streak,63.0
15000,eval,mean_episode_length,200.0
15000,eval,mean_min_step_reward,-11.125287005867069
15000,eval,mean_return,-186.02251274165573
15000,eval,median_return,-232.1598278764008
15000,eval,near_upright_fraction,0.8320000000000001
15000,eval,num_collapses,0.0
15000,eval,num_eval_episodes,10.0
15000,eval,num_strict_successes,4.0
15000,eval,num_successes,4.0
15000,eval,return_failure_rate,0.6
15000,eval,return_p05,-332.2630434592759
15000,eval,return_p10,-327.5753039887826
15000,eval,return_p25,-243.0500062899072
15000,eval,return_p75,-121.5402132409904
15000,eval,return_p90,-1.3370124319966954
15000,eval,return_p95,-1.3194380005946584
15000,eval,return_reliability_nines_empirical,0.22184874961635637
15000,eval,return_reliability_nines_wilson95_low,0.07997081395541751
15000,eval,return_success_rate,0.4
15000,eval,stability_success_rate,0.6
15000,eval,std_return,113.86101660820411
15000,eval,streak_success_rate,0.7
15000,eval,strict_failure_rate,0.6
15000,eval,strict_reliability_nines_empirical,0.22184874961635637
15000,eval,strict_reliability_nines_wilson95_low,0.07997081395541751
15000,eval,strict_success_rate,0.4
15000,eval,strict_success_rate_wilson95_high,0.6873262302663417
15000,eval,strict_success_rate_wilson95_low,0.16818032970623614
15000,eval,success_rate,0.4
15000,eval,success_rate_wilson95_high,0.6873262302663417
15000,eval,success_rate_wilson95_low,0.16818032970623614
15000,eval,worst_episode_near_upright_fraction,0.685
15000,eval,worst_min_step_reward,-15.607319200744447
15000,eval,worst_return,-336.9507829297692
15200,train_episode,collapse,0.0
15200,train_episode,length,200.0
15200,train_episode,return,-354.3142341364645
15200,train_episode,success,0.0
15400,train_episode,collapse,0.0
15400,train_episode,length,200.0
15400,train_episode,return,-238.12279820376128
15400,train_episode,success,0.0
15600,train_episode,collapse,0.0
15600,train_episode,length,200.0
15600,train_episode,return,-120.01908732801391
15600,train_episode,success,1.0
15800,train_episode,collapse,0.0
15800,train_episode,length,200.0
15800,train_episode,return,-279.94577854206733
15800,train_episode,success,0.0
16000,train_episode,collapse,0.0
16000,train_episode,length,200.0
16000,train_episode,return,-243.61708393035798
16000,train_episode,success,0.0
16000,update,actor_grad_norm,0.8535684943199158
16000,update,actor_grad_norm_max,3.6827168464660645
16000,update,actor_grad_norm_mean,1.085328492462635
16000,update,actor_grad_norm_min,0.2624359428882599
16000,update,actor_loss,56.496402740478516
16000,update,actor_loss_max,79.31278991699219
16000,update,actor_loss_mean,58.68332601928711
16000,update,actor_loss_min,42.37408447265625
16000,update,actor_param_norm,24.679174423217773
16000,update,actor_param_norm_max,24.679174423217773
16000,update,actor_param_norm_mean,24.129024938583374
16000,update,actor_param_norm_min,23.621318817138672
16000,update,actor_update_norm,0.017997244372963905
16000,update,actor_update_norm_max,0.029953591525554657
16000,update,actor_update_norm_mean,0.016062593812122942
16000,update,actor_update_norm_min,0.00909301359206438
16000,update,actor_update_norm_ratio,0.0007292919163387622
16000,update,actor_update_norm_ratio_max,0.0012603064861453277
16000,update,actor_update_norm_ratio_mean,0.0006660824519254737
16000,update,actor_update_norm_ratio_min,0.00038073781482135695
16000,update,alpha,0.031122097745537758
16000,update,alpha_loss,0.009125834330916405
16000,update,alpha_loss_max,0.023506276309490204
16000,update,alpha_loss_mean,0.004861694321414689
16000,update,alpha_loss_min,-0.01925607956945896
16000,update,alpha_max,0.04186695069074631
16000,update,alpha_mean,0.036994342708960175
16000,update,alpha_min,0.031122097745537758
16000,update,num_optimizer_updates,1000.0
16000,update,policy_entropy_estimate,-0.7068946957588196
16000,update,policy_entropy_estimate_max,-0.36831629276275635
16000,update,policy_entropy_estimate_mean,-0.8662039322257042
16000,update,policy_entropy_estimate_min,-1.4683786630630493
16000,update,policy_log_prob_mean,0.7068946957588196
16000,update,policy_log_prob_mean_max,1.4683786630630493
16000,update,policy_log_prob_mean_mean,0.8662039322257042
16000,update,policy_log_prob_mean_min,0.36831629276275635
16000,update,q1_loss,1.4508423805236816
16000,update,q1_loss_max,4.012688159942627
16000,update,q1_loss_mean,1.5415328351855277
16000,update,q1_loss_min,0.635754406452179
16000,update,q1_mean,-58.3675537109375
16000,update,q1_mean_max,-43.4342155456543
16000,update,q1_mean_mean,-60.937174491882324
16000,update,q1_mean_min,-80.98991394042969
16000,update,q2_loss,1.0660901069641113
16000,update,q2_loss_max,3.7321367263793945
16000,update,q2_loss_mean,1.3331682412028312
16000,update,q2_loss_min,0.7177683115005493
16000,update,q2_mean,-58.44700241088867
16000,update,q2_mean_max,-43.234275817871094
16000,update,q2_mean_mean,-60.93665196990967
16000,update,q2_mean_min,-80.94476318359375
16000,update,q_grad_norm,105.62826538085938
16000,update,q_grad_norm_max,339.0980224609375
16000,update,q_grad_norm_mean,129.80566659927368
16000,update,q_grad_norm_min,53.5996208190918
16000,update,q_loss,2.516932487487793
16000,update,q_loss_cleanrl_logged,1.2584662437438965
16000,update,q_loss_cleanrl_logged_max,3.8688347339630127
16000,update,q_loss_cleanrl_logged_mean,1.4373505377173423
16000,update,q_loss_cleanrl_logged_min,0.756794810295105
16000,update,q_loss_max,7.737669467926025
16000,update,q_loss_mean,2.8747010754346847
16000,update,q_loss_min,1.51358962059021
16000,update,q_param_norm,135.9458999633789
16000,update,q_param_norm_max,135.9458999633789
16000,update,q_param_norm_mean,132.8391675415039
16000,update,q_param_norm_min,129.75868225097656
16000,update,q_update_norm,0.019310249015688896
16000,update,q_update_norm_max,0.057911504060029984
16000,update,q_update_norm_mean,0.02991554451920092
16000,update,q_update_norm_min,0.017856081947684288
16000,update,q_update_norm_ratio,0.00020080582773483304
16000,update,q_update_norm_ratio_max,0.0006173972801084788
16000,update,q_update_norm_ratio_mean,0.0003185572340336856
16000,update,q_update_norm_ratio_min,0.0001944594264778284
16000,update,target_q_mean,-58.26771926879883
16000,update,target_q_mean_max,-43.8274040222168
16000,update,target_q_mean_mean,-60.93583013916015
16000,update,target_q_mean_min,-81.27967071533203
16200,train_episode,collapse,0.0
16200,train_episode,length,200.0
16200,train_episode,return,-124.48197663590375
16200,train_episode,success,1.0
16400,train_episode,collapse,0.0
16400,train_episode,length,200.0
16400,train_episode,return,-1.3702015182087866
16400,train_episode,success,1.0
16600,train_episode,collapse,0.0
16600,train_episode,length,200.0
16600,train_episode,return,-118.33330712637348
16600,train_episode,success,1.0
16800,train_episode,collapse,0.0
16800,train_episode,length,200.0
16800,train_episode,return,-120.38884476154452
16800,train_episode,success,1.0
17000,train_episode,collapse,0.0
17000,train_episode,length,200.0
17000,train_episode,return,-233.81086746094854
17000,train_episode,success,0.0
17000,update,actor_grad_norm,0.7891443371772766
17000,update,actor_grad_norm_max,3.297703981399536
17000,update,actor_grad_norm_mean,1.1009081457853318
17000,update,actor_grad_norm_min,0.297769695520401
17000,update,actor_loss,53.356956481933594
17000,update,actor_loss_max,69.42083740234375
17000,update,actor_loss_mean,56.06623696899414
17000,update,actor_loss_min,38.98969650268555
17000,update,actor_param_norm,25.68146514892578
17000,update,actor_param_norm_max,25.68146514892578
17000,update,actor_param_norm_mean,25.190190366744996
17000,update,actor_param_norm_min,24.679174423217773
17000,update,actor_update_norm,0.014544595964252949
17000,update,actor_update_norm_max,0.036704521626234055
17000,update,actor_update_norm_mean,0.016295758925378323
17000,update,actor_update_norm_min,0.00938460510224104
17000,update,actor_update_norm_ratio,0.0005663749333792131
17000,update,actor_update_norm_ratio_max,0.0014771160014085908
17000,update,actor_update_norm_ratio_mean,0.0006469823691527926
17000,update,actor_update_norm_ratio_min,0.0003704100306152639
17000,update,alpha,0.02368534728884697
17000,update,alpha_loss,0.0008846190758049488
17000,update,alpha_loss_max,0.015294153243303299
17000,update,alpha_loss_mean,0.0031476470860943664
17000,update,alpha_loss_min,-0.014002734795212746
17000,update,alpha_max,0.031122097745537758
17000,update,alpha_mean,0.027183847067877652
17000,update,alpha_min,0.02368534728884697
17000,update,num_optimizer_updates,1000.0
17000,update,policy_entropy_estimate,-0.9626604318618774
17000,update,policy_entropy_estimate_max,-0.4199465215206146
17000,update,policy_entropy_estimate_mean,-0.884921979188919
17000,update,policy_entropy_estimate_min,-1.519041895866394
17000,update,policy_log_prob_mean,0.9626604318618774
17000,update,policy_log_prob_mean_max,1.519041895866394
17000,update,policy_log_prob_mean_mean,0.884921979188919
17000,update,policy_log_prob_mean_min,0.4199465215206146
17000,update,q1_loss,1.3140063285827637
17000,update,q1_loss_max,3.3995556831359863
17000,update,q1_loss_mean,1.4333465363979339
17000,update,q1_loss_min,0.6502122282981873
17000,update,q1_mean,-54.922691345214844
17000,update,q1_mean_max,-40.69171142578125
17000,update,q1_mean_mean,-58.109639888763425
17000,update,q1_mean_min,-75.4708023071289
17000,update,q2_loss,1.1479068994522095
17000,update,q2_loss_max,3.009939193725586
17000,update,q2_loss_mean,1.2045760895609856
17000,update,q2_loss_min,0.5474483370780945
17000,update,q2_mean,-55.65776824951172
17000,update,q2_mean_max,-40.77478790283203
17000,update,q2_mean_mean,-58.10972071838379
17000,update,q2_mean_min,-75.45091247558594
17000,update,q_grad_norm,112.65299987792969
17000,update,q_grad_norm_max,394.4958801269531
17000,update,q_grad_norm_mean,127.67966039276124
17000,update,q_grad_norm_min,49.971954345703125
17000,update,q_loss,2.4619131088256836
17000,update,q_loss_cleanrl_logged,1.2309565544128418
17000,update,q_loss_cleanrl_logged_max,3.1068549156188965
17000,update,q_loss_cleanrl_logged_mean,1.318961312711239
17000,update,q_loss_cleanrl_logged_min,0.6265509128570557
17000,update,q_loss_max,6.213709831237793
17000,update,q_loss_mean,2.637922625422478
17000,update,q_loss_min,1.2531018257141113
17000,update,q_param_norm,142.10802459716797
17000,update,q_param_norm_max,142.10802459716797
17000,update,q_param_norm_mean,139.05283962249757
17000,update,q_param_norm_min,135.9543228149414
17000,update,q_update_norm,0.023305030539631844
17000,update,q_update_norm_max,0.06635043025016785
17000,update,q_update_norm_mean,0.02966965454816818
17000,update,q_update_norm_min,0.015859439969062805
17000,update,q_update_norm_ratio,0.00023184195796009362
17000,update,q_update_norm_ratio_max,0.0006731780527262265
17000,update,q_update_norm_ratio_mean,0.00030169362447172743
17000,update,q_update_norm_ratio_min,0.0001618632791962715
17000,update,target_q_mean,-55.19139099121094
17000,update,target_q_mean_max,-40.653926849365234
17000,update,target_q_mean_mean,-58.108467304229734
17000,update,target_q_mean_min,-75.36231994628906
17200,train_episode,collapse,0.0
17200,train_episode,length,200.0
17200,train_episode,return,-125.72233988832348
17200,train_episode,success,1.0
17400,train_episode,collapse,0.0
17400,train_episode,length,200.0
17400,train_episode,return,-119.79761602182747
17400,train_episode,success,1.0
17600,train_episode,collapse,0.0
17600,train_episode,length,200.0
17600,train_episode,return,-225.95620477858333
17600,train_episode,success,0.0
17800,train_episode,collapse,0.0
17800,train_episode,length,200.0
17800,train_episode,return,-121.28521204272165
17800,train_episode,success,1.0
18000,train_episode,collapse,0.0
18000,train_episode,length,200.0
18000,train_episode,return,-229.1736464312477
18000,train_episode,success,0.0
18000,update,actor_grad_norm,0.9740598797798157
18000,update,actor_grad_norm_max,2.999293804168701
18000,update,actor_grad_norm_mean,1.0152608851790428
18000,update,actor_grad_norm_min,0.21577057242393494
18000,update,actor_loss,48.884578704833984
18000,update,actor_loss_max,66.46027374267578
18000,update,actor_loss_mean,53.2734489440918
18000,update,actor_loss_min,40.94956970214844
18000,update,actor_param_norm,26.732349395751953
18000,update,actor_param_norm_max,26.732349395751953
18000,update,actor_param_norm_mean,26.214506496429443
18000,update,actor_param_norm_min,25.68146514892578
18000,update,actor_update_norm,0.020500548183918
18000,update,actor_update_norm_max,0.038936205208301544
18000,update,actor_update_norm_mean,0.017081053841859102
18000,update,actor_update_norm_min,0.009879106655716896
18000,update,actor_update_norm_ratio,0.0007669027154886545
18000,update,actor_update_norm_ratio_max,0.001492635648092124
18000,update,actor_update_norm_ratio_mean,0.0006517917551158687
18000,update,actor_update_norm_ratio_min,0.00037316925885466645
18000,update,alpha,0.018887054175138474
18000,update,alpha_loss,0.00146503746509552
18000,update,alpha_loss_max,0.013334391638636589
18000,update,alpha_loss_mean,0.0017903421502269339
18000,update,alpha_loss_min,-0.012220233678817749
18000,update,alpha_max,0.02368534728884697
18000,update,alpha_mean,0.021565254356712103
18000,update,alpha_min,0.018887054175138474
18000,update,num_optimizer_updates,1000.0
18000,update,policy_entropy_estimate,-0.9224461913108826
18000,update,policy_entropy_estimate_max,-0.40801942348480225
18000,update,policy_entropy_estimate_mean,-0.9158997029662133
18000,update,policy_entropy_estimate_min,-1.5317635536193848
18000,update,policy_log_prob_mean,0.9224461913108826
18000,update,policy_log_prob_mean_max,1.5317635536193848
18000,update,policy_log_prob_mean_mean,0.9158997029662133
18000,update,policy_log_prob_mean_min,0.40801942348480225
18000,update,q1_loss,1.4038993120193481
18000,update,q1_loss_max,2.8422091007232666
18000,update,q1_loss_mean,1.3061102941036224
18000,update,q1_loss_min,0.5101437568664551
18000,update,q1_mean,-50.81419372558594
18000,update,q1_mean_max,-42.180423736572266
18000,update,q1_mean_mean,-55.10538516998291
18000,update,q1_mean_min,-71.65641021728516
18000,update,q2_loss,1.3180643320083618
18000,update,q2_loss_max,2.5348150730133057
18000,update,q2_loss_mean,1.1160915985107422
18000,update,q2_loss_min,0.49345290660858154
18000,update,q2_mean,-50.650421142578125
18000,update,q2_mean_max,-42.0523796081543
18000,update,q2_mean_mean,-55.10471423339844
18000,update,q2_mean_min,-71.5759048461914
18000,update,q_grad_norm,148.3358917236328
18000,update,q_grad_norm_max,292.692138671875
18000,update,q_grad_norm_mean,131.41127560806274
18000,update,q_grad_norm_min,51.365928649902344
18000,update,q_loss,2.72196364402771
18000,update,q_loss_cleanrl_logged,1.360981822013855
18000,update,q_loss_cleanrl_logged_max,2.6205546855926514
18000,update,q_loss_cleanrl_logged_mean,1.2111009477376937
18000,update,q_loss_cleanrl_logged_min,0.5280305743217468
18000,update,q_loss_max,5.241109371185303
18000,update,q_loss_mean,2.4222018954753874
18000,update,q_loss_min,1.0560611486434937
18000,update,q_param_norm,148.1714630126953
18000,update,q_param_norm_max,148.1714630126953
18000,update,q_param_norm_mean,145.14351303100585
18000,update,q_param_norm_min,142.11449432373047
18000,update,q_update_norm,0.029572874307632446
18000,update,q_update_norm_max,0.06060875952243805
18000,update,q_update_norm_mean,0.029610661165788768
18000,update,q_update_norm_min,0.017012909054756165
18000,update,q_update_norm_ratio,0.0002821512475564015
18000,update,q_update_norm_ratio_max,0.0005898381114667777
18000,update,q_update_norm_ratio_mean,0.0002885199333066162
18000,update,q_update_norm_ratio_min,0.00016472576084560538
18000,update,target_q_mean,-50.71186828613281
18000,update,target_q_mean_max,-42.3201789855957
18000,update,target_q_mean_mean,-55.104330547332765
18000,update,target_q_mean_min,-71.42449188232422
18200,train_episode,collapse,0.0
18200,train_episode,length,200.0
18200,train_episode,return,-237.76688233068228
18200,train_episode,success,0.0
18400,train_episode,collapse,0.0
18400,train_episode,length,200.0
18400,train_episode,return,-230.17408579368958
18400,train_episode,success,0.0
18600,train_episode,collapse,0.0
18600,train_episode,length,200.0
18600,train_episode,return,-122.25574732216612
18600,train_episode,success,1.0
18800,train_episode,collapse,0.0
18800,train_episode,length,200.0
18800,train_episode,return,-129.50833030331358
18800,train_episode,success,1.0
19000,train_episode,collapse,0.0
19000,train_episode,length,200.0
19000,train_episode,return,-128.73304408051885
19000,train_episode,success,1.0
19000,update,actor_grad_norm,1.4532498121261597
19000,update,actor_grad_norm_max,3.283597946166992
19000,update,actor_grad_norm_mean,1.0063077374696732
19000,update,actor_grad_norm_min,0.2618527114391327
19000,update,actor_loss,48.357486724853516
19000,update,actor_loss_max,68.99650573730469
19000,update,actor_loss_mean,51.115465400695804
19000,update,actor_loss_min,37.770687103271484
19000,update,actor_param_norm,27.642057418823242
19000,update,actor_param_norm_max,27.642057418823242
19000,update,actor_param_norm_mean,27.192856981277465
19000,update,actor_param_norm_min,26.732349395751953
19000,update,actor_update_norm,0.01857656054198742
19000,update,actor_update_norm_max,0.03282524272799492
19000,update,actor_update_norm_mean,0.017446121115237474
19000,update,actor_update_norm_min,0.009636604227125645
19000,update,actor_update_norm_ratio,0.0006720502007143787
19000,update,actor_update_norm_ratio_max,0.0012184215037928145
19000,update,actor_update_norm_ratio_mean,0.0006418155827428091
19000,update,actor_update_norm_ratio_min,0.0003532104587554298
19000,update,alpha,0.015651583671569824
19000,update,alpha_loss,0.0026804404333233833
19000,update,alpha_loss_max,0.010954376310110092
19000,update,alpha_loss_mean,0.001084382399043534
19000,update,alpha_loss_min,-0.011373166926205158
19000,update,alpha_max,0.01891322061419487
19000,update,alpha_mean,0.01703665008768439
19000,update,alpha_min,0.015259940177202225
19000,update,num_optimizer_updates,1000.0
19000,update,policy_entropy_estimate,-0.8286770582199097
19000,update,policy_entropy_estimate_max,-0.3024737536907196
19000,update,policy_entropy_estimate_mean,-0.9377267588973045
19000,update,policy_entropy_estimate_min,-1.692946195602417
19000,update,policy_log_prob_mean,0.8286770582199097
19000,update,policy_log_prob_mean_max,1.692946195602417
19000,update,policy_log_prob_mean_mean,0.9377267588973045
19000,update,policy_log_prob_mean_min,0.3024737536907196
19000,update,q1_loss,0.6933271288871765
19000,update,q1_loss_max,4.192047595977783
19000,update,q1_loss_mean,1.2381697052717209
19000,update,q1_loss_min,0.5191195607185364
19000,update,q1_mean,-50.119415283203125
19000,update,q1_mean_max,-39.269920349121094
19000,update,q1_mean_mean,-52.89131928634644
19000,update,q1_mean_min,-70.7995834350586
19000,update,q2_loss,0.7131567597389221
19000,update,q2_loss_max,3.2943601608276367
19000,update,q2_loss_mean,1.0255312340557574
19000,update,q2_loss_min,0.4633314609527588
19000,update,q2_mean,-50.1671257019043
19000,update,q2_mean_max,-38.96575164794922
19000,update,q2_mean_mean,-52.89105445098877
19000,update,q2_mean_min,-70.76940155029297
19000,update,q_grad_norm,98.19114685058594
19000,update,q_grad_norm_max,359.6424560546875
19000,update,q_grad_norm_mean,131.92279474258422
19000,update,q_grad_norm_min,57.55926513671875
19000,update,q_loss,1.4064838886260986
19000,update,q_loss_cleanrl_logged,0.7032419443130493
19000,update,q_loss_cleanrl_logged_max,3.74320387840271
19000,update,q_loss_cleanrl_logged_mean,1.131850470483303
19000,update,q_loss_cleanrl_logged_min,0.5790205597877502
19000,update,q_loss_max,7.48640775680542
19000,update,q_loss_mean,2.263700940966606
19000,update,q_loss_min,1.1580411195755005
19000,update,q_param_norm,154.25226593017578
19000,update,q_param_norm_max,154.25226593017578
19000,update,q_param_norm_mean,151.23185954284668
19000,update,q_param_norm_min,148.1748504638672
19000,update,q_update_norm,0.02679109387099743
19000,update,q_update_norm_max,0.06310322880744934
19000,update,q_update_norm_mean,0.02988674300163984
19000,update,q_update_norm_min,0.01863326132297516
19000,update,q_update_norm_ratio,0.0002455369910920476
19000,update,q_update_norm_ratio_max,0.0005999017220943314
19000,update,q_update_norm_ratio_mean,0.0002794318519636871
19000,update,q_update_norm_ratio_min,0.00017423936047317962
19000,update,target_q_mean,-50.094970703125
19000,update,target_q_mean_max,-39.009925842285156
19000,update,target_q_mean_mean,-52.89055533218384
19000,update,target_q_mean_min,-70.6801528930664
19200,train_episode,collapse,0.0
19200,train_episode,length,200.0
19200,train_episode,return,-120.07363716703665
19200,train_episode,success,1.0
19400,train_episode,collapse,0.0
19400,train_episode,length,200.0
19400,train_episode,return,-1.337178596821211
19400,train_episode,success,1.0
19600,train_episode,collapse,0.0
19600,train_episode,length,200.0
19600,train_episode,return,-367.25985112036636
19600,train_episode,success,0.0
19800,train_episode,collapse,0.0
19800,train_episode,length,200.0
19800,train_episode,return,-329.45778352028407
19800,train_episode,success,0.0
20000,train_episode,collapse,0.0
20000,train_episode,length,200.0
20000,train_episode,return,-240.7828076607791
20000,train_episode,success,0.0
20000,update,actor_grad_norm,1.059647798538208
20000,update,actor_grad_norm_max,2.7727811336517334
20000,update,actor_grad_norm_mean,1.0302841643095015
20000,update,actor_grad_norm_min,0.2242082953453064
20000,update,actor_loss,49.413238525390625
20000,update,actor_loss_max,65.2555923461914
20000,update,actor_loss_mean,49.50846556854248
20000,update,actor_loss_min,37.986854553222656
20000,update,actor_param_norm,28.584365844726562
20000,update,actor_param_norm_max,28.584365844726562
20000,update,actor_param_norm_mean,28.097439752578737
20000,update,actor_param_norm_min,27.642057418823242
20000,update,actor_update_norm,0.009841888211667538
20000,update,actor_update_norm_max,0.032268498092889786
20000,update,actor_update_norm_mean,0.01800995872169733
20000,update,actor_update_norm_min,0.009841888211667538
20000,update,actor_update_norm_ratio,0.000344319142583853
20000,update,actor_update_norm_ratio_max,0.0011476092243032463
20000,update,actor_update_norm_ratio_mean,0.0006408011796021438
20000,update,actor_update_norm_ratio_min,0.000344319142583853
20000,update,alpha,0.01298788096755743
20000,update,alpha_loss,-0.0019176251953467727
20000,update,alpha_loss_max,0.010486448183655739
20000,update,alpha_loss_mean,0.0008572748797305394
20000,update,alpha_loss_min,-0.009248399175703526
20000,update,alpha_max,0.015659676864743233
20000,update,alpha_mean,0.01375060352589935
20000,update,alpha_min,0.012770101428031921
20000,update,num_optimizer_updates,1000.0
20000,update,policy_entropy_estimate,-1.1476798057556152
20000,update,policy_entropy_estimate_max,-0.24972081184387207
20000,update,policy_entropy_estimate_mean,-0.9405738701224327
20000,update,policy_entropy_estimate_min,-1.657292366027832
20000,update,policy_log_prob_mean,1.1476798057556152
20000,update,policy_log_prob_mean_max,1.657292366027832
20000,update,policy_log_prob_mean_mean,0.9405738701224327
20000,update,policy_log_prob_mean_min,0.24972081184387207
20000,update,q1_loss,1.050508737564087
20000,update,q1_loss_max,2.9825479984283447
20000,update,q1_loss_mean,1.2625984335541725
20000,update,q1_loss_min,0.534153401851654
20000,update,q1_mean,-51.42333984375
20000,update,q1_mean_max,-35.570770263671875
20000,update,q1_mean_mean,-51.01233249664307
20000,update,q1_mean_min,-67.88031005859375
20000,update,q2_loss,0.9986145496368408
20000,update,q2_loss_max,2.892279624938965
20000,update,q2_loss_mean,1.0285094946920872
20000,update,q2_loss_min,0.49047040939331055
20000,update,q2_mean,-51.143890380859375
20000,update,q2_mean_max,-35.36130905151367
20000,update,q2_mean_mean,-51.01239375686645
20000,update,q2_mean_min,-67.98649597167969
20000,update,q_grad_norm,135.22511291503906
20000,update,q_grad_norm_max,341.75543212890625
20000,update,q_grad_norm_mean,144.0733999977112
20000,update,q_grad_norm_min,51.965797424316406
20000,update,q_loss,2.0491232872009277
20000,update,q_loss_cleanrl_logged,1.0245616436004639
20000,update,q_loss_cleanrl_logged_max,2.9374136924743652
20000,update,q_loss_cleanrl_logged_mean,1.145553962767124
20000,update,q_loss_cleanrl_logged_min,0.5791209936141968
20000,update,q_loss_max,5.8748273849487305
20000,update,q_loss_mean,2.291107925534248
20000,update,q_loss_min,1.1582419872283936
20000,update,q_param_norm,160.438720703125
20000,update,q_param_norm_max,160.438720703125
20000,update,q_param_norm_mean,157.36696966552734
20000,update,q_param_norm_min,154.25736236572266
20000,update,q_update_norm,0.023256273940205574
20000,update,q_update_norm_max,0.05892099440097809
20000,update,q_update_norm_mean,0.031034104380756617
20000,update,q_update_norm_min,0.016927015036344528
20000,update,q_update_norm_ratio,0.0002049320177436499
20000,update,q_update_norm_ratio_max,0.0005392525210999536
20000,update,q_update_norm_ratio_mean,0.0002787942884808861
20000,update,q_update_norm_ratio_min,0.00015281714689996102
20000,update,target_q_mean,-51.433502197265625
20000,update,target_q_mean_max,-35.19811248779297
20000,update,target_q_mean_mean,-51.012220844268796
20000,update,target_q_mean_min,-67.95301818847656
20000,replay,action_abs_max,1.9999853372573853
20000,replay,action_abs_mean,1.0024003982543945
20000,replay,action_saturation_fraction,0.07865
20000,replay,capacity,100000.0
20000,replay,done_fraction,0.0
20000,replay,fill_fraction,0.2
20000,replay,near_upright_any_transition_fraction,0.53955
20000,replay,near_upright_next_obs_fraction,0.53915
20000,replay,near_upright_obs_fraction,0.5363
20000,replay,reward_max,-4.650864866562188e-06
20000,replay,reward_mean,-2.7203004360198975
20000,replay,reward_min,-16.252336502075195
20000,replay,reward_std,3.8280441761016846
20000,replay,sample_count_max,422.0
20000,replay,sample_count_mean,192.0
20000,replay,size,20000.0
20000,replay,transition_age_max,19999.0
20000,replay,transition_age_mean,9999.5
20000,diagnostics,actor_layer0_activation_abs_max,4.703917980194092
20000,diagnostics,actor_layer0_activation_abs_mean,0.27988314628601074
20000,diagnostics,actor_layer0_dormant_fraction,0.03515625
20000,diagnostics,actor_layer0_effective_rank_fraction,0.05534614250063896
20000,diagnostics,actor_layer1_activation_abs_max,4.734806060791016
20000,diagnostics,actor_layer1_activation_abs_mean,0.11256417632102966
20000,diagnostics,actor_layer1_dormant_fraction,0.3125
20000,diagnostics,actor_layer1_effective_rank_fraction,0.1349869966506958
20000,diagnostics,actor_param_norm,28.584365844726562
20000,diagnostics,alpha,0.01298788096755743
20000,diagnostics,q1_layer0_activation_abs_max,6.491159439086914
20000,diagnostics,q1_layer0_activation_abs_mean,0.4289577007293701
20000,diagnostics,q1_layer0_dormant_fraction,0.015625
20000,diagnostics,q1_layer0_effective_rank_fraction,0.07873021811246872
20000,diagnostics,q1_layer1_activation_abs_max,33.77006912231445
20000,diagnostics,q1_layer1_activation_abs_mean,2.060502767562866
20000,diagnostics,q1_layer1_dormant_fraction,0.40625
20000,diagnostics,q1_layer1_effective_rank_fraction,0.0666704773902893
20000,diagnostics,q1_param_norm,82.39834594726562
20000,diagnostics,q2_layer0_activation_abs_max,6.072843551635742
20000,diagnostics,q2_layer0_activation_abs_mean,0.4080335795879364
20000,diagnostics,q2_layer0_dormant_fraction,0.0234375
20000,diagnostics,q2_layer0_effective_rank_fraction,0.07329454272985458
20000,diagnostics,q2_layer1_activation_abs_max,26.77475929260254
20000,diagnostics,q2_layer1_activation_abs_mean,2.0037457942962646
20000,diagnostics,q2_layer1_dormant_fraction,0.453125
20000,diagnostics,q2_layer1_effective_rank_fraction,0.06615915149450302
20000,diagnostics,q2_param_norm,78.04037475585938
20000,eval,best_return,-0.7653130166277741
20000,eval,collapse_rate,0.0
20000,eval,failure_rate,0.6
20000,eval,fraction_return_ge_-100,0.2
20000,eval,fraction_return_ge_-150,0.4
20000,eval,fraction_return_ge_-200,0.4
20000,eval,fraction_return_ge_-250,0.8
20000,eval,max_not_near_upright_streak,66.0
20000,eval,mean_episode_length,200.0
20000,eval,mean_min_step_reward,-10.876360903251634
20000,eval,mean_return,-170.35735135913197
20000,eval,median_return,-229.25384955732753
20000,eval,near_upright_fraction,0.8400000000000001
20000,eval,num_collapses,0.0
20000,eval,num_eval_episodes,10.0
20000,eval,num_strict_successes,4.0
20000,eval,num_successes,4.0
20000,eval,return_failure_rate,0.6
20000,eval,return_p05,-256.53369405278664
20000,eval,return_p10,-252.97014409499207
20000,eval,return_p25,-243.4283019059765
20000,eval,return_p75,-121.16099664515933
20000,eval,return_p90,-0.8834087218191833
20000,eval,return_p95,-0.8243608692234787
20000,eval,return_reliability_nines_empirical,0.22184874961635637
20000,eval,return_reliability_nines_wilson95_low,0.07997081395541751
20000,eval,return_success_rate,0.4
20000,eval,stability_success_rate,0.6
20000,eval,std_return,97.1894159417821
20000,eval,streak_success_rate,0.9
20000,eval,strict_failure_rate,0.6
20000,eval,strict_reliability_nines_empirical,0.22184874961635637
20000,eval,strict_reliability_nines_wilson95_low,0.07997081395541751
20000,eval,strict_success_rate,0.4
20000,eval,strict_success_rate_wilson95_high,0.6873262302663417
20000,eval,strict_success_rate_wilson95_low,0.16818032970623614
20000,eval,success_rate,0.4
20000,eval,success_rate_wilson95_high,0.6873262302663417
20000,eval,success_rate_wilson95_low,0.16818032970623614
20000,eval,worst_episode_near_upright_fraction,0.67
20000,eval,worst_min_step_reward,-16.211663347290447
20000,eval,worst_return,-260.09724401058116
20200,train_episode,collapse,0.0
20200,train_episode,length,200.0
20200,train_episode,return,-121.8894827742773
20200,train_episode,success,1.0
20400,train_episode,collapse,0.0
20400,train_episode,length,200.0
20400,train_episode,return,-124.91798129930396
20400,train_episode,success,1.0
20600,train_episode,collapse,0.0
20600,train_episode,length,200.0
20600,train_episode,return,-128.5161247851867
20600,train_episode,success,1.0
20800,train_episode,collapse,0.0
20800,train_episode,length,200.0
20800,train_episode,return,-258.217350604915
20800,train_episode,success,0.0
21000,train_episode,collapse,0.0
21000,train_episode,length,200.0
21000,train_episode,return,-2.522484655938972
21000,train_episode,success,1.0
21000,update,actor_grad_norm,1.3987689018249512
21000,update,actor_grad_norm_max,3.6028168201446533
21000,update,actor_grad_norm_mean,1.078090833902359
21000,update,actor_grad_norm_min,0.18631604313850403
21000,update,actor_loss,42.931705474853516
21000,update,actor_loss_max,61.71014404296875
21000,update,actor_loss_mean,48.119597541809085
21000,update,actor_loss_min,35.047550201416016
21000,update,actor_param_norm,29.59436798095703
21000,update,actor_param_norm_max,29.59436798095703
21000,update,actor_param_norm_mean,29.081227554321288
21000,update,actor_param_norm_min,28.584365844726562
21000,update,actor_update_norm,0.011890755034983158
21000,update,actor_update_norm_max,0.03490082547068596
21000,update,actor_update_norm_mean,0.018170449763536455
21000,update,actor_update_norm_min,0.008993139490485191
21000,update,actor_update_norm_ratio,0.0004017977238166645
21000,update,actor_update_norm_ratio_max,0.0012008555176475336
21000,update,actor_update_norm_ratio_mean,0.0006247417904185193
21000,update,actor_update_norm_ratio_min,0.0003087611655708417
21000,update,alpha,0.011721063405275345
21000,update,alpha_loss,0.00233888509683311
21000,update,alpha_loss_max,0.008386272937059402
21000,update,alpha_loss_mean,0.00035188184829894456
21000,update,alpha_loss_min,-0.007341471500694752
21000,update,alpha_max,0.013160116970539093
21000,update,alpha_mean,0.012380216623656452
21000,update,alpha_min,0.011540643870830536
21000,update,num_optimizer_updates,1000.0
21000,update,policy_entropy_estimate,-0.8005515933036804
21000,update,policy_entropy_estimate_max,-0.30805984139442444
21000,update,policy_entropy_estimate_mean,-0.9723784725069999
21000,update,policy_entropy_estimate_min,-1.6123987436294556
21000,update,policy_log_prob_mean,0.8005515933036804
21000,update,policy_log_prob_mean_max,1.6123987436294556
21000,update,policy_log_prob_mean_mean,0.9723784725069999
21000,update,policy_log_prob_mean_min,0.30805984139442444
21000,update,q1_loss,0.7194254994392395
21000,update,q1_loss_max,4.394553184509277
21000,update,q1_loss_mean,1.2890815656483174
21000,update,q1_loss_min,0.45301511883735657
21000,update,q1_mean,-43.854034423828125
21000,update,q1_mean_max,-33.56775665283203
21000,update,q1_mean_mean,-49.80242400741577
21000,update,q1_mean_min,-64.49160766601562
21000,update,q2_loss,0.6264467835426331
21000,update,q2_loss_max,2.966456413269043
21000,update,q2_loss_mean,1.0468405949175357
21000,update,q2_loss_min,0.4519553780555725
21000,update,q2_mean,-43.731319427490234
21000,update,q2_mean_max,-33.14504623413086
21000,update,q2_mean_mean,-49.80220338439941
21000,update,q2_mean_min,-64.51860809326172
21000,update,q_grad_norm,100.8349380493164
21000,update,q_grad_norm_max,389.5173034667969
21000,update,q_grad_norm_mean,149.71190633773804
21000,update,q_grad_norm_min,49.36165237426758
21000,update,q_loss,1.3458722829818726
21000,update,q_loss_cleanrl_logged,0.6729361414909363
21000,update,q_loss_cleanrl_logged_max,3.68050479888916
21000,update,q_loss_cleanrl_logged_mean,1.167961078464985
21000,update,q_loss_cleanrl_logged_min,0.4657551050186157
21000,update,q_loss_max,7.36100959777832
21000,update,q_loss_mean,2.33592215692997
21000,update,q_loss_min,0.9315102100372314
21000,update,q_param_norm,166.37120056152344
21000,update,q_param_norm_max,166.37120056152344
21000,update,q_param_norm_mean,163.44307291412355
21000,update,q_param_norm_min,160.4490509033203
21000,update,q_update_norm,0.0326550267636776
21000,update,q_update_norm_max,0.06140093132853508
21000,update,q_update_norm_mean,0.0313817653208971
21000,update,q_update_norm_min,0.019083501771092415
21000,update,q_update_norm_ratio,0.00027750095001426677
21000,update,q_update_norm_ratio_max,0.0005279971610171674
21000,update,q_update_norm_ratio_mean,0.000271498012741213
21000,update,q_update_norm_ratio_min,0.00016383818009090508
21000,update,target_q_mean,-43.906898498535156
21000,update,target_q_mean_max,-33.445560455322266
21000,update,target_q_mean_mean,-49.80220411300659
21000,update,target_q_mean_min,-64.2760009765625
21200,train_episode,collapse,0.0
21200,train_episode,length,200.0
21200,train_episode,return,-118.12111062304
21200,train_episode,success,1.0
21400,train_episode,collapse,0.0
21400,train_episode,length,200.0
21400,train_episode,return,-243.78479149677287
21400,train_episode,success,0.0
21600,train_episode,collapse,0.0
21600,train_episode,length,200.0
21600,train_episode,return,-232.60767705406533
21600,train_episode,success,0.0
21800,train_episode,collapse,0.0
21800,train_episode,length,200.0
21800,train_episode,return,-228.85280086864475
21800,train_episode,success,0.0
22000,train_episode,collapse,0.0
22000,train_episode,length,200.0
22000,train_episode,return,-228.3784176719428
22000,train_episode,success,0.0
22000,update,actor_grad_norm,1.119431495666504
22000,update,actor_grad_norm_max,3.649137258529663
22000,update,actor_grad_norm_mean,1.0644543072283268
22000,update,actor_grad_norm_min,0.20764267444610596
22000,update,actor_loss,43.99259567260742
22000,update,actor_loss_max,59.05095672607422
22000,update,actor_loss_mean,46.60466874694824
22000,update,actor_loss_min,32.00192642211914
22000,update,actor_param_norm,30.484071731567383
22000,update,actor_param_norm_max,30.484071731567383
22000,update,actor_param_norm_mean,30.05546568489075
22000,update,actor_param_norm_min,29.59436798095703
22000,update,actor_update_norm,0.015894407406449318
22000,update,actor_update_norm_max,0.03738214448094368
22000,update,actor_update_norm_mean,0.017389556463807822
22000,update,actor_update_norm_min,0.009679733775556087
22000,update,actor_update_norm_ratio,0.0005214009615512761
22000,update,actor_update_norm_ratio_max,0.0012379520816094823
22000,update,actor_update_norm_ratio_mean,0.0005786590518331646
22000,update,actor_update_norm_ratio_min,0.00032439281509965314
22000,update,alpha,0.011970657855272293
22000,update,alpha_loss,0.0013080192729830742
22000,update,alpha_loss_max,0.005787390284240246
22000,update,alpha_loss_mean,-5.7613757177023214e-05
22000,update,alpha_loss_min,-0.009138301014900208
22000,update,alpha_max,0.012302250601351261
22000,update,alpha_mean,0.011765710733830929
22000,update,alpha_min,0.011201967485249043
22000,update,num_optimizer_updates,1000.0
22000,update,policy_entropy_estimate,-0.890770435333252
22000,update,policy_entropy_estimate_max,-0.5083216428756714
22000,update,policy_entropy_estimate_mean,-1.0052467210292817
22000,update,policy_entropy_estimate_min,-1.8013333082199097
22000,update,policy_log_prob_mean,0.890770435333252
22000,update,policy_log_prob_mean_max,1.8013333082199097
22000,update,policy_log_prob_mean_mean,1.0052467210292817
22000,update,policy_log_prob_mean_min,0.5083216428756714
22000,update,q1_loss,1.0856436491012573
22000,update,q1_loss_max,6.1447577476501465
22000,update,q1_loss_mean,1.2626446822881698
22000,update,q1_loss_min,0.4868868589401245
22000,update,q1_mean,-45.99014663696289
22000,update,q1_mean_max,-32.53199768066406
22000,update,q1_mean_mean,-48.35713815689087
22000,update,q1_mean_min,-61.41112518310547
22000,update,q2_loss,0.6970558762550354
22000,update,q2_loss_max,5.889787673950195
22000,update,q2_loss_mean,1.0222556354999541
22000,update,q2_loss_min,0.39216092228889465
22000,update,q2_mean,-45.592445373535156
22000,update,q2_mean_max,-32.86846160888672
22000,update,q2_mean_mean,-48.35670422744751
22000,update,q2_mean_min,-61.538665771484375
22000,update,q_grad_norm,167.39669799804688
22000,update,q_grad_norm_max,486.0480651855469
22000,update,q_grad_norm_mean,153.52237972259522
22000,update,q_grad_norm_min,62.550689697265625
22000,update,q_loss,1.7826995849609375
22000,update,q_loss_cleanrl_logged,0.8913497924804688
22000,update,q_loss_cleanrl_logged_max,6.01727294921875
22000,update,q_loss_cleanrl_logged_mean,1.1424501585960387
22000,update,q_loss_cleanrl_logged_min,0.4979636073112488
22000,update,q_loss_max,12.0345458984375
22000,update,q_loss_mean,2.2849003171920774
22000,update,q_loss_min,0.9959272146224976
22000,update,q_param_norm,171.9145278930664
22000,update,q_param_norm_max,171.9145278930664
22000,update,q_param_norm_mean,169.15872320556642
22000,update,q_param_norm_min,166.3768768310547
22000,update,q_update_norm,0.025530287995934486
22000,update,q_update_norm_max,0.06470908969640732
22000,update,q_update_norm_mean,0.030622581031173466
22000,update,q_update_norm_min,0.016537228599190712
22000,update,q_update_norm_ratio,0.00020996932495593776
22000,update,q_update_norm_ratio_max,0.000538598676564964
22000,update,q_update_norm_ratio_mean,0.0002559699718429672
22000,update,q_update_norm_ratio_min,0.00013608500197030652
22000,update,target_q_mean,-45.47061538696289
22000,update,target_q_mean_max,-32.963077545166016
22000,update,target_q_mean_mean,-48.35638627243042
22000,update,target_q_mean_min,-61.44165802001953
22200,train_episode,collapse,0.0
22200,train_episode,length,200.0
22200,train_episode,return,-242.51019515110846
22200,train_episode,success,0.0
22400,train_episode,collapse,0.0
22400,train_episode,length,200.0
22400,train_episode,return,-225.3387944127929
22400,train_episode,success,0.0
22600,train_episode,collapse,0.0
22600,train_episode,length,200.0
22600,train_episode,return,-229.16207274165572
22600,train_episode,success,0.0
22800,train_episode,collapse,0.0
22800,train_episode,length,200.0
22800,train_episode,return,-5.128057191892782
22800,train_episode,success,1.0
23000,train_episode,collapse,0.0
23000,train_episode,length,200.0
23000,train_episode,return,-123.91827730864708
23000,train_episode,success,1.0
23000,update,actor_grad_norm,2.997209310531616
23000,update,actor_grad_norm_max,3.320601463317871
23000,update,actor_grad_norm_mean,1.1468484672904014
23000,update,actor_grad_norm_min,0.31743353605270386
23000,update,actor_loss,49.76224899291992
23000,update,actor_loss_max,60.06613540649414
23000,update,actor_loss_mean,45.61157339477539
23000,update,actor_loss_min,32.43552780151367
23000,update,actor_param_norm,31.183547973632812
23000,update,actor_param_norm_max,31.183547973632812
23000,update,actor_param_norm_mean,30.82387611198425
23000,update,actor_param_norm_min,30.48339080810547
23000,update,actor_update_norm,0.026227978989481926
23000,update,actor_update_norm_max,0.040418632328510284
23000,update,actor_update_norm_mean,0.01834355839714408
23000,update,actor_update_norm_min,0.008853716775774956
23000,update,actor_update_norm_ratio,0.0008411271304675117
23000,update,actor_update_norm_ratio_max,0.0012980149462647882
23000,update,actor_update_norm_ratio_mean,0.0005951975381479239
23000,update,actor_update_norm_ratio_min,0.0002853950710000478
23000,update,alpha,0.014410192146897316
23000,update,alpha_loss,0.0038174507208168507
23000,update,alpha_loss_max,0.008313668891787529
23000,update,alpha_loss_mean,-0.000531728163769003
23000,update,alpha_loss_min,-0.011427368968725204
23000,update,alpha_max,0.014474188908934593
23000,update,alpha_mean,0.013153729015961289
23000,update,alpha_min,0.011907017789781094
23000,update,num_optimizer_updates,1000.0
23000,update,policy_entropy_estimate,-0.7351710796356201
23000,update,policy_entropy_estimate_max,-0.3251565992832184
23000,update,policy_entropy_estimate_mean,-1.0412555568814277
23000,update,policy_entropy_estimate_min,-1.8239555358886719
23000,update,policy_log_prob_mean,0.7351710796356201
23000,update,policy_log_prob_mean_max,1.8239555358886719
23000,update,policy_log_prob_mean_mean,1.0412555568814277
23000,update,policy_log_prob_mean_min,0.3251565992832184
23000,update,q1_loss,0.7516213655471802
23000,update,q1_loss_max,4.808324813842773
23000,update,q1_loss_mean,1.14800469699502
23000,update,q1_loss_min,0.41722071170806885
23000,update,q1_mean,-50.69856643676758
23000,update,q1_mean_max,-31.310531616210938
23000,update,q1_mean_mean,-47.01691565322876
23000,update,q1_mean_min,-61.535064697265625
23000,update,q2_loss,0.7610388398170471
23000,update,q2_loss_max,4.0655107498168945
23000,update,q2_loss_mean,1.012023909509182
23000,update,q2_loss_min,0.401760995388031
23000,update,q2_mean,-50.6646614074707
23000,update,q2_mean_max,-31.88368797302246
23000,update,q2_mean_mean,-47.01689862632752
23000,update,q2_mean_min,-61.84048080444336
23000,update,q_grad_norm,66.07453155517578
23000,update,q_grad_norm_max,397.72869873046875
23000,update,q_grad_norm_mean,153.07637982559203
23000,update,q_grad_norm_min,49.47052001953125
23000,update,q_loss,1.512660264968872
23000,update,q_loss_cleanrl_logged,0.756330132484436
23000,update,q_loss_cleanrl_logged_max,4.390997409820557
23000,update,q_loss_cleanrl_logged_mean,1.0800143029689788
23000,update,q_loss_cleanrl_logged_min,0.47310709953308105
23000,update,q_loss_max,8.781994819641113
23000,update,q_loss_mean,2.1600286059379576
23000,update,q_loss_min,0.9462141990661621
23000,update,q_param_norm,177.2544403076172
23000,update,q_param_norm_max,177.2544403076172
23000,update,q_param_norm_mean,174.57455989074708
23000,update,q_param_norm_min,171.92101287841797
23000,update,q_update_norm,0.02796843647956848
23000,update,q_update_norm_max,0.06166156381368637
23000,update,q_update_norm_mean,0.030713028874248267
23000,update,q_update_norm_min,0.017872503027319908
23000,update,q_update_norm_ratio,0.0002230963131325303
23000,update,q_update_norm_ratio_max,0.0004953058999710431
23000,update,q_update_norm_ratio_mean,0.0002487196701797778
23000,update,q_update_norm_ratio_min,0.00014477253620068638
23000,update,target_q_mean,-50.72287368774414
23000,update,target_q_mean_max,-31.282323837280273
23000,update,target_q_mean_mean,-47.01677078819275
23000,update,target_q_mean_min,-61.858951568603516
23200,train_episode,collapse,0.0
23200,train_episode,length,200.0
23200,train_episode,return,-121.89277058378728
23200,train_episode,success,1.0
23400,train_episode,collapse,0.0
23400,train_episode,length,200.0
23400,train_episode,return,-2.7864898032754555
23400,train_episode,success,1.0
23600,train_episode,collapse,0.0
23600,train_episode,length,200.0
23600,train_episode,return,-234.71747996746228
23600,train_episode,success,0.0
23800,train_episode,collapse,0.0
23800,train_episode,length,200.0
23800,train_episode,return,-129.68755073421835
23800,train_episode,success,1.0
24000,train_episode,collapse,0.0
24000,train_episode,length,200.0
24000,train_episode,return,-9.660899611358781
24000,train_episode,success,1.0
24000,update,actor_grad_norm,0.4909074306488037
24000,update,actor_grad_norm_max,6.3459391593933105
24000,update,actor_grad_norm_mean,1.1773713443279266
24000,update,actor_grad_norm_min,0.22071263194084167
24000,update,actor_loss,44.9675407409668
24000,update,actor_loss_max,58.871280670166016
24000,update,actor_loss_mean,44.522553848266604
24000,update,actor_loss_min,30.19426727294922
24000,update,actor_param_norm,31.90008544921875
24000,update,actor_param_norm_max,31.90068244934082
24000,update,actor_param_norm_mean,31.54284429168701
24000,update,actor_param_norm_min,31.183547973632812
24000,update,actor_update_norm,0.018530888482928276
24000,update,actor_update_norm_max,0.057017356157302856
24000,update,actor_update_norm_mean,0.017934871308505535
24000,update,actor_update_norm_min,0.01021456066519022
24000,update,actor_update_norm_ratio,0.0005808987596602484
24000,update,actor_update_norm_ratio_max,0.001811868886608712
24000,update,actor_update_norm_ratio_mean,0.0005686690623833339
24000,update,actor_update_norm_ratio_min,0.00032607098404812204
24000,update,alpha,0.015236977487802505
24000,update,alpha_loss,0.0005109218182042241
24000,update,alpha_loss_max,0.008137501776218414
24000,update,alpha_loss_mean,-0.0001970193542074412
24000,update,alpha_loss_min,-0.008875664323568344
24000,update,alpha_max,0.015236977487802505
24000,update,alpha_mean,0.01447651177458465
24000,update,alpha_min,0.013734660111367702
24000,update,num_optimizer_updates,1000.0
24000,update,policy_entropy_estimate,-0.9664480686187744
24000,update,policy_entropy_estimate_max,-0.43640345335006714
24000,update,policy_entropy_estimate_mean,-1.0138137445449829
24000,update,policy_entropy_estimate_min,-1.6362700462341309
24000,update,policy_log_prob_mean,0.9664480686187744
24000,update,policy_log_prob_mean_max,1.6362700462341309
24000,update,policy_log_prob_mean_mean,1.0138137445449829
24000,update,policy_log_prob_mean_min,0.43640345335006714
24000,update,q1_loss,0.5103589296340942
24000,update,q1_loss_max,4.387754917144775
24000,update,q1_loss_mean,1.0743087839484216
24000,update,q1_loss_min,0.4127449095249176
24000,update,q1_mean,-45.73272705078125
24000,update,q1_mean_max,-29.37653350830078
24000,update,q1_mean_mean,-45.67868287658691
24000,update,q1_mean_min,-60.99616622924805
24000,update,q2_loss,0.8671082258224487
24000,update,q2_loss_max,3.8340582847595215
24000,update,q2_loss_mean,0.9658867930173873
24000,update,q2_loss_min,0.34893515706062317
24000,update,q2_mean,-45.68368148803711
24000,update,q2_mean_max,-28.93587303161621
24000,update,q2_mean_mean,-45.67792765808105
24000,update,q2_mean_min,-60.824371337890625
24000,update,q_grad_norm,116.67643737792969
24000,update,q_grad_norm_max,351.6311950683594
24000,update,q_grad_norm_mean,151.771276096344
24000,update,q_grad_norm_min,52.93579864501953
24000,update,q_loss,1.377467155456543
24000,update,q_loss_cleanrl_logged,0.6887335777282715
24000,update,q_loss_cleanrl_logged_max,4.110906600952148
24000,update,q_loss_cleanrl_logged_mean,1.0200977877378463
24000,update,q_loss_cleanrl_logged_min,0.4344034790992737
24000,update,q_loss_max,8.221813201904297
24000,update,q_loss_mean,2.0401955754756926
24000,update,q_loss_min,0.8688069581985474
24000,update,q_param_norm,182.08968353271484
24000,update,q_param_norm_max,182.08968353271484
24000,update,q_param_norm_mean,179.69220220947267
24000,update,q_param_norm_min,177.26105499267578
24000,update,q_update_norm,0.023855317384004593
24000,update,q_update_norm_max,0.053920332342386246
24000,update,q_update_norm_mean,0.02928487979248166
24000,update,q_update_norm_min,0.01673370786011219
24000,update,q_update_norm_ratio,0.0001852392551147397
24000,update,q_update_norm_ratio_max,0.00042513550306480383
24000,update,q_update_norm_ratio_mean,0.00023049538733798335
24000,update,q_update_norm_ratio_min,0.00013098228066007244
24000,update,target_q_mean,-45.560020446777344
24000,update,target_q_mean_max,-29.123275756835938
24000,update,target_q_mean_mean,-45.678154691696164
24000,update,target_q_mean_min,-60.968631744384766
24200,train_episode,collapse,0.0
24200,train_episode,length,200.0
24200,train_episode,return,-134.8308957789751
24200,train_episode,success,1.0
24400,train_episode,collapse,0.0
24400,train_episode,length,200.0
24400,train_episode,return,-122.34202322638224
24400,train_episode,success,1.0
24600,train_episode,collapse,0.0
24600,train_episode,length,200.0
24600,train_episode,return,-122.17867371728804
24600,train_episode,success,1.0
24800,train_episode,collapse,0.0
24800,train_episode,length,200.0
24800,train_episode,return,-129.22299371681189
24800,train_episode,success,1.0
25000,train_episode,collapse,0.0
25000,train_episode,length,200.0
25000,train_episode,return,-247.80943128347457
25000,train_episode,success,0.0
25000,update,actor_grad_norm,0.6227986216545105
25000,update,actor_grad_norm_max,3.6358258724212646
25000,update,actor_grad_norm_mean,1.2516557109951973
25000,update,actor_grad_norm_min,0.3086199462413788
25000,update,actor_loss,40.748802185058594
25000,update,actor_loss_max,55.87060546875
25000,update,actor_loss_mean,42.75397908782959
25000,update,actor_loss_min,29.439260482788086
25000,update,actor_param_norm,32.67302322387695
25000,update,actor_param_norm_max,32.67302322387695
25000,update,actor_param_norm_mean,32.27596251296997
25000,update,actor_param_norm_min,31.899751663208008
25000,update,actor_update_norm,0.012932758778333664
25000,update,actor_update_norm_max,0.03455148637294769
25000,update,actor_update_norm_mean,0.018246890738606452
25000,update,actor_update_norm_min,0.0095674404874444
25000,update,actor_update_norm_ratio,0.0003958327218826428
25000,update,actor_update_norm_ratio_max,0.0010748547850121882
25000,update,actor_update_norm_ratio_mean,0.0005653355192169457
25000,update,actor_update_norm_ratio_min,0.0002956906048717089
25000,update,alpha,0.01931399293243885
25000,update,alpha_loss,-0.002381610684096813
25000,update,alpha_loss_max,0.00860941968858242
25000,update,alpha_loss_mean,-0.000700803082305356
25000,update,alpha_loss_min,-0.00838498119264841
25000,update,alpha_max,0.019322283565998077
25000,update,alpha_mean,0.01729234440997243
25000,update,alpha_min,0.015236977487802505
25000,update,num_optimizer_updates,1000.0
25000,update,policy_entropy_estimate,-1.1233081817626953
25000,update,policy_entropy_estimate_max,-0.5505296587944031
25000,update,policy_entropy_estimate_mean,-1.0410463441610336
25000,update,policy_entropy_estimate_min,-1.4981845617294312
25000,update,policy_log_prob_mean,1.1233081817626953
25000,update,policy_log_prob_mean_max,1.4981845617294312
25000,update,policy_log_prob_mean_mean,1.0410463441610336
25000,update,policy_log_prob_mean_min,0.5505296587944031
25000,update,q1_loss,0.6611745357513428
25000,update,q1_loss_max,3.4214367866516113
25000,update,q1_loss_mean,1.0268798007667064
25000,update,q1_loss_min,0.4067218601703644
25000,update,q1_mean,-41.81517791748047
25000,update,q1_mean_max,-30.167329788208008
25000,update,q1_mean_mean,-44.12956479454041
25000,update,q1_mean_min,-57.68989562988281
25000,update,q2_loss,0.7619811296463013
25000,update,q2_loss_max,2.7021381855010986
25000,update,q2_loss_mean,0.9231921331882477
25000,update,q2_loss_min,0.4083048105239868
25000,update,q2_mean,-41.89583969116211
25000,update,q2_mean_max,-30.227567672729492
25000,update,q2_mean_mean,-44.129401525497435
25000,update,q2_mean_min,-57.49589157104492
25000,update,q_grad_norm,114.6419448852539
25000,update,q_grad_norm_max,367.3439636230469
25000,update,q_grad_norm_mean,149.6555013771057
25000,update,q_grad_norm_min,53.722469329833984
25000,update,q_loss,1.423155665397644
25000,update,q_loss_cleanrl_logged,0.711577832698822
25000,update,q_loss_cleanrl_logged_max,2.950666904449463
25000,update,q_loss_cleanrl_logged_mean,0.9750359654426575
25000,update,q_loss_cleanrl_logged_min,0.4190153181552887
25000,update,q_loss_max,5.901333808898926
25000,update,q_loss_mean,1.950071930885315
25000,update,q_loss_min,0.8380306363105774
25000,update,q_param_norm,186.84576416015625
25000,update,q_param_norm_max,186.84576416015625
25000,update,q_param_norm_mean,184.52501020050047
25000,update,q_param_norm_min,182.09453582763672
25000,update,q_update_norm,0.023441340774297714
25000,update,q_update_norm_max,0.05593739449977875
25000,update,q_update_norm_mean,0.029490490245632828
25000,update,q_update_norm_min,0.015263457782566547
25000,update,q_update_norm_ratio,0.00017739215394473813
25000,update,q_update_norm_ratio_max,0.00042460967773231975
25000,update,q_update_norm_ratio_mean,0.00022595761032644186
25000,update,q_update_norm_ratio_min,0.00011839340168598409
25000,update,target_q_mean,-41.72304916381836
25000,update,target_q_mean_max,-30.530933380126953
25000,update,target_q_mean_mean,-44.12914864349365
25000,update,target_q_mean_min,-57.638092041015625
25000,replay,action_abs_max,1.99998939037323
25000,replay,action_abs_mean,1.0105130672454834
25000,replay,action_saturation_fraction,0.07916
25000,replay,capacity,100000.0
25000,replay,done_fraction,0.0
25000,replay,fill_fraction,0.25
25000,replay,near_upright_any_transition_fraction,0.60536
25000,replay,near_upright_next_obs_fraction,0.60504
25000,replay,near_upright_obs_fraction,0.60192
25000,replay,reward_max,-4.650864866562188e-06
25000,replay,reward_mean,-2.327000379562378
25000,replay,reward_min,-16.252336502075195
25000,replay,reward_std,3.663292407989502
25000,replay,sample_count_max,489.0
25000,replay,sample_count_mean,204.8
25000,replay,size,25000.0
25000,replay,transition_age_max,24999.0
25000,replay,transition_age_mean,12499.5
25000,diagnostics,actor_layer0_activation_abs_max,4.101110458374023
25000,diagnostics,actor_layer0_activation_abs_mean,0.24689045548439026
25000,diagnostics,actor_layer0_dormant_fraction,0.0390625
25000,diagnostics,actor_layer0_effective_rank_fraction,0.058315008878707886
25000,diagnostics,actor_layer1_activation_abs_max,6.940817356109619
25000,diagnostics,actor_layer1_activation_abs_mean,0.10137763619422913
25000,diagnostics,actor_layer1_dormant_fraction,0.328125
25000,diagnostics,actor_layer1_effective_rank_fraction,0.14092600345611572
25000,diagnostics,actor_param_norm,32.67302322387695
25000,diagnostics,alpha,0.01931399293243885
25000,diagnostics,q1_layer0_activation_abs_max,7.008308410644531
25000,diagnostics,q1_layer0_activation_abs_mean,0.4153335690498352
25000,diagnostics,q1_layer0_dormant_fraction,0.01171875
25000,diagnostics,q1_layer0_effective_rank_fraction,0.07767827808856964
25000,diagnostics,q1_layer1_activation_abs_max,30.81989860534668
25000,diagnostics,q1_layer1_activation_abs_mean,2.1110405921936035
25000,diagnostics,q1_layer1_dormant_fraction,0.40625
25000,diagnostics,q1_layer1_effective_rank_fraction,0.06959681957960129
25000,diagnostics,q1_param_norm,95.28988647460938
25000,diagnostics,q2_layer0_activation_abs_max,6.244441509246826
25000,diagnostics,q2_layer0_activation_abs_mean,0.3894653022289276
25000,diagnostics,q2_layer0_dormant_fraction,0.03125
25000,diagnostics,q2_layer0_effective_rank_fraction,0.07242065668106079
25000,diagnostics,q2_layer1_activation_abs_max,23.992006301879883
25000,diagnostics,q2_layer1_activation_abs_mean,2.019883155822754
25000,diagnostics,q2_layer1_dormant_fraction,0.453125
25000,diagnostics,q2_layer1_effective_rank_fraction,0.06826478987932205
25000,diagnostics,q2_param_norm,91.55587768554688
25000,eval,best_return,-12.739553633644306
25000,eval,collapse_rate,0.0
25000,eval,failure_rate,0.6
25000,eval,fraction_return_ge_-100,0.2
25000,eval,fraction_return_ge_-150,0.4
25000,eval,fraction_return_ge_-200,0.4
25000,eval,fraction_return_ge_-250,0.6
25000,eval,max_not_near_upright_streak,63.0
25000,eval,mean_episode_length,200.0
25000,eval,mean_min_step_reward,-10.645497325489186
25000,eval,mean_return,-180.02817927575714
25000,eval,median_return,-238.0599884472459
25000,eval,near_upright_fraction,0.842
25000,eval,num_collapses,0.0
25000,eval,num_eval_episodes,10.0
25000,eval,num_strict_successes,4.0
25000,eval,num_successes,4.0
25000,eval,return_failure_rate,0.6
25000,eval,return_p05,-260.4009796822345
25000,eval,return_p10,-259.0113537954274
25000,eval,return_p25,-255.08743662337187
25000,eval,return_p75,-133.30499943244544
25000,eval,return_p90,-14.441184354989682
25000,eval,return_p95,-13.590368994316997
25000,eval,return_reliability_nines_empirical,0.22184874961635637
25000,eval,return_reliability_nines_wilson95_low,0.07997081395541751
25000,eval,return_success_rate,0.4
25000,eval,stability_success_rate,0.6
25000,eval,std_return,95.08880402503216
25000,eval,streak_success_rate,0.9
25000,eval,strict_failure_rate,0.6
25000,eval,strict_reliability_nines_empirical,0.22184874961635637
25000,eval,strict_reliability_nines_wilson95_low,0.07997081395541751
25000,eval,strict_success_rate,0.4
25000,eval,strict_success_rate_wilson95_high,0.6873262302663417
25000,eval,strict_success_rate_wilson95_low,0.16818032970623614
25000,eval,success_rate,0.4
25000,eval,success_rate_wilson95_high,0.6873262302663417
25000,eval,success_rate_wilson95_low,0.16818032970623614
25000,eval,worst_episode_near_upright_fraction,0.685
25000,eval,worst_min_step_reward,-15.692490140784528
25000,eval,worst_return,-261.79060556904165
25200,train_episode,collapse,0.0
25200,train_episode,length,200.0
25200,train_episode,return,-139.24647428760704
25200,train_episode,success,1.0
25400,train_episode,collapse,0.0
25400,train_episode,length,200.0
25400,train_episode,return,-339.9278413322819
25400,train_episode,success,0.0
25600,train_episode,collapse,0.0
25600,train_episode,length,200.0
25600,train_episode,return,-0.7632676007071291
25600,train_episode,success,1.0
25800,train_episode,collapse,0.0
25800,train_episode,length,200.0
25800,train_episode,return,-247.2386435769961
25800,train_episode,success,0.0
26000,train_episode,collapse,0.0
26000,train_episode,length,200.0
26000,train_episode,return,-124.56983243951021
26000,train_episode,success,1.0
26000,update,actor_grad_norm,0.8969082236289978
26000,update,actor_grad_norm_max,3.3177638053894043
26000,update,actor_grad_norm_mean,1.1459647594690323
26000,update,actor_grad_norm_min,0.30042192339897156
26000,update,actor_loss,41.526519775390625
26000,update,actor_loss_max,56.202110290527344
26000,update,actor_loss_mean,41.925415588378904
26000,update,actor_loss_min,29.34233283996582
26000,update,actor_param_norm,33.35149383544922
26000,update,actor_param_norm_max,33.35149383544922
26000,update,actor_param_norm_mean,32.994409198760984
26000,update,actor_param_norm_min,32.67302322387695
26000,update,actor_update_norm,0.011563220992684364
26000,update,actor_update_norm_max,0.034439463168382645
26000,update,actor_update_norm_mean,0.01749136528931558
26000,update,actor_update_norm_min,0.009961185976862907
26000,update,actor_update_norm_ratio,0.00034671285387474673
26000,update,actor_update_norm_ratio_max,0.0010372263016039723
26000,update,actor_update_norm_ratio_mean,0.0005300205157010298
26000,update,actor_update_norm_ratio_min,0.00030340559835347427
26000,update,alpha,0.020944062620401382
26000,update,alpha_loss,-0.005023391917347908
26000,update,alpha_loss_max,0.015062600374221802
26000,update,alpha_loss_mean,-0.00021756905026268215
26000,update,alpha_loss_min,-0.012457878328859806
26000,update,alpha_max,0.022335492074489594
26000,update,alpha_mean,0.020554967982694506
26000,update,alpha_min,0.01897936500608921
26000,update,num_optimizer_updates,1000.0
26000,update,policy_entropy_estimate,-1.2397767305374146
26000,update,policy_entropy_estimate_max,-0.31667110323905945
26000,update,policy_entropy_estimate_mean,-1.011782024681568
26000,update,policy_entropy_estimate_min,-1.586125373840332
26000,update,policy_log_prob_mean,1.2397767305374146
26000,update,policy_log_prob_mean_max,1.586125373840332
26000,update,policy_log_prob_mean_mean,1.011782024681568
26000,update,policy_log_prob_mean_min,0.31667110323905945
26000,update,q1_loss,0.9170041084289551
26000,update,q1_loss_max,3.209317684173584
26000,update,q1_loss_mean,0.9399218219518661
26000,update,q1_loss_min,0.36675402522087097
26000,update,q1_mean,-44.474205017089844
26000,update,q1_mean_max,-30.227767944335938
26000,update,q1_mean_mean,-43.29584277915954
26000,update,q1_mean_min,-57.557220458984375
26000,update,q2_loss,0.7308400273323059
26000,update,q2_loss_max,2.6598174571990967
26000,update,q2_loss_mean,0.9102220138609409
26000,update,q2_loss_min,0.3670763671398163
26000,update,q2_mean,-44.24047088623047
26000,update,q2_mean_max,-30.141010284423828
26000,update,q2_mean_mean,-43.29527743148804
26000,update,q2_mean_min,-57.61062240600586
26000,update,q_grad_norm,158.8707275390625
26000,update,q_grad_norm_max,376.45458984375
26000,update,q_grad_norm_mean,148.65597883987428
26000,update,q_grad_norm_min,57.624122619628906
26000,update,q_loss,1.6478440761566162
26000,update,q_loss_cleanrl_logged,0.8239220380783081
26000,update,q_loss_cleanrl_logged_max,2.7782628536224365
26000,update,q_loss_cleanrl_logged_mean,0.9250719173848629
26000,update,q_loss_cleanrl_logged_min,0.40559399127960205
26000,update,q_loss_max,5.556525707244873
26000,update,q_loss_mean,1.8501438347697259
26000,update,q_loss_min,0.8111879825592041
26000,update,q_param_norm,191.44689178466797
26000,update,q_param_norm_max,191.44689178466797
26000,update,q_param_norm_mean,189.1484574584961
26000,update,q_param_norm_min,186.84947967529297
26000,update,q_update_norm,0.02375202067196369
26000,update,q_update_norm_max,0.06629978865385056
26000,update,q_update_norm_mean,0.029510400211438536
26000,update,q_update_norm_min,0.016257669776678085
26000,update,q_update_norm_ratio,0.00017543218700270566
26000,update,q_update_norm_ratio_max,0.0004997348313129259
26000,update,q_update_norm_ratio_mean,0.00022062971351534882
26000,update,q_update_norm_ratio_min,0.00012117294134220826
26000,update,target_q_mean,-44.42252731323242
26000,update,target_q_mean_max,-30.086124420166016
26000,update,target_q_mean_mean,-43.29545846176148
26000,update,target_q_mean_min,-57.445579528808594
26200,train_episode,collapse,0.0
26200,train_episode,length,200.0
26200,train_episode,return,-122.41625227981714
26200,train_episode,success,1.0
26400,train_episode,collapse,0.0
26400,train_episode,length,200.0
26400,train_episode,return,-118.70058006538581
26400,train_episode,success,1.0
26600,train_episode,collapse,0.0
26600,train_episode,length,200.0
26600,train_episode,return,-139.47027131645785
26600,train_episode,success,1.0
26800,train_episode,collapse,0.0
26800,train_episode,length,200.0
26800,train_episode,return,-16.71898981223203
26800,train_episode,success,1.0
27000,train_episode,collapse,0.0
27000,train_episode,length,200.0
27000,train_episode,return,-137.55532237312784
27000,train_episode,success,1.0
27000,update,actor_grad_norm,1.3288791179656982
27000,update,actor_grad_norm_max,4.368910312652588
27000,update,actor_grad_norm_mean,1.1426295433044433
27000,update,actor_grad_norm_min,0.32555946707725525
27000,update,actor_loss,42.50377655029297
27000,update,actor_loss_max,54.98280334472656
27000,update,actor_loss_mean,41.04308850479126
27000,update,actor_loss_min,30.438823699951172
27000,update,actor_param_norm,33.96680450439453
27000,update,actor_param_norm_max,33.96680450439453
27000,update,actor_param_norm_mean,33.66679626464844
27000,update,actor_param_norm_min,33.35123825073242
27000,update,actor_update_norm,0.028235068544745445
27000,update,actor_update_norm_max,0.04735735431313515
27000,update,actor_update_norm_mean,0.01722957436181605
27000,update,actor_update_norm_min,0.010551544837653637
27000,update,actor_update_norm_ratio,0.0008312617799238476
27000,update,actor_update_norm_ratio_max,0.0014176513156553712
27000,update,actor_update_norm_ratio_mean,0.0005118246852269251
27000,update,actor_update_norm_ratio_min,0.0003119794517107034
27000,update,alpha,0.021792061626911163
27000,update,alpha_loss,-0.0076530082151293755
27000,update,alpha_loss_max,0.011535374447703362
27000,update,alpha_loss_mean,-0.0002544779726304114
27000,update,alpha_loss_min,-0.009408697485923767
27000,update,alpha_max,0.02311498112976551
27000,update,alpha_mean,0.021349965773522855
27000,update,alpha_min,0.02030843496322632
27000,update,num_optimizer_updates,1000.0
27000,update,policy_entropy_estimate,-1.3516590595245361
27000,update,policy_entropy_estimate_max,-0.4948889911174774
27000,update,policy_entropy_estimate_mean,-1.012360499560833
27000,update,policy_entropy_estimate_min,-1.4363865852355957
27000,update,policy_log_prob_mean,1.3516590595245361
27000,update,policy_log_prob_mean_max,1.4363865852355957
27000,update,policy_log_prob_mean_mean,1.012360499560833
27000,update,policy_log_prob_mean_min,0.4948889911174774
27000,update,q1_loss,1.738741159439087
27000,update,q1_loss_max,3.7225942611694336
27000,update,q1_loss_mean,0.9606409261226654
27000,update,q1_loss_min,0.30550819635391235
27000,update,q1_mean,-43.86187744140625
27000,update,q1_mean_max,-31.15093231201172
27000,update,q1_mean_mean,-42.203491209030155
27000,update,q1_mean_min,-55.75570297241211
27000,update,q2_loss,1.750317931175232
27000,update,q2_loss_max,4.084552764892578
27000,update,q2_loss_mean,0.8721775221526623
27000,update,q2_loss_min,0.36187589168548584
27000,update,q2_mean,-43.77709197998047
27000,update,q2_mean_max,-31.21112823486328
27000,update,q2_mean_mean,-42.203545738220214
27000,update,q2_mean_min,-55.76043701171875
27000,update,q_grad_norm,325.4332580566406
27000,update,q_grad_norm_max,370.1954345703125
27000,update,q_grad_norm_mean,156.26855794143677
27000,update,q_grad_norm_min,51.038326263427734
27000,update,q_loss,3.4890589714050293
27000,update,q_loss_cleanrl_logged,1.7445294857025146
27000,update,q_loss_cleanrl_logged_max,3.903573513031006
27000,update,q_loss_cleanrl_logged_mean,0.9164092255532742
27000,update,q_loss_cleanrl_logged_min,0.37302398681640625
27000,update,q_loss_max,7.807147026062012
27000,update,q_loss_mean,1.8328184511065484
27000,update,q_loss_min,0.7460479736328125
27000,update,q_param_norm,195.90443420410156
27000,update,q_param_norm_max,195.90443420410156
27000,update,q_param_norm_mean,193.69442527770997
27000,update,q_param_norm_min,191.4562530517578
27000,update,q_update_norm,0.04082309082150459
27000,update,q_update_norm_max,0.06596294790506363
27000,update,q_update_norm_mean,0.030496487936004995
27000,update,q_update_norm_min,0.017463229596614838
27000,update,q_update_norm_ratio,0.00029466387399109935
27000,update,q_update_norm_ratio_max,0.00047617853175589074
27000,update,q_update_norm_ratio_mean,0.0002225949694834395
27000,update,q_update_norm_ratio_min,0.00012728438058077102
27000,update,target_q_mean,-43.74395751953125
27000,update,target_q_mean_max,-31.384504318237305
27000,update,target_q_mean_mean,-42.2035608291626
27000,update,target_q_mean_min,-56.00337219238281
27200,train_episode,collapse,0.0
27200,train_episode,length,200.0
27200,train_episode,return,-117.3878912998096
27200,train_episode,success,1.0
27400,train_episode,collapse,0.0
27400,train_episode,length,200.0
27400,train_episode,return,-228.54532689595885
27400,train_episode,success,0.0
27600,train_episode,collapse,0.0
27600,train_episode,length,200.0
27600,train_episode,return,-112.9044686118736
27600,train_episode,success,1.0
27800,train_episode,collapse,0.0
27800,train_episode,length,200.0
27800,train_episode,return,-120.71986718578626
27800,train_episode,success,1.0
28000,train_episode,collapse,0.0
28000,train_episode,length,200.0
28000,train_episode,return,-236.15511319973638
28000,train_episode,success,0.0
28000,update,actor_grad_norm,1.012947678565979
28000,update,actor_grad_norm_max,5.351023197174072
28000,update,actor_grad_norm_mean,1.146406954228878
28000,update,actor_grad_norm_min,0.26680320501327515
28000,update,actor_loss,41.345462799072266
28000,update,actor_loss_max,51.897186279296875
28000,update,actor_loss_mean,40.175488655090334
28000,update,actor_loss_min,24.403701782226562
28000,update,actor_param_norm,34.64994430541992
28000,update,actor_param_norm_max,34.64994430541992
28000,update,actor_param_norm_mean,34.300039791107174
28000,update,actor_param_norm_min,33.96680450439453
28000,update,actor_update_norm,0.015324066393077374
28000,update,actor_update_norm_max,0.04044288396835327
28000,update,actor_update_norm_mean,0.017253142319619656
28000,update,actor_update_norm_min,0.009819450788199902
28000,update,actor_update_norm_ratio,0.0004422623759877138
28000,update,actor_update_norm_ratio_max,0.0011810170956775782
28000,update,actor_update_norm_ratio_mean,0.0005028703651287482
28000,update,actor_update_norm_ratio_min,0.00028557666628042705
28000,update,alpha,0.019887467846274376
28000,update,alpha_loss,0.003404494607821107
28000,update,alpha_loss_max,0.009996140375733376
28000,update,alpha_loss_mean,0.0004105038594279904
28000,update,alpha_loss_min,-0.012551707215607166
28000,update,alpha_max,0.023280827328562737
28000,update,alpha_mean,0.021833140352740883
28000,update,alpha_min,0.019679676741361618
28000,update,num_optimizer_updates,1000.0
28000,update,policy_entropy_estimate,-0.828883171081543
28000,update,policy_entropy_estimate_max,-0.5529230237007141
28000,update,policy_entropy_estimate_mean,-0.9809601567983627
28000,update,policy_entropy_estimate_min,-1.5484349727630615
28000,update,policy_log_prob_mean,0.828883171081543
28000,update,policy_log_prob_mean_max,1.5484349727630615
28000,update,policy_log_prob_mean_mean,0.9809601567983627
28000,update,policy_log_prob_mean_min,0.5529230237007141
28000,update,q1_loss,0.6799748539924622
28000,update,q1_loss_max,3.5470480918884277
28000,update,q1_loss_mean,0.8901411741375923
28000,update,q1_loss_min,0.2698464095592499
28000,update,q1_mean,-41.83561706542969
28000,update,q1_mean_max,-25.17934226989746
28000,update,q1_mean_mean,-41.361462097167966
28000,update,q1_mean_min,-54.574764251708984
28000,update,q2_loss,0.5627112984657288
28000,update,q2_loss_max,2.8502535820007324
28000,update,q2_loss_mean,0.8376589536964894
28000,update,q2_loss_min,0.3172888159751892
28000,update,q2_mean,-41.89925765991211
28000,update,q2_mean_max,-25.055362701416016
28000,update,q2_mean_mean,-41.36124444961548
28000,update,q2_mean_min,-54.473175048828125
28000,update,q_grad_norm,125.54559326171875
28000,update,q_grad_norm_max,470.3733825683594
28000,update,q_grad_norm_mean,151.31385362625122
28000,update,q_grad_norm_min,58.202247619628906
28000,update,q_loss,1.242686152458191
28000,update,q_loss_cleanrl_logged,0.6213430762290955
28000,update,q_loss_cleanrl_logged_max,2.8569207191467285
28000,update,q_loss_cleanrl_logged_mean,0.8639000633358955
28000,update,q_loss_cleanrl_logged_min,0.3732578754425049
28000,update,q_loss_max,5.713841438293457
28000,update,q_loss_mean,1.727800126671791
28000,update,q_loss_min,0.7465157508850098
28000,update,q_param_norm,200.0334930419922
28000,update,q_param_norm_max,200.0334930419922
28000,update,q_param_norm_mean,197.9796473236084
28000,update,q_param_norm_min,195.91351318359375
28000,update,q_update_norm,0.022005317732691765
28000,update,q_update_norm_max,0.06296034902334213
28000,update,q_update_norm_mean,0.0287779985666275
28000,update,q_update_norm_min,0.015788741409778595
28000,update,q_update_norm_ratio,0.00015555502254407862
28000,update,q_update_norm_ratio_max,0.00045443090302745275
28000,update,q_update_norm_ratio_mean,0.0002055874472527658
28000,update,q_update_norm_ratio_min,0.00011230988449710296
28000,update,target_q_mean,-41.71421432495117
28000,update,target_q_mean_max,-25.058774948120117
28000,update,target_q_mean_mean,-41.36133735656738
28000,update,target_q_mean_min,-54.43437194824219
28200,train_episode,collapse,0.0
28200,train_episode,length,200.0
28200,train_episode,return,-12.653200017468867
28200,train_episode,success,1.0
28400,train_episode,collapse,0.0
28400,train_episode,length,200.0
28400,train_episode,return,-244.5071603410206
28400,train_episode,success,0.0
28600,train_episode,collapse,0.0
28600,train_episode,length,200.0
28600,train_episode,return,-235.63831049253784
28600,train_episode,success,0.0
28800,train_episode,collapse,0.0
28800,train_episode,length,200.0
28800,train_episode,return,-120.47845125626502
28800,train_episode,success,1.0
29000,train_episode,collapse,0.0
29000,train_episode,length,200.0
29000,train_episode,return,-1.88968666960023
29000,train_episode,success,1.0
29000,update,actor_grad_norm,0.4302997887134552
29000,update,actor_grad_norm_max,3.629995822906494
29000,update,actor_grad_norm_mean,1.1004266995191574
29000,update,actor_grad_norm_min,0.2607775926589966
29000,update,actor_loss,36.426666259765625
29000,update,actor_loss_max,52.68099594116211
29000,update,actor_loss_mean,39.231066314697266
29000,update,actor_loss_min,27.314186096191406
29000,update,actor_param_norm,35.300270080566406
29000,update,actor_param_norm_max,35.300270080566406
29000,update,actor_param_norm_mean,34.97008198928833
29000,update,actor_param_norm_min,34.64994430541992
29000,update,actor_update_norm,0.012430987320840359
29000,update,actor_update_norm_max,0.04332368075847626
29000,update,actor_update_norm_mean,0.017362955866381525
29000,update,actor_update_norm_min,0.009835883975028992
29000,update,actor_update_norm_ratio,0.00035215315570876534
29000,update,actor_update_norm_ratio_max,0.001236860971422815
29000,update,actor_update_norm_ratio_mean,0.0004964326412490623
29000,update,actor_update_norm_ratio_min,0.0002838095786551236
29000,update,alpha,0.0154427420347929
29000,update,alpha_loss,0.001801074598915875
29000,update,alpha_loss_max,0.014681825414299965
29000,update,alpha_loss_mean,0.0009664732232922688
29000,update,alpha_loss_min,-0.009935819543898106
29000,update,alpha_max,0.020412063226103783
29000,update,alpha_mean,0.01872863531857729
29000,update,alpha_min,0.015315699391067028
29000,update,num_optimizer_updates,1000.0
29000,update,policy_entropy_estimate,-0.883358359336853
29000,update,policy_entropy_estimate_max,-0.2571518123149872
29000,update,policy_entropy_estimate_mean,-0.9454326978325844
29000,update,policy_entropy_estimate_min,-1.5056798458099365
29000,update,policy_log_prob_mean,0.883358359336853
29000,update,policy_log_prob_mean_max,1.5056798458099365
29000,update,policy_log_prob_mean_mean,0.9454326978325844
29000,update,policy_log_prob_mean_min,0.2571518123149872
29000,update,q1_loss,0.7417840957641602
29000,update,q1_loss_max,4.976078510284424
29000,update,q1_loss_mean,0.8990084147453308
29000,update,q1_loss_min,0.2792075574398041
29000,update,q1_mean,-37.26582336425781
29000,update,q1_mean_max,-27.56316375732422
29000,update,q1_mean_mean,-40.42148948097229
29000,update,q1_mean_min,-54.53882598876953
29000,update,q2_loss,0.5947101712226868
29000,update,q2_loss_max,5.505501747131348
29000,update,q2_loss_mean,0.8950161057710647
29000,update,q2_loss_min,0.29916417598724365
29000,update,q2_mean,-36.98745346069336
29000,update,q2_mean_max,-27.812862396240234
29000,update,q2_mean_mean,-40.421293741226194
29000,update,q2_mean_min,-54.587432861328125
29000,update,q_grad_norm,157.8743896484375
29000,update,q_grad_norm_max,619.3788452148438
29000,update,q_grad_norm_mean,154.73501830673217
29000,update,q_grad_norm_min,52.479244232177734
29000,update,q_loss,1.3364942073822021
29000,update,q_loss_cleanrl_logged,0.6682471036911011
29000,update,q_loss_cleanrl_logged_max,5.059666633605957
29000,update,q_loss_cleanrl_logged_mean,0.8970122602880001
29000,update,q_loss_cleanrl_logged_min,0.32592257857322693
29000,update,q_loss_max,10.119333267211914
29000,update,q_loss_mean,1.7940245205760001
29000,update,q_loss_min,0.6518451571464539
29000,update,q_param_norm,204.03942108154297
29000,update,q_param_norm_max,204.03942108154297
29000,update,q_param_norm_mean,202.0596392364502
29000,update,q_param_norm_min,200.0379409790039
29000,update,q_update_norm,0.02136687934398651
29000,update,q_update_norm_max,0.07776384055614471
29000,update,q_update_norm_mean,0.029756652113050223
29000,update,q_update_norm_min,0.017093181610107422
29000,update,q_update_norm_ratio,0.00014807708137922246
29000,update,q_update_norm_ratio_max,0.0005426615494842495
29000,update,q_update_norm_ratio_mean,0.00020832083786545558
29000,update,q_update_norm_ratio_min,0.00011858365406417976
29000,update,target_q_mean,-37.16594696044922
29000,update,target_q_mean_max,-27.757598876953125
29000,update,target_q_mean_mean,-40.421548414230344
29000,update,target_q_mean_min,-54.59992599487305
29200,train_episode,collapse,0.0
29200,train_episode,length,200.0
29200,train_episode,return,-124.746649891206
29200,train_episode,success,1.0
29400,train_episode,collapse,0.0
29400,train_episode,length,200.0
29400,train_episode,return,-0.630718413127563
29400,train_episode,success,1.0
29600,train_episode,collapse,0.0
29600,train_episode,length,200.0
29600,train_episode,return,-129.37455752585313
29600,train_episode,success,1.0
29800,train_episode,collapse,0.0
29800,train_episode,length,200.0
29800,train_episode,return,-238.53184901633549
29800,train_episode,success,0.0
30000,train_episode,collapse,0.0
30000,train_episode,length,200.0
30000,train_episode,return,-119.40857475483074
30000,train_episode,success,1.0
30000,update,actor_grad_norm,0.7495087385177612
30000,update,actor_grad_norm_max,5.928102016448975
30000,update,actor_grad_norm_mean,1.0738000711798668
30000,update,actor_grad_norm_min,0.24654358625411987
30000,update,actor_loss,34.95207595825195
30000,update,actor_loss_max,51.70395278930664
30000,update,actor_loss_mean,38.43309166717529
30000,update,actor_loss_min,26.444978713989258
30000,update,actor_param_norm,35.87998962402344
30000,update,actor_param_norm_max,35.87998962402344
30000,update,actor_param_norm_mean,35.572055152893064
30000,update,actor_param_norm_min,35.29857635498047
30000,update,actor_update_norm,0.014622381888329983
30000,update,actor_update_norm_max,0.033680543303489685
30000,update,actor_update_norm_mean,0.015981449153274298
30000,update,actor_update_norm_min,0.009754089638590813
30000,update,actor_update_norm_ratio,0.0004075434709104004
30000,update,actor_update_norm_ratio_max,0.0009437139085627653
30000,update,actor_update_norm_ratio_mean,0.00044927042826891793
30000,update,actor_update_norm_ratio_min,0.0002755888381077454
30000,update,alpha,0.013846653513610363
30000,update,alpha_loss,0.007090127561241388
30000,update,alpha_loss_max,0.009606304578483105
30000,update,alpha_loss_mean,0.0004046871870959876
30000,update,alpha_loss_min,-0.007758660241961479
30000,update,alpha_max,0.016168396919965744
30000,update,alpha_mean,0.014913677426986396
30000,update,alpha_min,0.013846653513610363
30000,update,num_optimizer_updates,1000.0
30000,update,policy_entropy_estimate,-0.488217830657959
30000,update,policy_entropy_estimate_max,-0.39052993059158325
30000,update,policy_entropy_estimate_mean,-0.9727559521198272
30000,update,policy_entropy_estimate_min,-1.4908078908920288
30000,update,policy_log_prob_mean,0.488217830657959
30000,update,policy_log_prob_mean_max,1.4908078908920288
30000,update,policy_log_prob_mean_mean,0.9727559521198272
30000,update,policy_log_prob_mean_min,0.39052993059158325
30000,update,q1_loss,0.6141221523284912
30000,update,q1_loss_max,6.1755146980285645
30000,update,q1_loss_mean,0.9101945407390595
30000,update,q1_loss_min,0.29765480756759644
30000,update,q1_mean,-35.20787811279297
30000,update,q1_mean_max,-24.647533416748047
30000,update,q1_mean_mean,-39.50816714859009
30000,update,q1_mean_min,-54.44317626953125
30000,update,q2_loss,0.6126021146774292
30000,update,q2_loss_max,5.571045398712158
30000,update,q2_loss_mean,0.8839447846114635
30000,update,q2_loss_min,0.32343971729278564
30000,update,q2_mean,-35.17123794555664
30000,update,q2_mean_max,-25.270933151245117
30000,update,q2_mean_mean,-39.50794771003723
30000,update,q2_mean_min,-54.577735900878906
30000,update,q_grad_norm,110.90064239501953
30000,update,q_grad_norm_max,418.4669189453125
30000,update,q_grad_norm_mean,167.0521530609131
30000,update,q_grad_norm_min,44.58757019042969
30000,update,q_loss,1.2267242670059204
30000,update,q_loss_cleanrl_logged,0.6133621335029602
30000,update,q_loss_cleanrl_logged_max,5.873280048370361
30000,update,q_loss_cleanrl_logged_mean,0.8970696625113487
30000,update,q_loss_cleanrl_logged_min,0.3540242314338684
30000,update,q_loss_max,11.746560096740723
30000,update,q_loss_mean,1.7941393250226974
30000,update,q_loss_min,0.7080484628677368
30000,update,q_param_norm,207.88316345214844
30000,update,q_param_norm_max,207.88316345214844
30000,update,q_param_norm_mean,205.97280097198487
30000,update,q_param_norm_min,204.04283905029297
30000,update,q_update_norm,0.030131138861179352
30000,update,q_update_norm_max,0.05669158697128296
30000,update,q_update_norm_mean,0.03124815687723458
30000,update,q_update_norm_min,0.016068287193775177
30000,update,q_update_norm_ratio,0.00020495573537960117
30000,update,q_update_norm_ratio_max,0.00039055429077938884
30000,update,q_update_norm_ratio_mean,0.00021454729839702453
30000,update,q_update_norm_ratio_min,0.0001109825502960708
30000,update,target_q_mean,-35.34088134765625
30000,update,target_q_mean_max,-24.624217987060547
30000,update,target_q_mean_mean,-39.50797966766358
30000,update,target_q_mean_min,-54.281707763671875
30000,replay,action_abs_max,1.9999988079071045
30000,replay,action_abs_mean,1.000266194343567
30000,replay,action_saturation_fraction,0.07586666666666667
30000,replay,capacity,100000.0
30000,replay,done_fraction,0.0
30000,replay,fill_fraction,0.3
30000,replay,near_upright_any_transition_fraction,0.6486333333333333
30000,replay,near_upright_next_obs_fraction,0.6482
30000,replay,near_upright_obs_fraction,0.6449333333333334
30000,replay,reward_max,-1.0757337349787122e-06
30000,replay,reward_mean,-2.0535061359405518
30000,replay,reward_min,-16.252336502075195
30000,replay,reward_std,3.5180115699768066
30000,replay,sample_count_max,546.0
30000,replay,sample_count_mean,213.33333333333334
30000,replay,size,30000.0
30000,replay,transition_age_max,29999.0
30000,replay,transition_age_mean,14999.5
30000,diagnostics,actor_layer0_activation_abs_max,4.4855804443359375
30000,diagnostics,actor_layer0_activation_abs_mean,0.2322838455438614
30000,diagnostics,actor_layer0_dormant_fraction,0.04296875
30000,diagnostics,actor_layer0_effective_rank_fraction,0.05496911704540253
30000,diagnostics,actor_layer1_activation_abs_max,5.250576496124268
30000,diagnostics,actor_layer1_activation_abs_mean,0.10555684566497803
30000,diagnostics,actor_layer1_dormant_fraction,0.35546875
30000,diagnostics,actor_layer1_effective_rank_fraction,0.14608821272850037
30000,diagnostics,actor_param_norm,35.87998962402344
30000,diagnostics,alpha,0.013846653513610363
30000,diagnostics,q1_layer0_activation_abs_max,7.149381637573242
30000,diagnostics,q1_layer0_activation_abs_mean,0.4164620041847229
30000,diagnostics,q1_layer0_dormant_fraction,0.01171875
30000,diagnostics,q1_layer0_effective_rank_fraction,0.07187925279140472
30000,diagnostics,q1_layer1_activation_abs_max,35.13149642944336
30000,diagnostics,q1_layer1_activation_abs_mean,2.1814687252044678
30000,diagnostics,q1_layer1_dormant_fraction,0.40625
30000,diagnostics,q1_layer1_effective_rank_fraction,0.07253844290971756
30000,diagnostics,q1_param_norm,105.6893539428711
30000,diagnostics,q2_layer0_activation_abs_max,6.5379414558410645
30000,diagnostics,q2_layer0_activation_abs_mean,0.3845776915550232
30000,diagnostics,q2_layer0_dormant_fraction,0.01953125
30000,diagnostics,q2_layer0_effective_rank_fraction,0.06765027344226837
30000,diagnostics,q2_layer1_activation_abs_max,28.32286834716797
30000,diagnostics,q2_layer1_activation_abs_mean,2.0803234577178955
30000,diagnostics,q2_layer1_dormant_fraction,0.453125
30000,diagnostics,q2_layer1_effective_rank_fraction,0.07009069621562958
30000,diagnostics,q2_param_norm,102.19380950927734
30000,eval,best_return,-0.21609003191704013
30000,eval,collapse_rate,0.0
30000,eval,failure_rate,0.6
30000,eval,fraction_return_ge_-100,0.2
30000,eval,fraction_return_ge_-150,0.4
30000,eval,fraction_return_ge_-200,0.4
30000,eval,fraction_return_ge_-250,0.8
30000,eval,max_not_near_upright_streak,61.0
30000,eval,mean_episode_length,200.0
30000,eval,mean_min_step_reward,-10.485394284697152
30000,eval,mean_return,-168.82513109317333
30000,eval,median_return,-227.2285681072287
30000,eval,near_upright_fraction,0.8405000000000001
30000,eval,num_collapses,0.0
30000,eval,num_eval_episodes,10.0
30000,eval,num_strict_successes,4.0
30000,eval,num_successes,4.0
30000,eval,return_failure_rate,0.6
30000,eval,return_p05,-252.8293742531713
30000,eval,return_p10,-251.23358296653987
30000,eval,return_p25,-242.6808652707655
30000,eval,return_p75,-120.34451567102398
30000,eval,return_p90,-0.24690665602017495
30000,eval,return_p95,-0.23149834396860758
30000,eval,return_reliability_nines_empirical,0.22184874961635637
30000,eval,return_reliability_nines_wilson95_low,0.07997081395541751
30000,eval,return_success_rate,0.4
30000,eval,stability_success_rate,0.6
30000,eval,std_return,96.48117591144587
30000,eval,streak_success_rate,0.9
30000,eval,strict_failure_rate,0.6
30000,eval,strict_reliability_nines_empirical,0.22184874961635637
30000,eval,strict_reliability_nines_wilson95_low,0.07997081395541751
30000,eval,strict_success_rate,0.4
30000,eval,strict_success_rate_wilson95_high,0.6873262302663417
30000,eval,strict_success_rate_wilson95_low,0.16818032970623614
30000,eval,success_rate,0.4
30000,eval,success_rate_wilson95_high,0.6873262302663417
30000,eval,success_rate_wilson95_low,0.16818032970623614
30000,eval,worst_episode_near_upright_fraction,0.695
30000,eval,worst_min_step_reward,-15.280095380980933
30000,eval,worst_return,-254.4251655398027
30200,train_episode,collapse,0.0
30200,train_episode,length,200.0
30200,train_episode,return,-225.49256363703321
30200,train_episode,success,0.0
30400,train_episode,collapse,0.0
30400,train_episode,length,200.0
30400,train_episode,return,-246.7215154606158
30400,train_episode,success,0.0
30600,train_episode,collapse,0.0
30600,train_episode,length,200.0
30600,train_episode,return,-126.21723484017714
30600,train_episode,success,1.0
30800,train_episode,collapse,0.0
30800,train_episode,length,200.0
30800,train_episode,return,-1.4000482583313734
30800,train_episode,success,1.0
31000,train_episode,collapse,0.0
31000,train_episode,length,200.0
31000,train_episode,return,-316.57531158580946
31000,train_episode,success,0.0
31000,update,actor_grad_norm,2.5234181880950928
31000,update,actor_grad_norm_max,3.9482223987579346
31000,update,actor_grad_norm_mean,1.0141321894228459
31000,update,actor_grad_norm_min,0.18080919981002808
31000,update,actor_loss,39.406700134277344
31000,update,actor_loss_max,53.94599914550781
31000,update,actor_loss_mean,37.920769161224364
31000,update,actor_loss_min,23.69949722290039
31000,update,actor_param_norm,36.463199615478516
31000,update,actor_param_norm_max,36.46443557739258
31000,update,actor_param_norm_mean,36.16645107650757
31000,update,actor_param_norm_min,35.87998962402344
31000,update,actor_update_norm,0.017408296465873718
31000,update,actor_update_norm_max,0.04372202605009079
31000,update,actor_update_norm_mean,0.01679148849286139
31000,update,actor_update_norm_min,0.008735893294215202
31000,update,actor_update_norm_ratio,0.0004774235764613843
31000,update,actor_update_norm_ratio_max,0.0011990342833757806
31000,update,actor_update_norm_ratio_mean,0.00046425905903349827
31000,update,actor_update_norm_ratio_min,0.00024030119855831056
31000,update,alpha,0.012820785865187645
31000,update,alpha_loss,-0.010156679898500443
31000,update,alpha_loss_max,0.006835885811597109
31000,update,alpha_loss_mean,0.0001763895901676733
31000,update,alpha_loss_min,-0.010156679898500443
31000,update,alpha_max,0.014172502793371677
31000,update,alpha_mean,0.013540043867193163
31000,update,alpha_min,0.012772105634212494
31000,update,num_optimizer_updates,1000.0
31000,update,policy_entropy_estimate,-1.7931268215179443
31000,update,policy_entropy_estimate_max,-0.47552061080932617
31000,update,policy_entropy_estimate_mean,-0.9871309915781021
31000,update,policy_entropy_estimate_min,-1.7931268215179443
31000,update,policy_log_prob_mean,1.7931268215179443
31000,update,policy_log_prob_mean_max,1.7931268215179443
31000,update,policy_log_prob_mean_mean,0.9871309915781021
31000,update,policy_log_prob_mean_min,0.47552061080932617
31000,update,q1_loss,1.9248460531234741
31000,update,q1_loss_max,8.371922492980957
31000,update,q1_loss_mean,0.8499619914591312
31000,update,q1_loss_min,0.25046733021736145
31000,update,q1_mean,-40.816471099853516
31000,update,q1_mean_max,-24.244651794433594
31000,update,q1_mean_mean,-38.926752311706544
31000,update,q1_mean_min,-55.46876525878906
31000,update,q2_loss,3.0578794479370117
31000,update,q2_loss_max,9.214289665222168
31000,update,q2_loss_mean,0.8414818381518125
31000,update,q2_loss_min,0.21923618018627167
31000,update,q2_mean,-40.74559020996094
31000,update,q2_mean_max,-24.294692993164062
31000,update,q2_mean_mean,-38.9266467628479
31000,update,q2_mean_min,-55.73160171508789
31000,update,q_grad_norm,218.43539428710938
31000,update,q_grad_norm_max,515.5199584960938
31000,update,q_grad_norm_mean,153.36146773529052
31000,update,q_grad_norm_min,49.543357849121094
31000,update,q_loss,4.982725620269775
31000,update,q_loss_cleanrl_logged,2.4913628101348877
31000,update,q_loss_cleanrl_logged_max,8.793106079101562
31000,update,q_loss_cleanrl_logged_mean,0.8457219150364399
31000,update,q_loss_cleanrl_logged_min,0.31432580947875977
31000,update,q_loss_max,17.586212158203125
31000,update,q_loss_mean,1.6914438300728798
31000,update,q_loss_min,0.6286516189575195
31000,update,q_param_norm,211.5079345703125
31000,update,q_param_norm_max,211.5079345703125
31000,update,q_param_norm_mean,209.78214476776122
31000,update,q_param_norm_min,207.88868713378906
31000,update,q_update_norm,0.04751446098089218
31000,update,q_update_norm_max,0.06804494559764862
31000,update,q_update_norm_mean,0.02972450162936002
31000,update,q_update_norm_min,0.015319517813622952
31000,update,q_update_norm_ratio,0.0003176649723533255
31000,update,q_update_norm_ratio_max,0.00046068053366121514
31000,update,q_update_norm_ratio_mean,0.00020033418385274557
31000,update,q_update_norm_ratio_min,0.0001026725272410894
31000,update,target_q_mean,-40.95111083984375
31000,update,target_q_mean_max,-24.332368850708008
31000,update,target_q_mean_mean,-38.926808387756346
31000,update,target_q_mean_min,-55.6533317565918
31200,train_episode,collapse,0.0
31200,train_episode,length,200.0
31200,train_episode,return,-116.46405258690893
31200,train_episode,success,1.0
31400,train_episode,collapse,0.0
31400,train_episode,length,200.0
31400,train_episode,return,-117.23822560322037
31400,train_episode,success,1.0
31600,train_episode,collapse,0.0
31600,train_episode,length,200.0
31600,train_episode,return,-3.383961107148239
31600,train_episode,success,1.0
31800,train_episode,collapse,0.0
31800,train_episode,length,200.0
31800,train_episode,return,-118.86513172042933
31800,train_episode,success,1.0
32000,train_episode,collapse,0.0
32000,train_episode,length,200.0
32000,train_episode,return,-119.29322435980585
32000,train_episode,success,1.0
32000,update,actor_grad_norm,1.2569236755371094
32000,update,actor_grad_norm_max,4.425782203674316
32000,update,actor_grad_norm_mean,0.9944863148033619
32000,update,actor_grad_norm_min,0.20136472582817078
32000,update,actor_loss,32.27169418334961
32000,update,actor_loss_max,50.93531036376953
32000,update,actor_loss_mean,36.89914562606811
32000,update,actor_loss_min,25.473224639892578
32000,update,actor_param_norm,37.045204162597656
32000,update,actor_param_norm_max,37.045204162597656
32000,update,actor_param_norm_mean,36.76491715621948
32000,update,actor_param_norm_min,36.463199615478516
32000,update,actor_update_norm,0.021308697760105133
32000,update,actor_update_norm_max,0.041598524898290634
32000,update,actor_update_norm_mean,0.01615096633695066
32000,update,actor_update_norm_min,0.008117511868476868
32000,update,actor_update_norm_ratio,0.0005752097167518489
32000,update,actor_update_norm_ratio_max,0.0011382674569517348
32000,update,actor_update_norm_ratio_mean,0.0004392941903531841
32000,update,actor_update_norm_ratio_min,0.00022225617037052356
32000,update,alpha,0.011178883723914623
32000,update,alpha_loss,-0.0028108726255595684
32000,update,alpha_loss_max,0.006067948881536722
32000,update,alpha_loss_mean,0.00035375161256524736
32000,update,alpha_loss_min,-0.008820966817438602
32000,update,alpha_max,0.01311701349914074
32000,update,alpha_mean,0.011571172605268657
32000,update,alpha_min,0.01047817524522543
32000,update,num_optimizer_updates,1000.0
32000,update,policy_entropy_estimate,-1.2517412900924683
32000,update,policy_entropy_estimate_max,-0.4757001996040344
32000,update,policy_entropy_estimate_mean,-0.9715374484062195
32000,update,policy_entropy_estimate_min,-1.7196907997131348
32000,update,policy_log_prob_mean,1.2517412900924683
32000,update,policy_log_prob_mean_max,1.7196907997131348
32000,update,policy_log_prob_mean_mean,0.9715374484062195
32000,update,policy_log_prob_mean_min,0.4757001996040344
32000,update,q1_loss,0.5214426517486572
32000,update,q1_loss_max,3.3514163494110107
32000,update,q1_loss_mean,0.8878593568205834
32000,update,q1_loss_min,0.2706184685230255
32000,update,q1_mean,-33.30249786376953
32000,update,q1_mean_max,-26.516420364379883
32000,update,q1_mean_mean,-37.83798153877258
32000,update,q1_mean_min,-52.4473991394043
32000,update,q2_loss,0.6697941422462463
32000,update,q2_loss_max,4.583436965942383
32000,update,q2_loss_mean,0.8989859584271908
32000,update,q2_loss_min,0.3302440643310547
32000,update,q2_mean,-33.48008728027344
32000,update,q2_mean_max,-26.36795997619629
32000,update,q2_mean_mean,-37.83780462837219
32000,update,q2_mean_min,-52.71794128417969
32000,update,q_grad_norm,165.62823486328125
32000,update,q_grad_norm_max,474.04766845703125
32000,update,q_grad_norm_mean,167.56001708602906
32000,update,q_grad_norm_min,49.53984451293945
32000,update,q_loss,1.1912367343902588
32000,update,q_loss_cleanrl_logged,0.5956183671951294
32000,update,q_loss_cleanrl_logged_max,3.756037950515747
32000,update,q_loss_cleanrl_logged_mean,0.8934226589500904
32000,update,q_loss_cleanrl_logged_min,0.33883634209632874
32000,update,q_loss_max,7.512075901031494
32000,update,q_loss_mean,1.7868453179001809
32000,update,q_loss_min,0.6776726841926575
32000,update,q_param_norm,215.22825622558594
32000,update,q_param_norm_max,215.22834014892578
32000,update,q_param_norm_mean,213.42395936584472
32000,update,q_param_norm_min,211.51182556152344
32000,update,q_update_norm,0.02989017590880394
32000,update,q_update_norm_max,0.060983505100011826
32000,update,q_update_norm_mean,0.03125655162520707
32000,update,q_update_norm_min,0.01534835435450077
32000,update,q_update_norm_ratio,0.00019637617307556105
32000,update,q_update_norm_ratio_max,0.00040605520365466345
32000,update,q_update_norm_ratio_mean,0.00020708732987551414
32000,update,q_update_norm_ratio_min,0.0001019240866127023
32000,update,target_q_mean,-33.68915557861328
32000,update,target_q_mean_max,-26.21662712097168
32000,update,target_q_mean_mean,-37.837770402908326
32000,update,target_q_mean_min,-52.19218444824219
32200,train_episode,collapse,0.0
32200,train_episode,length,200.0
32200,train_episode,return,-3.279960466877919
32200,train_episode,success,1.0
32400,train_episode,collapse,0.0
32400,train_episode,length,200.0
32400,train_episode,return,-233.7014436387862
32400,train_episode,success,0.0
32600,train_episode,collapse,0.0
32600,train_episode,length,200.0
32600,train_episode,return,-119.6826102479163
32600,train_episode,success,1.0
32800,train_episode,collapse,0.0
32800,train_episode,length,200.0
32800,train_episode,return,-119.07952519144091
32800,train_episode,success,1.0
33000,train_episode,collapse,0.0
33000,train_episode,length,200.0
33000,train_episode,return,-124.53856873778236
33000,train_episode,success,1.0
33000,update,actor_grad_norm,0.7677819728851318
33000,update,actor_grad_norm_max,6.692389011383057
33000,update,actor_grad_norm_mean,0.9788033958375454
33000,update,actor_grad_norm_min,0.212175652384758
33000,update,actor_loss,33.794105529785156
33000,update,actor_loss_max,48.266197204589844
33000,update,actor_loss_mean,35.90766026306152
33000,update,actor_loss_min,23.229766845703125
33000,update,actor_param_norm,37.68570327758789
33000,update,actor_param_norm_max,37.68570327758789
33000,update,actor_param_norm_mean,37.34958683395386
33000,update,actor_param_norm_min,37.045204162597656
33000,update,actor_update_norm,0.011833650059998035
33000,update,actor_update_norm_max,0.0315745584666729
33000,update,actor_update_norm_mean,0.01670906475558877
33000,update,actor_update_norm_min,0.010022221133112907
33000,update,actor_update_norm_ratio,0.0003140107497771668
33000,update,actor_update_norm_ratio_max,0.0008406470079564119
33000,update,actor_update_norm_ratio_mean,0.00044731365085078664
33000,update,actor_update_norm_ratio_min,0.0002683861330920673
33000,update,alpha,0.01125017087906599
33000,update,alpha_loss,0.0031109186820685863
33000,update,alpha_loss_max,0.007384824566543102
33000,update,alpha_loss_mean,-1.718370709568262e-06
33000,update,alpha_loss_min,-0.007217936683446169
33000,update,alpha_max,0.011915162205696106
33000,update,alpha_mean,0.011474212564527988
33000,update,alpha_min,0.010969195514917374
33000,update,num_optimizer_updates,1000.0
33000,update,policy_entropy_estimate,-0.7236908674240112
33000,update,policy_entropy_estimate_max,-0.3674614429473877
33000,update,policy_entropy_estimate_mean,-1.0006446899175645
33000,update,policy_entropy_estimate_min,-1.6537680625915527
33000,update,policy_log_prob_mean,0.7236908674240112
33000,update,policy_log_prob_mean_max,1.6537680625915527
33000,update,policy_log_prob_mean_mean,1.0006446899175645
33000,update,policy_log_prob_mean_min,0.3674614429473877
33000,update,q1_loss,0.7635480165481567
33000,update,q1_loss_max,4.879088401794434
33000,update,q1_loss_mean,0.8818634940683842
33000,update,q1_loss_min,0.23751911520957947
33000,update,q1_mean,-35.79142761230469
33000,update,q1_mean_max,-23.257247924804688
33000,update,q1_mean_mean,-36.97388565444946
33000,update,q1_mean_min,-51.97020721435547
33000,update,q2_loss,0.5128593444824219
33000,update,q2_loss_max,5.173406600952148
33000,update,q2_loss_mean,0.8833078075945378
33000,update,q2_loss_min,0.21081674098968506
33000,update,q2_mean,-35.747283935546875
33000,update,q2_mean_max,-23.615489959716797
33000,update,q2_mean_mean,-36.973110927581786
33000,update,q2_mean_min,-51.91229248046875
33000,update,q_grad_norm,104.83209228515625
33000,update,q_grad_norm_max,557.1085815429688
33000,update,q_grad_norm_mean,164.14570919799806
33000,update,q_grad_norm_min,48.610801696777344
33000,update,q_loss,1.2764073610305786
33000,update,q_loss_cleanrl_logged,0.6382036805152893
33000,update,q_loss_cleanrl_logged_max,4.876156330108643
33000,update,q_loss_cleanrl_logged_mean,0.8825856526196003
33000,update,q_loss_cleanrl_logged_min,0.2672441601753235
33000,update,q_loss_max,9.752312660217285
33000,update,q_loss_mean,1.7651713052392006
33000,update,q_loss_min,0.534488320350647
33000,update,q_param_norm,218.92321014404297
33000,update,q_param_norm_max,218.92321014404297
33000,update,q_param_norm_mean,217.0728796234131
33000,update,q_param_norm_min,215.2293243408203
33000,update,q_update_norm,0.02595502696931362
33000,update,q_update_norm_max,0.08489377051591873
33000,update,q_update_norm_mean,0.030673671413213015
33000,update,q_update_norm_min,0.01801983453333378
33000,update,q_update_norm_ratio,0.00016764758876224766
33000,update,q_update_norm_ratio_max,0.0005562137527216602
33000,update,q_update_norm_ratio_mean,0.00019979221636609007
33000,update,q_update_norm_ratio_min,0.000117554951748238
33000,update,target_q_mean,-35.744041442871094
33000,update,target_q_mean_max,-23.638273239135742
33000,update,target_q_mean_mean,-36.97344953727722
33000,update,target_q_mean_min,-51.9671745300293
33200,train_episode,collapse,0.0
33200,train_episode,length,200.0
33200,train_episode,return,-243.6105713924824
33200,train_episode,success,0.0
33400,train_episode,collapse,0.0
33400,train_episode,length,200.0
33400,train_episode,return,-0.5784075885826495
33400,train_episode,success,1.0
33600,train_episode,collapse,0.0
33600,train_episode,length,200.0
33600,train_episode,return,-123.15107869981321
33600,train_episode,success,1.0
33800,train_episode,collapse,0.0
33800,train_episode,length,200.0
33800,train_episode,return,-116.32043478088622
33800,train_episode,success,1.0
34000,train_episode,collapse,0.0
34000,train_episode,length,200.0
34000,train_episode,return,-116.7365411151491
34000,train_episode,success,1.0
34000,update,actor_grad_norm,0.7469817399978638
34000,update,actor_grad_norm_max,5.006248950958252
34000,update,actor_grad_norm_mean,0.9841788456439972
34000,update,actor_grad_norm_min,0.1692887842655182
34000,update,actor_loss,35.77035140991211
34000,update,actor_loss_max,47.69007110595703
34000,update,actor_loss_mean,35.00035148239136
34000,update,actor_loss_min,25.419504165649414
34000,update,actor_param_norm,38.20238494873047
34000,update,actor_param_norm_max,38.20238494873047
34000,update,actor_param_norm_mean,37.93764636611939
34000,update,actor_param_norm_min,37.68570327758789
34000,update,actor_update_norm,0.01380423828959465
34000,update,actor_update_norm_max,0.04546758532524109
34000,update,actor_update_norm_mean,0.016487392416223885
34000,update,actor_update_norm_min,0.00876401923596859
34000,update,actor_update_norm_ratio,0.00036135114079125825
34000,update,actor_update_norm_ratio_max,0.0011983314010550175
34000,update,actor_update_norm_ratio_mean,0.0004345883534240549
34000,update,actor_update_norm_ratio_min,0.0002325481057795076
34000,update,alpha,0.010446526110172272
34000,update,alpha_loss,-0.00048259191680699587
34000,update,alpha_loss_max,0.007018743548542261
34000,update,alpha_loss_mean,0.00018574046505091246
34000,update,alpha_loss_min,-0.007045785430818796
34000,update,alpha_max,0.011529368348419666
34000,update,alpha_mean,0.010955360918305814
34000,update,alpha_min,0.010384514927864075
34000,update,num_optimizer_updates,1000.0
34000,update,policy_entropy_estimate,-1.046188473701477
34000,update,policy_entropy_estimate_max,-0.3574618995189667
34000,update,policy_entropy_estimate_mean,-0.9832680047750473
34000,update,policy_entropy_estimate_min,-1.6508564949035645
34000,update,policy_log_prob_mean,1.046188473701477
34000,update,policy_log_prob_mean_max,1.6508564949035645
34000,update,policy_log_prob_mean_mean,0.9832680047750473
34000,update,policy_log_prob_mean_min,0.3574618995189667
34000,update,q1_loss,1.6989874839782715
34000,update,q1_loss_max,3.079019546508789
34000,update,q1_loss_mean,0.7668797946870327
34000,update,q1_loss_min,0.2059083878993988
34000,update,q1_mean,-36.52824401855469
34000,update,q1_mean_max,-24.058326721191406
34000,update,q1_mean_mean,-36.06339278030396
34000,update,q1_mean_min,-49.23712158203125
34000,update,q2_loss,0.7881284952163696
34000,update,q2_loss_max,2.8065714836120605
34000,update,q2_loss_mean,0.7377116370201111
34000,update,q2_loss_min,0.2284354865550995
34000,update,q2_mean,-36.96405792236328
34000,update,q2_mean_max,-23.94084358215332
34000,update,q2_mean_mean,-36.06374132347107
34000,update,q2_mean_min,-49.475074768066406
34000,update,q_grad_norm,190.4907684326172
34000,update,q_grad_norm_max,415.18365478515625
34000,update,q_grad_norm_mean,144.27172758102418
34000,update,q_grad_norm_min,51.290069580078125
34000,update,q_loss,2.4871158599853516
34000,update,q_loss_cleanrl_logged,1.2435579299926758
34000,update,q_loss_cleanrl_logged_max,2.5414822101593018
34000,update,q_loss_cleanrl_logged_mean,0.7522957158386707
34000,update,q_loss_cleanrl_logged_min,0.2653459906578064
34000,update,q_loss_max,5.0829644203186035
34000,update,q_loss_mean,1.5045914316773414
34000,update,q_loss_min,0.5306919813156128
34000,update,q_param_norm,222.3873519897461
34000,update,q_param_norm_max,222.3873519897461
34000,update,q_param_norm_mean,220.63649396514893
34000,update,q_param_norm_min,218.92796325683594
34000,update,q_update_norm,0.04163380339741707
34000,update,q_update_norm_max,0.05677700787782669
34000,update,q_update_norm_mean,0.028291969887912275
34000,update,q_update_norm_min,0.01661466807126999
34000,update,q_update_norm_ratio,0.00026472960155333737
34000,update,q_update_norm_ratio_max,0.0003635458542215695
34000,update,q_update_norm_ratio_mean,0.0001812681242868539
34000,update,q_update_norm_ratio_min,0.00010618139543933735
34000,update,target_q_mean,-37.14410400390625
34000,update,target_q_mean_max,-23.967859268188477
34000,update,target_q_mean_mean,-36.06381549835205
34000,update,target_q_mean_min,-49.52928924560547
34200,train_episode,collapse,0.0
34200,train_episode,length,200.0
34200,train_episode,return,-385.78347561416894
34200,train_episode,success,0.0
34400,train_episode,collapse,0.0
34400,train_episode,length,200.0
34400,train_episode,return,-117.35357585306767
34400,train_episode,success,1.0
34600,train_episode,collapse,0.0
34600,train_episode,length,200.0
34600,train_episode,return,-127.78156978664877
34600,train_episode,success,1.0
34800,train_episode,collapse,0.0
34800,train_episode,length,200.0
34800,train_episode,return,-117.54687679856927
34800,train_episode,success,1.0
35000,train_episode,collapse,0.0
35000,train_episode,length,200.0
35000,train_episode,return,-131.40248430122392
35000,train_episode,success,1.0
35000,update,actor_grad_norm,2.478084087371826
35000,update,actor_grad_norm_max,5.9917521476745605
35000,update,actor_grad_norm_mean,1.0418803653717041
35000,update,actor_grad_norm_min,0.2574199140071869
35000,update,actor_loss,24.880413055419922
35000,update,actor_loss_max,47.187381744384766
35000,update,actor_loss_mean,34.61713856124878
35000,update,actor_loss_min,24.739742279052734
35000,update,actor_param_norm,38.81304168701172
35000,update,actor_param_norm_max,38.821048736572266
35000,update,actor_param_norm_mean,38.518564636230465
35000,update,actor_param_norm_min,38.20238494873047
35000,update,actor_update_norm,0.018501050770282745
35000,update,actor_update_norm_max,0.047542937099933624
35000,update,actor_update_norm_mean,0.016800869259983302
35000,update,actor_update_norm_min,0.009196463972330093
35000,update,actor_update_norm_ratio,0.000476665502650539
35000,update,actor_update_norm_ratio_max,0.0012350908694183126
35000,update,actor_update_norm_ratio_mean,0.000436236538704473
35000,update,actor_update_norm_ratio_min,0.0002393495987120403
35000,update,alpha,0.011205926537513733
35000,update,alpha_loss,0.001974031561985612
35000,update,alpha_loss_max,0.005329434759914875
35000,update,alpha_loss_mean,-0.00014785801600373816
35000,update,alpha_loss_min,-0.00847180187702179
35000,update,alpha_max,0.012032137252390385
35000,update,alpha_mean,0.010933869490399957
35000,update,alpha_min,0.009931555949151516
35000,update,num_optimizer_updates,1000.0
35000,update,policy_entropy_estimate,-0.823883056640625
35000,update,policy_entropy_estimate_max,-0.5111615657806396
35000,update,policy_entropy_estimate_mean,-1.01466175031662
35000,update,policy_entropy_estimate_min,-1.776160717010498
35000,update,policy_log_prob_mean,0.823883056640625
35000,update,policy_log_prob_mean_max,1.776160717010498
35000,update,policy_log_prob_mean_mean,1.01466175031662
35000,update,policy_log_prob_mean_min,0.5111615657806396
35000,update,q1_loss,0.6292358040809631
35000,update,q1_loss_max,7.344575881958008
35000,update,q1_loss_mean,0.8483732259571553
35000,update,q1_loss_min,0.19609951972961426
35000,update,q1_mean,-24.93854522705078
35000,update,q1_mean_max,-23.99786376953125
35000,update,q1_mean_mean,-35.585622604370116
35000,update,q1_mean_min,-49.97257995605469
35000,update,q2_loss,1.0981733798980713
35000,update,q2_loss_max,6.258151531219482
35000,update,q2_loss_mean,0.837705905854702
35000,update,q2_loss_min,0.26810309290885925
35000,update,q2_mean,-24.51497459411621
35000,update,q2_mean_max,-24.025127410888672
35000,update,q2_mean_mean,-35.58480351448059
35000,update,q2_mean_min,-49.57887268066406
35000,update,q_grad_norm,176.7972412109375
35000,update,q_grad_norm_max,516.60302734375
35000,update,q_grad_norm_mean,161.74342196655275
35000,update,q_grad_norm_min,53.097129821777344
35000,update,q_loss,1.7274091243743896
35000,update,q_loss_cleanrl_logged,0.8637045621871948
35000,update,q_loss_cleanrl_logged_max,6.332791328430176
35000,update,q_loss_cleanrl_logged_mean,0.8430395666360855
35000,update,q_loss_cleanrl_logged_min,0.2613111436367035
35000,update,q_loss_max,12.665582656860352
35000,update,q_loss_mean,1.686079133272171
35000,update,q_loss_min,0.522622287273407
35000,update,q_param_norm,225.91724395751953
35000,update,q_param_norm_max,225.91724395751953
35000,update,q_param_norm_mean,224.1230823135376
35000,update,q_param_norm_min,222.39097595214844
35000,update,q_update_norm,0.03857653588056564
35000,update,q_update_norm_max,0.0765056163072586
35000,update,q_update_norm_mean,0.031254021713510154
35000,update,q_update_norm_min,0.01658150926232338
35000,update,q_update_norm_ratio,0.00024145584693657446
35000,update,q_update_norm_ratio_max,0.0004845352643512203
35000,update,q_update_norm_ratio_mean,0.00019720987352118518
35000,update,q_update_norm_ratio_min,0.00010433441282495957
35000,update,target_q_mean,-24.859474182128906
35000,update,target_q_mean_max,-23.73636817932129
35000,update,target_q_mean_mean,-35.58522770118714
35000,update,target_q_mean_min,-49.6580810546875
35000,replay,action_abs_max,1.9999988079071045
35000,replay,action_abs_mean,0.9637300372123718
35000,replay,action_saturation_fraction,0.07565714285714285
35000,replay,capacity,100000.0
35000,replay,done_fraction,0.0
35000,replay,fill_fraction,0.35
35000,replay,near_upright_any_transition_fraction,0.6788571428571428
35000,replay,near_upright_next_obs_fraction,0.6784571428571429
35000,replay,near_upright_obs_fraction,0.675
35000,replay,reward_max,-1.0757337349787122e-06
35000,replay,reward_mean,-1.85935378074646
35000,replay,reward_min,-16.252336502075195
35000,replay,reward_std,3.401679754257202
35000,replay,sample_count_max,590.0
35000,replay,sample_count_mean,219.42857142857142
35000,replay,size,35000.0
35000,replay,transition_age_max,34999.0
35000,replay,transition_age_mean,17499.5
35000,diagnostics,actor_layer0_activation_abs_max,4.076343059539795
35000,diagnostics,actor_layer0_activation_abs_mean,0.20928403735160828
35000,diagnostics,actor_layer0_dormant_fraction,0.0390625
35000,diagnostics,actor_layer0_effective_rank_fraction,0.05235353112220764
35000,diagnostics,actor_layer1_activation_abs_max,6.853704452514648
35000,diagnostics,actor_layer1_activation_abs_mean,0.08862292766571045
35000,diagnostics,actor_layer1_dormant_fraction,0.3828125
35000,diagnostics,actor_layer1_effective_rank_fraction,0.12795522809028625
35000,diagnostics,actor_param_norm,38.81304168701172
35000,diagnostics,alpha,0.011205926537513733
35000,diagnostics,q1_layer0_activation_abs_max,6.7088422775268555
35000,diagnostics,q1_layer0_activation_abs_mean,0.4097922444343567
35000,diagnostics,q1_layer0_dormant_fraction,0.015625
35000,diagnostics,q1_layer0_effective_rank_fraction,0.0667041540145874
35000,diagnostics,q1_layer1_activation_abs_max,39.23696517944336
35000,diagnostics,q1_layer1_activation_abs_mean,2.293264389038086
35000,diagnostics,q1_layer1_dormant_fraction,0.40625
35000,diagnostics,q1_layer1_effective_rank_fraction,0.06641790270805359
35000,diagnostics,q1_param_norm,114.76495361328125
35000,diagnostics,q2_layer0_activation_abs_max,6.285044193267822
35000,diagnostics,q2_layer0_activation_abs_mean,0.3825300633907318
35000,diagnostics,q2_layer0_dormant_fraction,0.01953125
35000,diagnostics,q2_layer0_effective_rank_fraction,0.06164400279521942
35000,diagnostics,q2_layer1_activation_abs_max,31.233659744262695
35000,diagnostics,q2_layer1_activation_abs_mean,2.1796791553497314
35000,diagnostics,q2_layer1_dormant_fraction,0.453125
35000,diagnostics,q2_layer1_effective_rank_fraction,0.06446254998445511
35000,diagnostics,q2_param_norm,111.15229034423828
35000,eval,best_return,-0.0951283278628171
35000,eval,collapse_rate,0.0
35000,eval,failure_rate,0.6
35000,eval,fraction_return_ge_-100,0.2
35000,eval,fraction_return_ge_-150,0.4
35000,eval,fraction_return_ge_-200,0.4
35000,eval,fraction_return_ge_-250,0.8
35000,eval,max_not_near_upright_streak,63.0
35000,eval,mean_episode_length,200.0
35000,eval,mean_min_step_reward,-10.784137787302878
35000,eval,mean_return,-168.58110163800725
35000,eval,median_return,-226.3734637806661
35000,eval,near_upright_fraction,0.841
35000,eval,num_collapses,0.0
35000,eval,num_eval_episodes,10.0
35000,eval,num_strict_successes,4.0
35000,eval,num_successes,4.0
35000,eval,return_failure_rate,0.6
35000,eval,return_p05,-253.2799959011171
35000,eval,return_p10,-251.59414555620978
35000,eval,return_p25,-242.007857989311
35000,eval,return_p75,-120.17907137380222
35000,eval,return_p90,-0.11080292746573725
35000,eval,return_p95,-0.10296562766427719
35000,eval,return_reliability_nines_empirical,0.22184874961635637
35000,eval,return_reliability_nines_wilson95_low,0.07997081395541751
35000,eval,return_success_rate,0.4
35000,eval,stability_success_rate,0.6
35000,eval,std_return,96.40382113968366
35000,eval,streak_success_rate,0.9
35000,eval,strict_failure_rate,0.6
35000,eval,strict_reliability_nines_empirical,0.22184874961635637
35000,eval,strict_reliability_nines_wilson95_low,0.07997081395541751
35000,eval,strict_success_rate,0.4
35000,eval,strict_success_rate_wilson95_high,0.6873262302663417
35000,eval,strict_success_rate_wilson95_low,0.16818032970623614
35000,eval,success_rate,0.4
35000,eval,success_rate_wilson95_high,0.6873262302663417
35000,eval,success_rate_wilson95_low,0.16818032970623614
35000,eval,worst_episode_near_upright_fraction,0.685
35000,eval,worst_min_step_reward,-16.040088615927832
35000,eval,worst_return,-254.96584624602443
35200,train_episode,collapse,0.0
35200,train_episode,length,200.0
35200,train_episode,return,-236.93216981347064
35200,train_episode,success,0.0
35400,train_episode,collapse,0.0
35400,train_episode,length,200.0
35400,train_episode,return,-126.58731909385884
35400,train_episode,success,1.0
35600,train_episode,collapse,0.0
35600,train_episode,length,200.0
35600,train_episode,return,-219.77013785434062
35600,train_episode,success,0.0
35800,train_episode,collapse,0.0
35800,train_episode,length,200.0
35800,train_episode,return,-116.74995827369409
35800,train_episode,success,1.0
36000,train_episode,collapse,0.0
36000,train_episode,length,200.0
36000,train_episode,return,-122.44806881946542
36000,train_episode,success,1.0
36000,update,actor_grad_norm,1.523423433303833
36000,update,actor_grad_norm_max,6.862683296203613
36000,update,actor_grad_norm_mean,1.0066869023740292
36000,update,actor_grad_norm_min,0.138941690325737
36000,update,actor_loss,32.750579833984375
36000,update,actor_loss_max,47.25710678100586
36000,update,actor_loss_mean,34.51962312316895
36000,update,actor_loss_min,24.0115966796875
36000,update,actor_param_norm,39.45957946777344
36000,update,actor_param_norm_max,39.45957946777344
36000,update,actor_param_norm_mean,39.13426078796387
36000,update,actor_param_norm_min,38.811607360839844
36000,update,actor_update_norm,0.017104756087064743
36000,update,actor_update_norm_max,0.04716864973306656
36000,update,actor_update_norm_mean,0.01735537441447377
36000,update,actor_update_norm_min,0.010433091782033443
36000,update,actor_update_norm_ratio,0.00043347940000049303
36000,update,actor_update_norm_ratio_max,0.0012055445312861043
36000,update,actor_update_norm_ratio_mean,0.00044349998812339477
36000,update,actor_update_norm_ratio_min,0.0002656007401141292
36000,update,alpha,0.010579872876405716
36000,update,alpha_loss,0.0002275328733958304
36000,update,alpha_loss_max,0.004707617219537497
36000,update,alpha_loss_mean,0.00010016699563129804
36000,update,alpha_loss_min,-0.005684960633516312
36000,update,alpha_max,0.01133175939321518
36000,update,alpha_mean,0.010499750476330519
36000,update,alpha_min,0.00984483677893877
36000,update,num_optimizer_updates,1000.0
36000,update,policy_entropy_estimate,-0.9784757494926453
36000,update,policy_entropy_estimate_max,-0.5381795763969421
36000,update,policy_entropy_estimate_mean,-0.9911182667016983
36000,update,policy_entropy_estimate_min,-1.5137286186218262
36000,update,policy_log_prob_mean,0.9784757494926453
36000,update,policy_log_prob_mean_max,1.5137286186218262
36000,update,policy_log_prob_mean_mean,0.9911182667016983
36000,update,policy_log_prob_mean_min,0.5381795763969421
36000,update,q1_loss,0.4542492628097534
36000,update,q1_loss_max,2.630465269088745
36000,update,q1_loss_mean,0.7898690045177936
36000,update,q1_loss_min,0.23486196994781494
36000,update,q1_mean,-33.660743713378906
36000,update,q1_mean_max,-21.548564910888672
36000,update,q1_mean_mean,-35.378283321380614
36000,update,q1_mean_min,-49.298831939697266
36000,update,q2_loss,0.6610604524612427
36000,update,q2_loss_max,2.4357571601867676
36000,update,q2_loss_mean,0.7855912342816591
36000,update,q2_loss_min,0.24316523969173431
36000,update,q2_mean,-33.707889556884766
36000,update,q2_mean_max,-22.218725204467773
36000,update,q2_mean_mean,-35.37841364097595
36000,update,q2_mean_min,-48.65900802612305
36000,update,q_grad_norm,109.80146026611328
36000,update,q_grad_norm_max,435.0140686035156
36000,update,q_grad_norm_mean,157.35913985443116
36000,update,q_grad_norm_min,55.140663146972656
36000,update,q_loss,1.115309715270996
36000,update,q_loss_cleanrl_logged,0.557654857635498
36000,update,q_loss_cleanrl_logged_max,2.3996081352233887
36000,update,q_loss_cleanrl_logged_mean,0.7877301192581654
36000,update,q_loss_cleanrl_logged_min,0.25249579548835754
36000,update,q_loss_max,4.799216270446777
36000,update,q_loss_mean,1.5754602385163308
36000,update,q_loss_min,0.5049915909767151
36000,update,q_param_norm,229.55674743652344
36000,update,q_param_norm_max,229.55674743652344
36000,update,q_param_norm_mean,227.7588509979248
36000,update,q_param_norm_min,225.91889190673828
36000,update,q_update_norm,0.02344982884824276
36000,update,q_update_norm_max,0.06280433386564255
36000,update,q_update_norm_mean,0.030091818849556147
36000,update,q_update_norm_min,0.015619081445038319
36000,update,q_update_norm_ratio,0.0001444482307766973
36000,update,q_update_norm_ratio_max,0.00038993145074432337
36000,update,q_update_norm_ratio_mean,0.00018687453349087074
36000,update,q_update_norm_ratio_min,9.665756522344585e-05
36000,update,target_q_mean,-33.465179443359375
36000,update,target_q_mean_max,-22.04911994934082
36000,update,target_q_mean_mean,-35.378110805511476
36000,update,target_q_mean_min,-49.19859313964844
36200,train_episode,collapse,0.0
36200,train_episode,length,200.0
36200,train_episode,return,-116.24276403786742
36200,train_episode,success,1.0
36400,train_episode,collapse,0.0
36400,train_episode,length,200.0
36400,train_episode,return,-0.6278430222758402
36400,train_episode,success,1.0
36600,train_episode,collapse,0.0
36600,train_episode,length,200.0
36600,train_episode,return,-219.50350743923974
36600,train_episode,success,0.0
36800,train_episode,collapse,0.0
36800,train_episode,length,200.0
36800,train_episode,return,-2.668887681541231
36800,train_episode,success,1.0
37000,train_episode,collapse,0.0
37000,train_episode,length,200.0
37000,train_episode,return,-277.6536740300955
37000,train_episode,success,0.0
37000,update,actor_grad_norm,0.407749205827713
37000,update,actor_grad_norm_max,6.6725077629089355
37000,update,actor_grad_norm_mean,1.0209058962464332
37000,update,actor_grad_norm_min,0.2013065665960312
37000,update,actor_loss,30.635272979736328
37000,update,actor_loss_max,46.383331298828125
37000,update,actor_loss_mean,33.97167393112183
37000,update,actor_loss_min,24.511640548706055
37000,update,actor_param_norm,40.07503128051758
37000,update,actor_param_norm_max,40.07503128051758
37000,update,actor_param_norm_mean,39.762372631073
37000,update,actor_param_norm_min,39.45957946777344
37000,update,actor_update_norm,0.01796739175915718
37000,update,actor_update_norm_max,0.04233073815703392
37000,update,actor_update_norm_mean,0.01814785430021584
37000,update,actor_update_norm_min,0.010569058358669281
37000,update,actor_update_norm_ratio,0.00044834960293944204
37000,update,actor_update_norm_ratio_max,0.0010613611078956742
37000,update,actor_update_norm_ratio_mean,0.00045637744741370244
37000,update,actor_update_norm_ratio_min,0.00026587580909778524
37000,update,alpha,0.013598091900348663
37000,update,alpha_loss,0.0032500678207725286
37000,update,alpha_loss_max,0.007552286144345999
37000,update,alpha_loss_mean,-0.0004938515570247546
37000,update,alpha_loss_min,-0.0068793585523962975
37000,update,alpha_max,0.014314566738903522
37000,update,alpha_mean,0.012099792869761586
37000,update,alpha_min,0.010311010293662548
37000,update,num_optimizer_updates,1000.0
37000,update,policy_entropy_estimate,-0.7610890865325928
37000,update,policy_entropy_estimate_max,-0.47154343128204346
37000,update,policy_entropy_estimate_mean,-1.041655743956566
37000,update,policy_entropy_estimate_min,-1.5987728834152222
37000,update,policy_log_prob_mean,0.7610890865325928
37000,update,policy_log_prob_mean_max,1.5987728834152222
37000,update,policy_log_prob_mean_mean,1.041655743956566
37000,update,policy_log_prob_mean_min,0.47154343128204346
37000,update,q1_loss,0.6214504241943359
37000,update,q1_loss_max,4.768704891204834
37000,update,q1_loss_mean,0.7759866991937161
37000,update,q1_loss_min,0.2522982358932495
37000,update,q1_mean,-32.03465270996094
37000,update,q1_mean_max,-22.377483367919922
37000,update,q1_mean_mean,-34.62095368385315
37000,update,q1_mean_min,-47.31965637207031
37000,update,q2_loss,0.7240985631942749
37000,update,q2_loss_max,5.707193374633789
37000,update,q2_loss_mean,0.7699978277981281
37000,update,q2_loss_min,0.24511301517486572
37000,update,q2_mean,-32.16291809082031
37000,update,q2_mean_max,-22.07597541809082
37000,update,q2_mean_mean,-34.62069312667847
37000,update,q2_mean_min,-47.260135650634766
37000,update,q_grad_norm,165.22499084472656
37000,update,q_grad_norm_max,520.380859375
37000,update,q_grad_norm_mean,152.31783095550537
37000,update,q_grad_norm_min,60.021785736083984
37000,update,q_loss,1.3455489873886108
37000,update,q_loss_cleanrl_logged,0.6727744936943054
37000,update,q_loss_cleanrl_logged_max,5.000792026519775
37000,update,q_loss_cleanrl_logged_mean,0.7729922634363174
37000,update,q_loss_cleanrl_logged_min,0.28420692682266235
37000,update,q_loss_max,10.00158405303955
37000,update,q_loss_mean,1.5459845268726349
37000,update,q_loss_min,0.5684138536453247
37000,update,q_param_norm,233.04610443115234
37000,update,q_param_norm_max,233.04610443115234
37000,update,q_param_norm_mean,231.30483856201172
37000,update,q_param_norm_min,229.55780029296875
37000,update,q_update_norm,0.02398870326578617
37000,update,q_update_norm_max,0.06818955391645432
37000,update,q_update_norm_mean,0.029911794861778616
37000,update,q_update_norm_min,0.017422256991267204
37000,update,q_update_norm_ratio,0.00014555637159716412
37000,update,q_update_norm_ratio_max,0.00041579812574370613
37000,update,q_update_norm_ratio_mean,0.00018285257970832058
37000,update,q_update_norm_ratio_min,0.00010728753249344713
37000,update,target_q_mean,-31.99349594116211
37000,update,target_q_mean_max,-22.29910659790039
37000,update,target_q_mean_mean,-34.62080973243713
37000,update,target_q_mean_min,-47.687740325927734
37200,train_episode,collapse,0.0
37200,train_episode,length,200.0
37200,train_episode,return,-1.4601368689141234
37200,train_episode,success,1.0
37400,train_episode,collapse,0.0
37400,train_episode,length,200.0
37400,train_episode,return,-118.29006590238738
37400,train_episode,success,1.0
37600,train_episode,collapse,0.0
37600,train_episode,length,200.0
37600,train_episode,return,-123.72388109891087
37600,train_episode,success,1.0
37800,train_episode,collapse,0.0
37800,train_episode,length,200.0
37800,train_episode,return,-228.92901618487664
37800,train_episode,success,0.0
38000,train_episode,collapse,0.0
38000,train_episode,length,200.0
38000,train_episode,return,-0.5339745254440117
38000,train_episode,success,1.0
38000,update,actor_grad_norm,0.6447659134864807
38000,update,actor_grad_norm_max,6.5145649909973145
38000,update,actor_grad_norm_mean,1.032978234231472
38000,update,actor_grad_norm_min,0.2397569715976715
38000,update,actor_loss,33.59893798828125
38000,update,actor_loss_max,51.45489501953125
38000,update,actor_loss_mean,32.91080209350586
38000,update,actor_loss_min,21.40786361694336
38000,update,actor_param_norm,40.644989013671875
38000,update,actor_param_norm_max,40.644989013671875
38000,update,actor_param_norm_mean,40.37615085220337
38000,update,actor_param_norm_min,40.07503128051758
38000,update,actor_update_norm,0.010864654555916786
38000,update,actor_update_norm_max,0.04143005609512329
38000,update,actor_update_norm_mean,0.01637850371003151
38000,update,actor_update_norm_min,0.008126192726194859
38000,update,actor_update_norm_ratio,0.0002673094878362904
38000,update,actor_update_norm_ratio_max,0.0010242708277336562
38000,update,actor_update_norm_ratio_mean,0.0004056802778014654
38000,update,actor_update_norm_ratio_min,0.00020134343463037194
38000,update,alpha,0.012133377604186535
38000,update,alpha_loss,-0.001271881628781557
38000,update,alpha_loss_max,0.006523110903799534
38000,update,alpha_loss_mean,0.0002691090141306631
38000,update,alpha_loss_min,-0.007560063619166613
38000,update,alpha_max,0.013598091900348663
38000,update,alpha_mean,0.012298286073841154
38000,update,alpha_min,0.011597116477787495
38000,update,num_optimizer_updates,1000.0
38000,update,policy_entropy_estimate,-1.1048588752746582
38000,update,policy_entropy_estimate_max,-0.49508360028266907
38000,update,policy_entropy_estimate_mean,-0.9792963736653328
38000,update,policy_entropy_estimate_min,-1.6440622806549072
38000,update,policy_log_prob_mean,1.1048588752746582
38000,update,policy_log_prob_mean_max,1.6440622806549072
38000,update,policy_log_prob_mean_mean,0.9792963736653328
38000,update,policy_log_prob_mean_min,0.49508360028266907
38000,update,q1_loss,0.8535627722740173
38000,update,q1_loss_max,3.2585251331329346
38000,update,q1_loss_mean,0.7427925991863013
38000,update,q1_loss_min,0.22507958114147186
38000,update,q1_mean,-34.198631286621094
38000,update,q1_mean_max,-21.941652297973633
38000,update,q1_mean_mean,-33.579083797454835
38000,update,q1_mean_min,-52.704437255859375
38000,update,q2_loss,0.6957106590270996
38000,update,q2_loss_max,2.5026183128356934
38000,update,q2_loss_mean,0.7451163901984692
38000,update,q2_loss_min,0.22910746932029724
38000,update,q2_mean,-34.55101776123047
38000,update,q2_mean_max,-21.49445915222168
38000,update,q2_mean_mean,-33.579124591827394
38000,update,q2_mean_min,-52.239166259765625
38000,update,q_grad_norm,169.2952117919922
38000,update,q_grad_norm_max,477.0528869628906
38000,update,q_grad_norm_mean,152.85464183807372
38000,update,q_grad_norm_min,50.42805480957031
38000,update,q_loss,1.5492734909057617
38000,update,q_loss_cleanrl_logged,0.7746367454528809
38000,update,q_loss_cleanrl_logged_max,2.8805718421936035
38000,update,q_loss_cleanrl_logged_mean,0.743954494535923
38000,update,q_loss_cleanrl_logged_min,0.27384042739868164
38000,update,q_loss_max,5.761143684387207
38000,update,q_loss_mean,1.487908989071846
38000,update,q_loss_min,0.5476808547973633
38000,update,q_param_norm,236.17469024658203
38000,update,q_param_norm_max,236.17469024658203
38000,update,q_param_norm_mean,234.6834214630127
38000,update,q_param_norm_min,233.04864501953125
38000,update,q_update_norm,0.025315942242741585
38000,update,q_update_norm_max,0.07174962013959885
38000,update,q_update_norm_mean,0.030846347499638795
38000,update,q_update_norm_min,0.017018571496009827
38000,update,q_update_norm_ratio,0.00015157590452991368
38000,update,q_update_norm_ratio_max,0.00043065388018220747
38000,update,q_update_norm_ratio_mean,0.0001858705082346311
38000,update,q_update_norm_ratio_min,0.0001022207060553167
38000,update,target_q_mean,-34.3985481262207
38000,update,target_q_mean_max,-21.50290298461914
38000,update,target_q_mean_mean,-33.57911282539368
38000,update,target_q_mean_min,-52.382484436035156
38200,train_episode,collapse,0.0
38200,train_episode,length,200.0
38200,train_episode,return,-227.67311591265945
38200,train_episode,success,0.0
38400,train_episode,collapse,0.0
38400,train_episode,length,200.0
38400,train_episode,return,-244.81473551184465
38400,train_episode,success,0.0
38600,train_episode,collapse,0.0
38600,train_episode,length,200.0
38600,train_episode,return,-240.33539498137606
38600,train_episode,success,0.0
38800,train_episode,collapse,0.0
38800,train_episode,length,200.0
38800,train_episode,return,-125.05720909286578
38800,train_episode,success,1.0
39000,train_episode,collapse,0.0
39000,train_episode,length,200.0
39000,train_episode,return,-115.74020344853228
39000,train_episode,success,1.0
39000,update,actor_grad_norm,1.110068917274475
39000,update,actor_grad_norm_max,3.497610092163086
39000,update,actor_grad_norm_mean,1.0230194624960423
39000,update,actor_grad_norm_min,0.20485801994800568
39000,update,actor_loss,27.979578018188477
39000,update,actor_loss_max,46.97990036010742
39000,update,actor_loss_mean,32.79448984146118
39000,update,actor_loss_min,20.49329948425293
39000,update,actor_param_norm,41.22296142578125
39000,update,actor_param_norm_max,41.22296142578125
39000,update,actor_param_norm_mean,40.929639808654784
39000,update,actor_param_norm_min,40.644989013671875
39000,update,actor_update_norm,0.013517210260033607
39000,update,actor_update_norm_max,0.03677568957209587
39000,update,actor_update_norm_mean,0.017173412224277852
39000,update,actor_update_norm_min,0.009485211223363876
39000,update,actor_update_norm_ratio,0.000327911951220068
39000,update,actor_update_norm_ratio_max,0.0008978605604791091
39000,update,actor_update_norm_ratio_mean,0.00041960956243246045
39000,update,actor_update_norm_ratio_min,0.00023268894015100457
39000,update,alpha,0.011880770325660706
39000,update,alpha_loss,-0.0013899515615776181
39000,update,alpha_loss_max,0.006468858569860458
39000,update,alpha_loss_mean,4.576967898174189e-05
39000,update,alpha_loss_min,-0.005943517200648785
39000,update,alpha_max,0.012803795747458935
39000,update,alpha_mean,0.012175379908643662
39000,update,alpha_min,0.011624322272837162
39000,update,num_optimizer_updates,1000.0
39000,update,policy_entropy_estimate,-1.1170450448989868
39000,update,policy_entropy_estimate_max,-0.4762786328792572
39000,update,policy_entropy_estimate_mean,-0.9968373829722404
39000,update,policy_entropy_estimate_min,-1.500211238861084
39000,update,policy_log_prob_mean,1.1170450448989868
39000,update,policy_log_prob_mean_max,1.500211238861084
39000,update,policy_log_prob_mean_mean,0.9968373829722404
39000,update,policy_log_prob_mean_min,0.4762786328792572
39000,update,q1_loss,0.9219231605529785
39000,update,q1_loss_max,16.670515060424805
39000,update,q1_loss_mean,0.7621498827636242
39000,update,q1_loss_min,0.19831538200378418
39000,update,q1_mean,-28.903114318847656
39000,update,q1_mean_max,-20.30608367919922
39000,update,q1_mean_mean,-33.44011938476562
39000,update,q1_mean_min,-48.18418884277344
39000,update,q2_loss,0.6102102398872375
39000,update,q2_loss_max,18.882610321044922
39000,update,q2_loss_mean,0.7481220266371965
39000,update,q2_loss_min,0.23075024783611298
39000,update,q2_mean,-29.20787811279297
39000,update,q2_mean_max,-20.091129302978516
39000,update,q2_mean_mean,-33.44011549568176
39000,update,q2_mean_min,-47.90726089477539
39000,update,q_grad_norm,191.97702026367188
39000,update,q_grad_norm_max,714.1038818359375
39000,update,q_grad_norm_mean,153.7427038116455
39000,update,q_grad_norm_min,48.28827667236328
39000,update,q_loss,1.5321333408355713
39000,update,q_loss_cleanrl_logged,0.7660666704177856
39000,update,q_loss_cleanrl_logged_max,17.776561737060547
39000,update,q_loss_cleanrl_logged_mean,0.7551359533965588
39000,update,q_loss_cleanrl_logged_min,0.2549592852592468
39000,update,q_loss_max,35.553123474121094
39000,update,q_loss_mean,1.5102719067931176
39000,update,q_loss_min,0.5099185705184937
39000,update,q_param_norm,239.19384765625
39000,update,q_param_norm_max,239.19384765625
39000,update,q_param_norm_mean,237.703487701416
39000,update,q_param_norm_min,236.17787170410156
39000,update,q_update_norm,0.04641743376851082
39000,update,q_update_norm_max,0.07019050419330597
39000,update,q_update_norm_mean,0.03008036013133824
39000,update,q_update_norm_min,0.01611686684191227
39000,update,q_update_norm_ratio,0.00027441113843361745
39000,update,q_update_norm_ratio_max,0.00041528309527969875
39000,update,q_update_norm_ratio_mean,0.00017890852326909223
39000,update,q_update_norm_ratio_min,9.63242846664572e-05
39000,update,target_q_mean,-28.889171600341797
39000,update,target_q_mean_max,-20.405960083007812
39000,update,target_q_mean_mean,-33.44021471214295
39000,update,target_q_mean_min,-48.11767578125
39200,train_episode,collapse,0.0
39200,train_episode,length,200.0
39200,train_episode,return,-115.8733905822556
39200,train_episode,success,1.0
39400,train_episode,collapse,0.0
39400,train_episode,length,200.0
39400,train_episode,return,-118.32897466166156
39400,train_episode,success,1.0
39600,train_episode,collapse,0.0
39600,train_episode,length,200.0
39600,train_episode,return,-120.16725512231469
39600,train_episode,success,1.0
39800,train_episode,collapse,0.0
39800,train_episode,length,200.0
39800,train_episode,return,-119.10640640175973
39800,train_episode,success,1.0
40000,train_episode,collapse,0.0
40000,train_episode,length,200.0
40000,train_episode,return,-126.24060275208569
40000,train_episode,success,1.0
40000,update,actor_grad_norm,1.9698469638824463
40000,update,actor_grad_norm_max,51.62636184692383
40000,update,actor_grad_norm_mean,1.2200865008533002
40000,update,actor_grad_norm_min,0.2182699590921402
40000,update,actor_loss,31.055763244628906
40000,update,actor_loss_max,46.320701599121094
40000,update,actor_loss_mean,32.19192514038086
40000,update,actor_loss_min,21.34604835510254
40000,update,actor_param_norm,41.77699661254883
40000,update,actor_param_norm_max,41.77699661254883
40000,update,actor_param_norm_mean,41.53094119644165
40000,update,actor_param_norm_min,41.22296142578125
40000,update,actor_update_norm,0.018014738336205482
40000,update,actor_update_norm_max,0.04904943332076073
40000,update,actor_update_norm_mean,0.01737049442343414
40000,update,actor_update_norm_min,0.008911975659430027
40000,update,actor_update_norm_ratio,0.00043121993851976255
40000,update,actor_update_norm_ratio_max,0.0011853147476694275
40000,update,actor_update_norm_ratio_mean,0.0004183509770614689
40000,update,actor_update_norm_ratio_min,0.00021486302694663034
40000,update,alpha,0.012320014648139477
40000,update,alpha_loss,0.004163561854511499
40000,update,alpha_loss_max,0.006399795413017273
40000,update,alpha_loss_mean,-2.28064586117398e-05
40000,update,alpha_loss_min,-0.006758113857358694
40000,update,alpha_max,0.012833752669394016
40000,update,alpha_mean,0.012220181646756827
40000,update,alpha_min,0.011115137487649918
40000,update,num_optimizer_updates,1000.0
40000,update,policy_entropy_estimate,-0.6624910831451416
40000,update,policy_entropy_estimate_max,-0.48239609599113464
40000,update,policy_entropy_estimate_mean,-1.002624304354191
40000,update,policy_entropy_estimate_min,-1.6073479652404785
40000,update,policy_log_prob_mean,0.6624910831451416
40000,update,policy_log_prob_mean_max,1.6073479652404785
40000,update,policy_log_prob_mean_mean,1.002624304354191
40000,update,policy_log_prob_mean_min,0.48239609599113464
40000,update,q1_loss,0.806914210319519
40000,update,q1_loss_max,4.560588836669922
40000,update,q1_loss_mean,0.8007128483355045
40000,update,q1_loss_min,0.20395463705062866
40000,update,q1_mean,-30.798969268798828
40000,update,q1_mean_max,-21.647653579711914
40000,update,q1_mean_mean,-32.98843434715271
40000,update,q1_mean_min,-46.51012420654297
40000,update,q2_loss,0.8251791596412659
40000,update,q2_loss_max,3.4818496704101562
40000,update,q2_loss_mean,0.797632854104042
40000,update,q2_loss_min,0.20957711338996887
40000,update,q2_mean,-31.150978088378906
40000,update,q2_mean_max,-21.528881072998047
40000,update,q2_mean_mean,-32.98837302589416
40000,update,q2_mean_min,-46.66140365600586
40000,update,q_grad_norm,187.56356811523438
40000,update,q_grad_norm_max,612.435791015625
40000,update,q_grad_norm_mean,162.9375316543579
40000,update,q_grad_norm_min,53.11360168457031
40000,update,q_loss,1.6320934295654297
40000,update,q_loss_cleanrl_logged,0.8160467147827148
40000,update,q_loss_cleanrl_logged_max,3.891171932220459
40000,update,q_loss_cleanrl_logged_mean,0.7991728508323431
40000,update,q_loss_cleanrl_logged_min,0.24598179757595062
40000,update,q_loss_max,7.782343864440918
40000,update,q_loss_mean,1.5983457016646863
40000,update,q_loss_min,0.49196359515190125
40000,update,q_param_norm,242.2785186767578
40000,update,q_param_norm_max,242.2785186767578
40000,update,q_param_norm_mean,240.80191653442384
40000,update,q_param_norm_min,239.19634246826172
40000,update,q_update_norm,0.03477548807859421
40000,update,q_update_norm_max,0.06865439563989639
40000,update,q_update_norm_mean,0.03179333218932152
40000,update,q_update_norm_min,0.016074810177087784
40000,update,q_update_norm_ratio,0.00020296940120157844
40000,update,q_update_norm_ratio_max,0.00040177464865023485
40000,update,q_update_norm_ratio_mean,0.00018667055708705035
40000,update,q_update_norm_ratio_min,9.398066963452558e-05
40000,update,target_q_mean,-31.203216552734375
40000,update,target_q_mean_max,-21.659320831298828
40000,update,target_q_mean_mean,-32.98866861534118
40000,update,target_q_mean_min,-46.8371467590332
40000,replay,action_abs_max,2.0
40000,replay,action_abs_mean,0.9230042099952698
40000,replay,action_saturation_fraction,0.07555
40000,replay,capacity,100000.0
40000,replay,done_fraction,0.0
40000,replay,fill_fraction,0.4
40000,replay,near_upright_any_transition_fraction,0.702125
40000,replay,near_upright_next_obs_fraction,0.701775
40000,replay,near_upright_obs_fraction,0.6982
40000,replay,reward_max,-1.0757337349787122e-06
40000,replay,reward_mean,-1.7135709524154663
40000,replay,reward_min,-16.252336502075195
40000,replay,reward_std,3.3046655654907227
40000,replay,sample_count_max,623.0
40000,replay,sample_count_mean,224.0
40000,replay,size,40000.0
40000,replay,transition_age_max,39999.0
40000,replay,transition_age_mean,19999.5
40000,diagnostics,actor_layer0_activation_abs_max,4.355715751647949
40000,diagnostics,actor_layer0_activation_abs_mean,0.1846550554037094
40000,diagnostics,actor_layer0_dormant_fraction,0.0390625
40000,diagnostics,actor_layer0_effective_rank_fraction,0.05296320840716362
40000,diagnostics,actor_layer1_activation_abs_max,7.719085216522217
40000,diagnostics,actor_layer1_activation_abs_mean,0.08383767306804657
40000,diagnostics,actor_layer1_dormant_fraction,0.390625
40000,diagnostics,actor_layer1_effective_rank_fraction,0.1266055405139923
40000,diagnostics,actor_param_norm,41.77699661254883
40000,diagnostics,alpha,0.012320014648139477
40000,diagnostics,q1_layer0_activation_abs_max,6.373826026916504
40000,diagnostics,q1_layer0_activation_abs_mean,0.395335853099823
40000,diagnostics,q1_layer0_dormant_fraction,0.015625
40000,diagnostics,q1_layer0_effective_rank_fraction,0.06588216871023178
40000,diagnostics,q1_layer1_activation_abs_max,38.04840087890625
40000,diagnostics,q1_layer1_activation_abs_mean,2.396451234817505
40000,diagnostics,q1_layer1_dormant_fraction,0.40625
40000,diagnostics,q1_layer1_effective_rank_fraction,0.06429555267095566
40000,diagnostics,q1_param_norm,122.89636993408203
40000,diagnostics,q2_layer0_activation_abs_max,5.5126800537109375
40000,diagnostics,q2_layer0_activation_abs_mean,0.3621539771556854
40000,diagnostics,q2_layer0_dormant_fraction,0.03125
40000,diagnostics,q2_layer0_effective_rank_fraction,0.06115836650133133
40000,diagnostics,q2_layer1_activation_abs_max,32.15668487548828
40000,diagnostics,q2_layer1_activation_abs_mean,2.2472968101501465
40000,diagnostics,q2_layer1_dormant_fraction,0.453125
40000,diagnostics,q2_layer1_effective_rank_fraction,0.06179039925336838
40000,diagnostics,q2_param_norm,119.38214874267578
40000,eval,best_return,-0.2762758555773314
40000,eval,collapse_rate,0.0
40000,eval,failure_rate,0.6
40000,eval,fraction_return_ge_-100,0.2
40000,eval,fraction_return_ge_-150,0.4
40000,eval,fraction_return_ge_-200,0.4
40000,eval,fraction_return_ge_-250,0.8
40000,eval,max_not_near_upright_streak,64.0
40000,eval,mean_episode_length,200.0
40000,eval,mean_min_step_reward,-10.661156099191604
40000,eval,mean_return,-169.58646885168406
40000,eval,median_return,-228.30307687713943
40000,eval,near_upright_fraction,0.8390000000000001
40000,eval,num_collapses,0.0
40000,eval,num_eval_episodes,10.0
40000,eval,num_strict_successes,4.0
40000,eval,num_successes,4.0
40000,eval,return_failure_rate,0.6
40000,eval,return_p05,-255.07537947254264
40000,eval,return_p10,-252.2097154306825
40000,eval,return_p25,-242.78116105482314
40000,eval,return_p75,-120.54591160113456
40000,eval,return_p90,-0.29165125417768023
40000,eval,return_p95,-0.28396355487750585
40000,eval,return_reliability_nines_empirical,0.22184874961635637
40000,eval,return_reliability_nines_wilson95_low,0.07997081395541751
40000,eval,return_success_rate,0.4
40000,eval,stability_success_rate,0.6
40000,eval,std_return,96.93929980918632
40000,eval,streak_success_rate,0.9
40000,eval,strict_failure_rate,0.6
40000,eval,strict_reliability_nines_empirical,0.22184874961635637
40000,eval,strict_reliability_nines_wilson95_low,0.07997081395541751
40000,eval,strict_success_rate,0.4
40000,eval,strict_success_rate_wilson95_high,0.6873262302663417
40000,eval,strict_success_rate_wilson95_low,0.16818032970623614
40000,eval,success_rate,0.4
40000,eval,success_rate_wilson95_high,0.6873262302663417
40000,eval,success_rate_wilson95_low,0.16818032970623614
40000,eval,worst_episode_near_upright_fraction,0.68
40000,eval,worst_min_step_reward,-15.525290354585648
40000,eval,worst_return,-257.9410435144028
40200,train_episode,collapse,0.0
40200,train_episode,length,200.0
40200,train_episode,return,-119.63607202428514
40200,train_episode,success,1.0
40400,train_episode,collapse,0.0
40400,train_episode,length,200.0
40400,train_episode,return,-219.12493508631937
40400,train_episode,success,0.0
40600,train_episode,collapse,0.0
40600,train_episode,length,200.0
40600,train_episode,return,-121.7159432032195
40600,train_episode,success,1.0
40800,train_episode,collapse,0.0
40800,train_episode,length,200.0
40800,train_episode,return,-118.75737878025824
40800,train_episode,success,1.0
41000,train_episode,collapse,0.0
41000,train_episode,length,200.0
41000,train_episode,return,-118.08016974238033
41000,train_episode,success,1.0
41000,update,actor_grad_norm,1.0266023874282837
41000,update,actor_grad_norm_max,8.57449722290039
41000,update,actor_grad_norm_mean,0.9605017718672753
41000,update,actor_grad_norm_min,0.15444909036159515
41000,update,actor_loss,34.59641647338867
41000,update,actor_loss_max,40.82648468017578
41000,update,actor_loss_mean,31.445575218200684
41000,update,actor_loss_min,21.74730682373047
41000,update,actor_param_norm,42.32765579223633
41000,update,actor_param_norm_max,42.32765579223633
41000,update,actor_param_norm_mean,42.05792855834961
41000,update,actor_param_norm_min,41.77699661254883
41000,update,actor_update_norm,0.02097439020872116
41000,update,actor_update_norm_max,0.03627972677350044
41000,update,actor_update_norm_mean,0.01580799104832113
41000,update,actor_update_norm_min,0.009587039239704609
41000,update,actor_update_norm_ratio,0.0004955296741679866
41000,update,actor_update_norm_ratio_max,0.000860140756600207
41000,update,actor_update_norm_ratio_mean,0.0003758270261770707
41000,update,actor_update_norm_ratio_min,0.00022804097126270104
41000,update,alpha,0.010804815217852592
41000,update,alpha_loss,-0.0012759360251948237
41000,update,alpha_loss_max,0.006387860048562288
41000,update,alpha_loss_mean,0.0002581629150372464
41000,update,alpha_loss_min,-0.0070258937776088715
41000,update,alpha_max,0.01363625843077898
41000,update,alpha_mean,0.01233918836992234
41000,update,alpha_min,0.010594320483505726
41000,update,num_optimizer_updates,1000.0
41000,update,policy_entropy_estimate,-1.1181466579437256
41000,update,policy_entropy_estimate_max,-0.5028541088104248
41000,update,policy_entropy_estimate_mean,-0.9783798404932023
41000,update,policy_entropy_estimate_min,-1.5880709886550903
41000,update,policy_log_prob_mean,1.1181466579437256
41000,update,policy_log_prob_mean_max,1.5880709886550903
41000,update,policy_log_prob_mean_mean,0.9783798404932023
41000,update,policy_log_prob_mean_min,0.5028541088104248
41000,update,q1_loss,1.0618162155151367
41000,update,q1_loss_max,3.620192050933838
41000,update,q1_loss_mean,0.7054088889658451
41000,update,q1_loss_min,0.17916366457939148
41000,update,q1_mean,-35.27484893798828
41000,update,q1_mean_max,-22.20912742614746
41000,update,q1_mean_mean,-32.29071950149536
41000,update,q1_mean_min,-44.1993408203125
41000,update,q2_loss,0.6943835020065308
41000,update,q2_loss_max,2.9220058917999268
41000,update,q2_loss_mean,0.695759780794382
41000,update,q2_loss_min,0.21703994274139404
41000,update,q2_mean,-35.17925262451172
41000,update,q2_mean_max,-22.341646194458008
41000,update,q2_mean_mean,-32.29047550010681
41000,update,q2_mean_min,-44.33878707885742
41000,update,q_grad_norm,199.50222778320312
41000,update,q_grad_norm_max,433.16070556640625
41000,update,q_grad_norm_mean,149.63381268692018
41000,update,q_grad_norm_min,45.05384826660156
41000,update,q_loss,1.7561997175216675
41000,update,q_loss_cleanrl_logged,0.8780998587608337
41000,update,q_loss_cleanrl_logged_max,3.271099090576172
41000,update,q_loss_cleanrl_logged_mean,0.7005843351632357
41000,update,q_loss_cleanrl_logged_min,0.24192170798778534
41000,update,q_loss_max,6.542198181152344
41000,update,q_loss_mean,1.4011686703264714
41000,update,q_loss_min,0.4838434159755707
41000,update,q_param_norm,245.1731948852539
41000,update,q_param_norm_max,245.1731948852539
41000,update,q_param_norm_mean,243.72667910766603
41000,update,q_param_norm_min,242.27906036376953
41000,update,q_update_norm,0.02619827352464199
41000,update,q_update_norm_max,0.06327074766159058
41000,update,q_update_norm_mean,0.02911893117893487
41000,update,q_update_norm_min,0.014690298587083817
41000,update,q_update_norm_ratio,0.00015110455626616057
41000,update,q_update_norm_ratio_max,0.0003676699719555456
41000,update,q_update_norm_ratio_mean,0.00016894469342013728
41000,update,q_update_norm_ratio_min,8.504775632748817e-05
41000,update,target_q_mean,-35.093482971191406
41000,update,target_q_mean_max,-21.917972564697266
41000,update,target_q_mean_mean,-32.29044711112976
41000,update,target_q_mean_min,-43.96985626220703
41200,train_episode,collapse,0.0
41200,train_episode,length,200.0
41200,train_episode,return,-228.50050272870993
41200,train_episode,success,0.0
41400,train_episode,collapse,0.0
41400,train_episode,length,200.0
41400,train_episode,return,-241.42196756227852
41400,train_episode,success,0.0
41600,train_episode,collapse,0.0
41600,train_episode,length,200.0
41600,train_episode,return,-227.1731612282547
41600,train_episode,success,0.0
41800,train_episode,collapse,0.0
41800,train_episode,length,200.0
41800,train_episode,return,-114.36064664363904
41800,train_episode,success,1.0
42000,train_episode,collapse,0.0
42000,train_episode,length,200.0
42000,train_episode,return,-125.32166288113422
42000,train_episode,success,1.0
42000,update,actor_grad_norm,1.0617774724960327
42000,update,actor_grad_norm_max,3.4307422637939453
42000,update,actor_grad_norm_mean,1.0915572171211243
42000,update,actor_grad_norm_min,0.20817598700523376
42000,update,actor_loss,31.971349716186523
42000,update,actor_loss_max,42.761959075927734
42000,update,actor_loss_mean,31.028282608032228
42000,update,actor_loss_min,21.53719711303711
42000,update,actor_param_norm,42.8040771484375
42000,update,actor_param_norm_max,42.8040771484375
42000,update,actor_param_norm_mean,42.565556270599366
42000,update,actor_param_norm_min,42.32764434814453
42000,update,actor_update_norm,0.013576165772974491
42000,update,actor_update_norm_max,0.03485652804374695
42000,update,actor_update_norm_mean,0.016325263341888784
42000,update,actor_update_norm_min,0.009033707901835442
42000,update,actor_update_norm_ratio,0.0003171712779063054
42000,update,actor_update_norm_ratio_max,0.0008166376476918983
42000,update,actor_update_norm_ratio_mean,0.00038349916675952604
42000,update,actor_update_norm_ratio_min,0.00021328155818498798
42000,update,alpha,0.013430988416075706
42000,update,alpha_loss,0.002591706346720457
42000,update,alpha_loss_max,0.005343085620552301
42000,update,alpha_loss_mean,-0.0004913868828298291
42000,update,alpha_loss_min,-0.00742334546521306
42000,update,alpha_max,0.013914329931139946
42000,update,alpha_mean,0.012036874931305647
42000,update,alpha_min,0.010804815217852592
42000,update,num_optimizer_updates,1000.0
42000,update,policy_entropy_estimate,-0.8071905970573425
42000,update,policy_entropy_estimate_max,-0.5600703358650208
42000,update,policy_entropy_estimate_mean,-1.0413070194721221
42000,update,policy_entropy_estimate_min,-1.591551423072815
42000,update,policy_log_prob_mean,0.8071905970573425
42000,update,policy_log_prob_mean_max,1.591551423072815
42000,update,policy_log_prob_mean_mean,1.0413070194721221
42000,update,policy_log_prob_mean_min,0.5600703358650208
42000,update,q1_loss,0.6269315481185913
42000,update,q1_loss_max,3.2972705364227295
42000,update,q1_loss_mean,0.7511006625443697
42000,update,q1_loss_min,0.20427700877189636
42000,update,q1_mean,-32.46977615356445
42000,update,q1_mean_max,-21.793188095092773
42000,update,q1_mean_mean,-31.79767007255554
42000,update,q1_mean_min,-44.64582443237305
42000,update,q2_loss,0.5089467167854309
42000,update,q2_loss_max,4.129480361938477
42000,update,q2_loss_mean,0.7425662075132131
42000,update,q2_loss_min,0.24095748364925385
42000,update,q2_mean,-32.19792175292969
42000,update,q2_mean_max,-21.8221378326416
42000,update,q2_mean_mean,-31.797251768112183
42000,update,q2_mean_min,-44.482261657714844
42000,update,q_grad_norm,158.3741912841797
42000,update,q_grad_norm_max,613.7785034179688
42000,update,q_grad_norm_mean,156.3907247619629
42000,update,q_grad_norm_min,47.921531677246094
42000,update,q_loss,1.135878324508667
42000,update,q_loss_cleanrl_logged,0.5679391622543335
42000,update,q_loss_cleanrl_logged_max,3.7133755683898926
42000,update,q_loss_cleanrl_logged_mean,0.7468334349095821
42000,update,q_loss_cleanrl_logged_min,0.29129213094711304
42000,update,q_loss_max,7.426751136779785
42000,update,q_loss_mean,1.4936668698191642
42000,update,q_loss_min,0.5825842618942261
42000,update,q_param_norm,248.1595458984375
42000,update,q_param_norm_max,248.1595458984375
42000,update,q_param_norm_mean,246.69038683319093
42000,update,q_param_norm_min,245.17694091796875
42000,update,q_update_norm,0.029202327132225037
42000,update,q_update_norm_max,0.06919202208518982
42000,update,q_update_norm_mean,0.03128374991752207
42000,update,q_update_norm_min,0.016059663146734238
42000,update,q_update_norm_ratio,0.0001664046620810698
42000,update,q_update_norm_ratio_max,0.0003979652744111089
42000,update,q_update_norm_ratio_mean,0.00017932849875358008
42000,update,q_update_norm_ratio_min,9.178311654799308e-05
42000,update,target_q_mean,-32.483821868896484
42000,update,target_q_mean_max,-21.801984786987305
42000,update,target_q_mean_mean,-31.797707117080687
42000,update,target_q_mean_min,-44.5634651184082
42200,train_episode,collapse,0.0
42200,train_episode,length,200.0
42200,train_episode,return,-0.5599977360821164
42200,train_episode,success,1.0
42400,train_episode,collapse,0.0
42400,train_episode,length,200.0
42400,train_episode,return,-118.71906773680726
42400,train_episode,success,1.0
42600,train_episode,collapse,0.0
42600,train_episode,length,200.0
42600,train_episode,return,-127.75523175078979
42600,train_episode,success,1.0
42800,train_episode,collapse,0.0
42800,train_episode,length,200.0
42800,train_episode,return,-119.84588937868037
42800,train_episode,success,1.0
43000,train_episode,collapse,0.0
43000,train_episode,length,200.0
43000,train_episode,return,-228.92077136958164
43000,train_episode,success,0.0
43000,update,actor_grad_norm,0.7364844083786011
43000,update,actor_grad_norm_max,8.050554275512695
43000,update,actor_grad_norm_mean,1.0455205428600312
43000,update,actor_grad_norm_min,0.14762505888938904
43000,update,actor_loss,25.054821014404297
43000,update,actor_loss_max,40.69609451293945
43000,update,actor_loss_mean,30.554636898040773
43000,update,actor_loss_min,19.061805725097656
43000,update,actor_param_norm,43.43829345703125
43000,update,actor_param_norm_max,43.43829345703125
43000,update,actor_param_norm_mean,43.13838381195068
43000,update,actor_param_norm_min,42.8040771484375
43000,update,actor_update_norm,0.01778663694858551
43000,update,actor_update_norm_max,0.05163950473070145
43000,update,actor_update_norm_mean,0.017513145200908183
43000,update,actor_update_norm_min,0.009828891605138779
43000,update,actor_update_norm_ratio,0.00040947110412275156
43000,update,actor_update_norm_ratio_max,0.001200676602226802
43000,update,actor_update_norm_ratio_mean,0.0004060832602934915
43000,update,actor_update_norm_ratio_min,0.00022649946323529023
43000,update,alpha,0.011699783615767956
43000,update,alpha_loss,0.0019826949574053288
43000,update,alpha_loss_max,0.006130300462245941
43000,update,alpha_loss_mean,0.0003154569147300208
43000,update,alpha_loss_min,-0.006215204950422049
43000,update,alpha_max,0.013430988416075706
43000,update,alpha_mean,0.01199288680497557
43000,update,alpha_min,0.011332754045724869
43000,update,num_optimizer_updates,1000.0
43000,update,policy_entropy_estimate,-0.830592691898346
43000,update,policy_entropy_estimate_max,-0.46967101097106934
43000,update,policy_entropy_estimate_mean,-0.974974328994751
43000,update,policy_entropy_estimate_min,-1.5416635274887085
43000,update,policy_log_prob_mean,0.830592691898346
43000,update,policy_log_prob_mean_max,1.5416635274887085
43000,update,policy_log_prob_mean_mean,0.974974328994751
43000,update,policy_log_prob_mean_min,0.46967101097106934
43000,update,q1_loss,0.46611279249191284
43000,update,q1_loss_max,8.078699111938477
43000,update,q1_loss_mean,0.8322404767125845
43000,update,q1_loss_min,0.18490439653396606
43000,update,q1_mean,-26.34601402282715
43000,update,q1_mean_max,-19.634498596191406
43000,update,q1_mean_mean,-31.099237745285034
43000,update,q1_mean_min,-41.417938232421875
43000,update,q2_loss,0.6149498224258423
43000,update,q2_loss_max,10.575690269470215
43000,update,q2_loss_mean,0.7915355264693499
43000,update,q2_loss_min,0.23783791065216064
43000,update,q2_mean,-26.314769744873047
43000,update,q2_mean_max,-19.785947799682617
43000,update,q2_mean_mean,-31.09909344673157
43000,update,q2_mean_min,-41.94744110107422
43000,update,q_grad_norm,92.54512786865234
43000,update,q_grad_norm_max,1009.707275390625
43000,update,q_grad_norm_mean,166.00124202728273
43000,update,q_grad_norm_min,45.24332046508789
43000,update,q_loss,1.0810625553131104
43000,update,q_loss_cleanrl_logged,0.5405312776565552
43000,update,q_loss_cleanrl_logged_max,9.327194213867188
43000,update,q_loss_cleanrl_logged_mean,0.8118880003988743
43000,update,q_loss_cleanrl_logged_min,0.2680187225341797
43000,update,q_loss_max,18.654388427734375
43000,update,q_loss_mean,1.6237760007977486
43000,update,q_loss_min,0.5360374450683594
43000,update,q_param_norm,251.02063751220703
43000,update,q_param_norm_max,251.02063751220703
43000,update,q_param_norm_mean,249.66643309783936
43000,update,q_param_norm_min,248.16673278808594
43000,update,q_update_norm,0.022404976189136505
43000,update,q_update_norm_max,0.09684479236602783
43000,update,q_update_norm_mean,0.03172811060026288
43000,update,q_update_norm_min,0.01523721031844616
43000,update,q_update_norm_ratio,0.00012621421606068481
43000,update,q_update_norm_ratio_max,0.0005484618060329396
43000,update,q_update_norm_ratio_mean,0.00017970282780644542
43000,update,q_update_norm_ratio_min,8.589989942615776e-05
43000,update,target_q_mean,-26.222780227661133
43000,update,target_q_mean_max,-19.790359497070312
43000,update,target_q_mean_mean,-31.09906871986389
43000,update,target_q_mean_min,-41.36688995361328
43200,train_episode,collapse,0.0
43200,train_episode,length,200.0
43200,train_episode,return,-127.7648370237392
43200,train_episode,success,1.0
43400,train_episode,collapse,0.0
43400,train_episode,length,200.0
43400,train_episode,return,-118.91063009517627
43400,train_episode,success,1.0
43600,train_episode,collapse,0.0
43600,train_episode,length,200.0
43600,train_episode,return,-117.34873472122877
43600,train_episode,success,1.0
43800,train_episode,collapse,0.0
43800,train_episode,length,200.0
43800,train_episode,return,-1.2335820556147816
43800,train_episode,success,1.0
44000,train_episode,collapse,0.0
44000,train_episode,length,200.0
44000,train_episode,return,-117.51442120634763
44000,train_episode,success,1.0
44000,update,actor_grad_norm,0.6703286170959473
44000,update,actor_grad_norm_max,3.1311604976654053
44000,update,actor_grad_norm_mean,1.068451480358839
44000,update,actor_grad_norm_min,0.21741549670696259
44000,update,actor_loss,26.362232208251953
44000,update,actor_loss_max,41.397342681884766
44000,update,actor_loss_mean,30.24406048965454
44000,update,actor_loss_min,19.783605575561523
44000,update,actor_param_norm,44.02084732055664
44000,update,actor_param_norm_max,44.02084732055664
44000,update,actor_param_norm_mean,43.736290119171144
44000,update,actor_param_norm_min,43.43717956542969
44000,update,actor_update_norm,0.01771482639014721
44000,update,actor_update_norm_max,0.03317353501915932
44000,update,actor_update_norm_mean,0.016788048444315792
44000,update,actor_update_norm_min,0.009526325389742851
44000,update,actor_update_norm_ratio,0.0004024249169487164
44000,update,actor_update_norm_ratio_max,0.0007616691407430358
44000,update,actor_update_norm_ratio_mean,0.0003838194205482242
44000,update,actor_update_norm_ratio_min,0.00021877286315306562
44000,update,alpha,0.011388463899493217
44000,update,alpha_loss,0.0029381143394857645
44000,update,alpha_loss_max,0.005481695290654898
44000,update,alpha_loss_mean,5.8641609037294985e-05
44000,update,alpha_loss_min,-0.005567430052906275
44000,update,alpha_max,0.011750045232474804
44000,update,alpha_mean,0.01123225791286677
44000,update,alpha_min,0.010440859012305737
44000,update,num_optimizer_updates,1000.0
44000,update,policy_entropy_estimate,-0.7421662211418152
44000,update,policy_entropy_estimate_max,-0.5277735590934753
44000,update,policy_entropy_estimate_mean,-0.9951204931735993
44000,update,policy_entropy_estimate_min,-1.516857624053955
44000,update,policy_log_prob_mean,0.7421662211418152
44000,update,policy_log_prob_mean_max,1.516857624053955
44000,update,policy_log_prob_mean_mean,0.9951204931735993
44000,update,policy_log_prob_mean_min,0.5277735590934753
44000,update,q1_loss,0.16821667551994324
44000,update,q1_loss_max,3.9302403926849365
44000,update,q1_loss_mean,0.744858447700739
44000,update,q1_loss_min,0.16821667551994324
44000,update,q1_mean,-26.429704666137695
44000,update,q1_mean_max,-19.522937774658203
44000,update,q1_mean_mean,-31.055501644134523
44000,update,q1_mean_min,-42.0919189453125
44000,update,q2_loss,0.30464839935302734
44000,update,q2_loss_max,3.806915760040283
44000,update,q2_loss_mean,0.6751115874648094
44000,update,q2_loss_min,0.15210698544979095
44000,update,q2_mean,-26.57149314880371
44000,update,q2_mean_max,-19.485248565673828
44000,update,q2_mean_mean,-31.05549204444885
44000,update,q2_mean_min,-41.84750747680664
44000,update,q_grad_norm,50.996028900146484
44000,update,q_grad_norm_max,405.9898681640625
44000,update,q_grad_norm_mean,151.52693560028075
44000,update,q_grad_norm_min,41.93560791015625
44000,update,q_loss,0.4728650748729706
44000,update,q_loss_cleanrl_logged,0.2364325374364853
44000,update,q_loss_cleanrl_logged_max,3.293412685394287
44000,update,q_loss_cleanrl_logged_mean,0.7099850178211927
44000,update,q_loss_cleanrl_logged_min,0.22787338495254517
44000,update,q_loss_max,6.586825370788574
44000,update,q_loss_mean,1.4199700356423854
44000,update,q_loss_min,0.45574676990509033
44000,update,q_param_norm,253.68903350830078
44000,update,q_param_norm_max,253.68903350830078
44000,update,q_param_norm_mean,252.32544869232177
44000,update,q_param_norm_min,251.02423095703125
44000,update,q_update_norm,0.020388180390000343
44000,update,q_update_norm_max,0.06541550904512405
44000,update,q_update_norm_mean,0.02961660486739129
44000,update,q_update_norm_min,0.01479676179587841
44000,update,q_update_norm_ratio,0.00011364312094724354
44000,update,q_update_norm_ratio_max,0.0003649340206255608
44000,update,q_update_norm_ratio_mean,0.0001659530672251951
44000,update,q_update_norm_ratio_min,8.294541594568363e-05
44000,update,target_q_mean,-26.40771484375
44000,update,target_q_mean_max,-19.805255889892578
44000,update,target_q_mean_mean,-31.05569554710388
44000,update,target_q_mean_min,-42.119537353515625
44200,train_episode,collapse,0.0
44200,train_episode,length,200.0
44200,train_episode,return,-120.29127306241962
44200,train_episode,success,1.0
44400,train_episode,collapse,0.0
44400,train_episode,length,200.0
44400,train_episode,return,-233.91811460653048
44400,train_episode,success,0.0
44600,train_episode,collapse,0.0
44600,train_episode,length,200.0
44600,train_episode,return,-1.4172603384881044
44600,train_episode,success,1.0
44800,train_episode,collapse,0.0
44800,train_episode,length,200.0
44800,train_episode,return,-0.3569994759856272
44800,train_episode,success,1.0
45000,train_episode,collapse,0.0
45000,train_episode,length,200.0
45000,train_episode,return,-116.10680041799255
45000,train_episode,success,1.0
45000,update,actor_grad_norm,0.7053961157798767
45000,update,actor_grad_norm_max,15.672388076782227
45000,update,actor_grad_norm_mean,1.0877354316413403
45000,update,actor_grad_norm_min,0.15571047365665436
45000,update,actor_loss,30.937082290649414
45000,update,actor_loss_max,41.95071792602539
45000,update,actor_loss_mean,29.366397499084474
45000,update,actor_loss_min,17.709625244140625
45000,update,actor_param_norm,44.588844299316406
45000,update,actor_param_norm_max,44.588844299316406
45000,update,actor_param_norm_mean,44.31390053939819
45000,update,actor_param_norm_min,44.02084732055664
45000,update,actor_update_norm,0.016913918778300285
45000,update,actor_update_norm_max,0.047742024064064026
45000,update,actor_update_norm_mean,0.01665919850952923
45000,update,actor_update_norm_min,0.008980492129921913
45000,update,actor_update_norm_ratio,0.00037934250893893355
45000,update,actor_update_norm_ratio_max,0.0010844577186154992
45000,update,actor_update_norm_ratio_mean,0.0003759345394374951
45000,update,actor_update_norm_ratio_min,0.00020353929780451778
45000,update,alpha,0.010730627924203873
45000,update,alpha_loss,-0.003599451156333089
45000,update,alpha_loss_max,0.0056385076604783535
45000,update,alpha_loss_mean,9.408695453748805e-05
45000,update,alpha_loss_min,-0.007275750394910574
45000,update,alpha_max,0.012070409022271633
45000,update,alpha_mean,0.01134946178086102
45000,update,alpha_min,0.01067658793181181
45000,update,num_optimizer_updates,1000.0
45000,update,policy_entropy_estimate,-1.3356937170028687
45000,update,policy_entropy_estimate_max,-0.48077622056007385
45000,update,policy_entropy_estimate_mean,-0.9919351616501808
45000,update,policy_entropy_estimate_min,-1.6340423822402954
45000,update,policy_log_prob_mean,1.3356937170028687
45000,update,policy_log_prob_mean_max,1.6340423822402954
45000,update,policy_log_prob_mean_mean,0.9919351616501808
45000,update,policy_log_prob_mean_min,0.48077622056007385
45000,update,q1_loss,0.7626556158065796
45000,update,q1_loss_max,3.341243267059326
45000,update,q1_loss_mean,0.7327854053378106
45000,update,q1_loss_min,0.21361172199249268
45000,update,q1_mean,-31.02736473083496
45000,update,q1_mean_max,-18.29351043701172
45000,update,q1_mean_mean,-30.18002589225769
45000,update,q1_mean_min,-43.51958084106445
45000,update,q2_loss,0.7718141078948975
45000,update,q2_loss_max,3.1768813133239746
45000,update,q2_loss_mean,0.6818877153545618
45000,update,q2_loss_min,0.18020910024642944
45000,update,q2_mean,-31.19779396057129
45000,update,q2_mean_max,-18.227210998535156
45000,update,q2_mean_mean,-30.17970734214783
45000,update,q2_mean_min,-43.7142333984375
45000,update,q_grad_norm,152.69754028320312
45000,update,q_grad_norm_max,512.19189453125
45000,update,q_grad_norm_mean,150.9906608505249
45000,update,q_grad_norm_min,54.052486419677734
45000,update,q_loss,1.534469723701477
45000,update,q_loss_cleanrl_logged,0.7672348618507385
45000,update,q_loss_cleanrl_logged_max,3.1358203887939453
45000,update,q_loss_cleanrl_logged_mean,0.7073365612030029
45000,update,q_loss_cleanrl_logged_min,0.2203117311000824
45000,update,q_loss_max,6.271640777587891
45000,update,q_loss_mean,1.4146731224060058
45000,update,q_loss_min,0.4406234622001648
45000,update,q_param_norm,256.4733123779297
45000,update,q_param_norm_max,256.4733123779297
45000,update,q_param_norm_mean,255.12728218841553
45000,update,q_param_norm_min,253.6897964477539
45000,update,q_update_norm,0.028265977278351784
45000,update,q_update_norm_max,0.06367383897304535
45000,update,q_update_norm_mean,0.030318942789919673
45000,update,q_update_norm_min,0.015276502817869186
45000,update,q_update_norm_ratio,0.00015584342347849437
45000,update,q_update_norm_ratio_max,0.0003526705732611049
45000,update,q_update_norm_ratio_mean,0.000168055982010188
45000,update,q_update_norm_ratio_min,8.451766140928111e-05
45000,update,target_q_mean,-31.174001693725586
45000,update,target_q_mean_max,-18.373432159423828
45000,update,target_q_mean_mean,-30.179883211135863
45000,update,target_q_mean_min,-43.58955764770508
45000,replay,action_abs_max,2.0
45000,replay,action_abs_mean,0.8880125284194946
45000,replay,action_saturation_fraction,0.07433333333333333
45000,replay,capacity,100000.0
45000,replay,done_fraction,0.0
45000,replay,fill_fraction,0.45
45000,replay,near_upright_any_transition_fraction,0.7211777777777778
45000,replay,near_upright_next_obs_fraction,0.7208666666666667
45000,replay,near_upright_obs_fraction,0.7172222222222222
45000,replay,reward_max,-1.0757337349787122e-06
45000,replay,reward_mean,-1.5939466953277588
45000,replay,reward_min,-16.252336502075195
45000,replay,reward_std,3.2184996604919434
45000,replay,sample_count_max,651.0
45000,replay,sample_count_mean,227.55555555555554
45000,replay,size,45000.0
45000,replay,transition_age_max,44999.0
45000,replay,transition_age_mean,22499.5
45000,diagnostics,actor_layer0_activation_abs_max,3.755070686340332
45000,diagnostics,actor_layer0_activation_abs_mean,0.17574694752693176
45000,diagnostics,actor_layer0_dormant_fraction,0.05078125
45000,diagnostics,actor_layer0_effective_rank_fraction,0.05851564183831215
45000,diagnostics,actor_layer1_activation_abs_max,6.392344951629639
45000,diagnostics,actor_layer1_activation_abs_mean,0.09051931649446487
45000,diagnostics,actor_layer1_dormant_fraction,0.3671875
45000,diagnostics,actor_layer1_effective_rank_fraction,0.1326213777065277
45000,diagnostics,actor_param_norm,44.588844299316406
45000,diagnostics,alpha,0.010730627924203873
45000,diagnostics,q1_layer0_activation_abs_max,7.197690963745117
45000,diagnostics,q1_layer0_activation_abs_mean,0.3937680721282959
45000,diagnostics,q1_layer0_dormant_fraction,0.02734375
45000,diagnostics,q1_layer0_effective_rank_fraction,0.07041871547698975
45000,diagnostics,q1_layer1_activation_abs_max,43.61570739746094
45000,diagnostics,q1_layer1_activation_abs_mean,2.4119765758514404
45000,diagnostics,q1_layer1_dormant_fraction,0.40625
45000,diagnostics,q1_layer1_effective_rank_fraction,0.06772736459970474
45000,diagnostics,q1_param_norm,130.22743225097656
45000,diagnostics,q2_layer0_activation_abs_max,6.827985763549805
45000,diagnostics,q2_layer0_activation_abs_mean,0.3633061349391937
45000,diagnostics,q2_layer0_dormant_fraction,0.03515625
45000,diagnostics,q2_layer0_effective_rank_fraction,0.06511855870485306
45000,diagnostics,q2_layer1_activation_abs_max,26.739513397216797
45000,diagnostics,q2_layer1_activation_abs_mean,2.287688732147217
45000,diagnostics,q2_layer1_dormant_fraction,0.453125
45000,diagnostics,q2_layer1_effective_rank_fraction,0.06434505432844162
45000,diagnostics,q2_param_norm,126.24588012695312
45000,eval,best_return,-0.20631961233526813
45000,eval,collapse_rate,0.0
45000,eval,failure_rate,0.6
45000,eval,fraction_return_ge_-100,0.2
45000,eval,fraction_return_ge_-150,0.4
45000,eval,fraction_return_ge_-200,0.4
45000,eval,fraction_return_ge_-250,0.8
45000,eval,max_not_near_upright_streak,67.0
45000,eval,mean_episode_length,200.0
45000,eval,mean_min_step_reward,-10.844288691615246
45000,eval,mean_return,-172.46748413355505
45000,eval,median_return,-225.98911309213156
45000,eval,near_upright_fraction,0.835
45000,eval,num_collapses,0.0
45000,eval,num_eval_episodes,10.0
45000,eval,num_strict_successes,4.0
45000,eval,num_successes,4.0
45000,eval,return_failure_rate,0.6
45000,eval,return_p05,-273.96831493845866
45000,eval,return_p10,-258.519486456741
45000,eval,return_p25,-242.2538362228845
45000,eval,return_p75,-120.28930872195515
45000,eval,return_p90,-0.22288173819181634
45000,eval,return_p95,-0.21460067526354226
45000,eval,return_reliability_nines_empirical,0.22184874961635637
45000,eval,return_reliability_nines_wilson95_low,0.07997081395541751
45000,eval,return_success_rate,0.4
45000,eval,stability_success_rate,0.6
45000,eval,std_return,100.23260968866359
45000,eval,streak_success_rate,0.9
45000,eval,strict_failure_rate,0.6
45000,eval,strict_reliability_nines_empirical,0.22184874961635637
45000,eval,strict_reliability_nines_wilson95_low,0.07997081395541751
45000,eval,strict_success_rate,0.4
45000,eval,strict_success_rate_wilson95_high,0.6873262302663417
45000,eval,strict_success_rate_wilson95_low,0.16818032970623614
45000,eval,success_rate,0.4
45000,eval,success_rate_wilson95_high,0.6873262302663417
45000,eval,success_rate_wilson95_low,0.16818032970623614
45000,eval,worst_episode_near_upright_fraction,0.665
45000,eval,worst_min_step_reward,-15.823035979011301
45000,eval,worst_return,-289.4171434201764
45200,train_episode,collapse,0.0
45200,train_episode,length,200.0
45200,train_episode,return,-117.66382146506692
45200,train_episode,success,1.0
45400,train_episode,collapse,0.0
45400,train_episode,length,200.0
45400,train_episode,return,-120.56535206601147
45400,train_episode,success,1.0
45600,train_episode,collapse,0.0
45600,train_episode,length,200.0
45600,train_episode,return,-127.8396737132217
45600,train_episode,success,1.0
45800,train_episode,collapse,0.0
45800,train_episode,length,200.0
45800,train_episode,return,-235.69709702263506
45800,train_episode,success,0.0
46000,train_episode,collapse,0.0
46000,train_episode,length,200.0
46000,train_episode,return,-124.05934901217555
46000,train_episode,success,1.0
46000,update,actor_grad_norm,1.5542997121810913
46000,update,actor_grad_norm_max,3.8037712574005127
46000,update,actor_grad_norm_mean,1.0495026654601096
46000,update,actor_grad_norm_min,0.2295205444097519
46000,update,actor_loss,26.70009422302246
46000,update,actor_loss_max,41.748451232910156
46000,update,actor_loss_mean,29.234347869873048
46000,update,actor_loss_min,18.748491287231445
46000,update,actor_param_norm,45.169925689697266
46000,update,actor_param_norm_max,45.169925689697266
46000,update,actor_param_norm_mean,44.87091823196411
46000,update,actor_param_norm_min,44.588844299316406
46000,update,actor_update_norm,0.018155531957745552
46000,update,actor_update_norm_max,0.0423218235373497
46000,update,actor_update_norm_mean,0.016750928139314055
46000,update,actor_update_norm_min,0.008875248953700066
46000,update,actor_update_norm_ratio,0.0004019394455999989
46000,update,actor_update_norm_ratio_max,0.000939871797012769
46000,update,actor_update_norm_ratio_mean,0.0003732198944215281
46000,update,actor_update_norm_ratio_min,0.000198599900086765
46000,update,alpha,0.010367583483457565
46000,update,alpha_loss,0.001025516539812088
46000,update,alpha_loss_max,0.004292957950383425
46000,update,alpha_loss_mean,6.570014127646573e-05
46000,update,alpha_loss_min,-0.0055511933751404285
46000,update,alpha_max,0.011311989277601242
46000,update,alpha_mean,0.010563532803207636
46000,update,alpha_min,0.010046206414699554
46000,update,num_optimizer_updates,1000.0
46000,update,policy_entropy_estimate,-0.9011071920394897
46000,update,policy_entropy_estimate_max,-0.5815344452857971
46000,update,policy_entropy_estimate_mean,-0.9942564822435379
46000,update,policy_entropy_estimate_min,-1.5158644914627075
46000,update,policy_log_prob_mean,0.9011071920394897
46000,update,policy_log_prob_mean_max,1.5158644914627075
46000,update,policy_log_prob_mean_mean,0.9942564822435379
46000,update,policy_log_prob_mean_min,0.5815344452857971
46000,update,q1_loss,0.5235514044761658
46000,update,q1_loss_max,3.2605855464935303
46000,update,q1_loss_mean,0.7173649595975876
46000,update,q1_loss_min,0.21359898149967194
46000,update,q1_mean,-27.618165969848633
46000,update,q1_mean_max,-18.157272338867188
46000,update,q1_mean_mean,-29.837404611587523
46000,update,q1_mean_min,-42.91114044189453
46000,update,q2_loss,0.6176182627677917
46000,update,q2_loss_max,3.8050694465637207
46000,update,q2_loss_mean,0.6992090355455876
46000,update,q2_loss_min,0.21695399284362793
46000,update,q2_mean,-27.67374610900879
46000,update,q2_mean_max,-18.95496940612793
46000,update,q2_mean_mean,-29.837055765151977
46000,update,q2_mean_min,-42.916324615478516
46000,update,q_grad_norm,136.2175750732422
46000,update,q_grad_norm_max,414.9107360839844
46000,update,q_grad_norm_mean,153.36129904556273
46000,update,q_grad_norm_min,48.982872009277344
46000,update,q_loss,1.1411696672439575
46000,update,q_loss_cleanrl_logged,0.5705848336219788
46000,update,q_loss_cleanrl_logged_max,3.1122496128082275
46000,update,q_loss_cleanrl_logged_mean,0.7082869984805584
46000,update,q_loss_cleanrl_logged_min,0.23987668752670288
46000,update,q_loss_max,6.224499225616455
46000,update,q_loss_mean,1.4165739969611169
46000,update,q_loss_min,0.47975337505340576
46000,update,q_param_norm,259.2031936645508
46000,update,q_param_norm_max,259.2031936645508
46000,update,q_param_norm_mean,257.83481620025634
46000,update,q_param_norm_min,256.4757614135742
46000,update,q_update_norm,0.0319298654794693
46000,update,q_update_norm_max,0.07981900870800018
46000,update,q_update_norm_mean,0.03124286112561822
46000,update,q_update_norm_min,0.01688292995095253
46000,update,q_update_norm_ratio,0.00017419006182125952
46000,update,q_update_norm_ratio_max,0.00043633775163882574
46000,update,q_update_norm_ratio_mean,0.00017133073101109096
46000,update,q_update_norm_ratio_min,9.245690197811104e-05
46000,update,target_q_mean,-27.27019500732422
46000,update,target_q_mean_max,-18.790576934814453
46000,update,target_q_mean_mean,-29.837123300552367
46000,update,target_q_mean_min,-43.04084396362305
46200,train_episode,collapse,0.0
46200,train_episode,length,200.0
46200,train_episode,return,-232.37224751182163
46200,train_episode,success,0.0
46400,train_episode,collapse,0.0
46400,train_episode,length,200.0
46400,train_episode,return,-117.70140875517394
46400,train_episode,success,1.0
46600,train_episode,collapse,0.0
46600,train_episode,length,200.0
46600,train_episode,return,-116.06543574072019
46600,train_episode,success,1.0
46800,train_episode,collapse,0.0
46800,train_episode,length,200.0
46800,train_episode,return,-113.99134094827951
46800,train_episode,success,1.0
47000,train_episode,collapse,0.0
47000,train_episode,length,200.0
47000,train_episode,return,-0.48815630020529494
47000,train_episode,success,1.0
47000,update,actor_grad_norm,0.3709445893764496
47000,update,actor_grad_norm_max,4.103817939758301
47000,update,actor_grad_norm_mean,1.0940222920179368
47000,update,actor_grad_norm_min,0.20146724581718445
47000,update,actor_loss,28.07842445373535
47000,update,actor_loss_max,39.93094253540039
47000,update,actor_loss_mean,28.3779700050354
47000,update,actor_loss_min,19.08083724975586
47000,update,actor_param_norm,45.68111801147461
47000,update,actor_param_norm_max,45.68111801147461
47000,update,actor_param_norm_mean,45.43223006439209
47000,update,actor_param_norm_min,45.169925689697266
47000,update,actor_update_norm,0.011373426765203476
47000,update,actor_update_norm_max,0.03404354676604271
47000,update,actor_update_norm_mean,0.016065453829243778
47000,update,actor_update_norm_min,0.008957120589911938
47000,update,actor_update_norm_ratio,0.0002489757244332238
47000,update,actor_update_norm_ratio_max,0.000751651425433711
47000,update,actor_update_norm_ratio_mean,0.00035361497000142617
47000,update,actor_update_norm_ratio_min,0.00019703099589616905
47000,update,alpha,0.01081923022866249
47000,update,alpha_loss,0.0018650266574695706
47000,update,alpha_loss_max,0.00521557591855526
47000,update,alpha_loss_mean,-7.163576416496654e-05
47000,update,alpha_loss_min,-0.005554839037358761
47000,update,alpha_max,0.010860404931008816
47000,update,alpha_mean,0.010265188435092568
47000,update,alpha_min,0.009863481856882572
47000,update,num_optimizer_updates,1000.0
47000,update,policy_entropy_estimate,-0.8277240991592407
47000,update,policy_entropy_estimate_max,-0.5051103830337524
47000,update,policy_entropy_estimate_mean,-1.0073275295495987
47000,update,policy_entropy_estimate_min,-1.5464717149734497
47000,update,policy_log_prob_mean,0.8277240991592407
47000,update,policy_log_prob_mean_max,1.5464717149734497
47000,update,policy_log_prob_mean_mean,1.0073275295495987
47000,update,policy_log_prob_mean_min,0.5051103830337524
47000,update,q1_loss,0.6401917338371277
47000,update,q1_loss_max,3.0150043964385986
47000,update,q1_loss_mean,0.6954813240319491
47000,update,q1_loss_min,0.20662802457809448
47000,update,q1_mean,-28.198284149169922
47000,update,q1_mean_max,-15.520586013793945
47000,update,q1_mean_mean,-28.959309438705443
47000,update,q1_mean_min,-42.83534622192383
47000,update,q2_loss,0.42703977227211
47000,update,q2_loss_max,3.2106592655181885
47000,update,q2_loss_mean,0.705070098310709
47000,update,q2_loss_min,0.21297003328800201
47000,update,q2_mean,-28.295482635498047
47000,update,q2_mean_max,-15.671796798706055
47000,update,q2_mean_mean,-28.959067863464355
47000,update,q2_mean_min,-42.565460205078125
47000,update,q_grad_norm,103.36477661132812
47000,update,q_grad_norm_max,423.25732421875
47000,update,q_grad_norm_mean,151.10188274765014
47000,update,q_grad_norm_min,47.893531799316406
47000,update,q_loss,1.06723153591156
47000,update,q_loss_cleanrl_logged,0.53361576795578
47000,update,q_loss_cleanrl_logged_max,3.044875144958496
47000,update,q_loss_cleanrl_logged_mean,0.7002757108807564
47000,update,q_loss_cleanrl_logged_min,0.24981462955474854
47000,update,q_loss_max,6.089750289916992
47000,update,q_loss_mean,1.4005514217615127
47000,update,q_loss_min,0.49962925910949707
47000,update,q_param_norm,261.5859832763672
47000,update,q_param_norm_max,261.5859832763672
47000,update,q_param_norm_mean,260.43134577178955
47000,update,q_param_norm_min,259.2062683105469
47000,update,q_update_norm,0.02196485735476017
47000,update,q_update_norm_max,0.06075837463140488
47000,update,q_update_norm_mean,0.030718616878613828
47000,update,q_update_norm_min,0.017050696536898613
47000,update,q_update_norm_ratio,0.00011873391401648071
47000,update,q_update_norm_ratio_max,0.0003285259641809822
47000,update,q_update_norm_ratio_mean,0.00016678786934730384
47000,update,q_update_norm_ratio_min,9.252560010550504e-05
47000,update,target_q_mean,-28.286943435668945
47000,update,target_q_mean_max,-15.514204978942871
47000,update,target_q_mean_mean,-28.959613310813904
47000,update,target_q_mean_min,-42.59967803955078
47200,train_episode,collapse,0.0
47200,train_episode,length,200.0
47200,train_episode,return,-114.10012972323487
47200,train_episode,success,1.0
47400,train_episode,collapse,0.0
47400,train_episode,length,200.0
47400,train_episode,return,-1.109302222982315
47400,train_episode,success,1.0
47600,train_episode,collapse,0.0
47600,train_episode,length,200.0
47600,train_episode,return,-237.74609698473884
47600,train_episode,success,0.0
47800,train_episode,collapse,0.0
47800,train_episode,length,200.0
47800,train_episode,return,-118.22328568415092
47800,train_episode,success,1.0
48000,train_episode,collapse,0.0
48000,train_episode,length,200.0
48000,train_episode,return,-118.29120655620402
48000,train_episode,success,1.0
48000,update,actor_grad_norm,0.577076256275177
48000,update,actor_grad_norm_max,4.141846656799316
48000,update,actor_grad_norm_mean,1.0775381808578968
48000,update,actor_grad_norm_min,0.21907593309879303
48000,update,actor_loss,31.414384841918945
48000,update,actor_loss_max,38.96760940551758
48000,update,actor_loss_mean,28.05513682937622
48000,update,actor_loss_min,18.223905563354492
48000,update,actor_param_norm,46.212581634521484
48000,update,actor_param_norm_max,46.212581634521484
48000,update,actor_param_norm_mean,45.95752751159668
48000,update,actor_param_norm_min,45.68111801147461
48000,update,actor_update_norm,0.014627519994974136
48000,update,actor_update_norm_max,0.029401477426290512
48000,update,actor_update_norm_mean,0.016685984944924712
48000,update,actor_update_norm_min,0.00933836679905653
48000,update,actor_update_norm_ratio,0.0003165287468737298
48000,update,actor_update_norm_ratio_max,0.0006380612687857472
48000,update,actor_update_norm_ratio_mean,0.00036306271691193627
48000,update,actor_update_norm_ratio_min,0.00020386443748264692
48000,update,alpha,0.009163729846477509
48000,update,alpha_loss,0.0011307180393487215
48000,update,alpha_loss_max,0.005779880098998547
48000,update,alpha_loss_mean,0.0003333264769753441
48000,update,alpha_loss_min,-0.007556974422186613
48000,update,alpha_max,0.0116791483014822
48000,update,alpha_mean,0.010271159971132874
48000,update,alpha_min,0.009163729846477509
48000,update,num_optimizer_updates,1000.0
48000,update,policy_entropy_estimate,-0.8766813278198242
48000,update,policy_entropy_estimate_max,-0.48463431000709534
48000,update,policy_entropy_estimate_mean,-0.9670530614852906
48000,update,policy_entropy_estimate_min,-1.6737666130065918
48000,update,policy_log_prob_mean,0.8766813278198242
48000,update,policy_log_prob_mean_max,1.6737666130065918
48000,update,policy_log_prob_mean_mean,0.9670530614852906
48000,update,policy_log_prob_mean_min,0.48463431000709534
48000,update,q1_loss,0.5563564300537109
48000,update,q1_loss_max,3.7945969104766846
48000,update,q1_loss_mean,0.7650169744491577
48000,update,q1_loss_min,0.1943328082561493
48000,update,q1_mean,-31.72820281982422
48000,update,q1_mean_max,-16.183212280273438
48000,update,q1_mean_mean,-28.565721801757814
48000,update,q1_mean_min,-43.229278564453125
48000,update,q2_loss,0.4895525574684143
48000,update,q2_loss_max,4.086359977722168
48000,update,q2_loss_mean,0.75250795532763
48000,update,q2_loss_min,0.16023440659046173
48000,update,q2_mean,-31.86392593383789
48000,update,q2_mean_max,-16.483043670654297
48000,update,q2_mean_mean,-28.5658211517334
48000,update,q2_mean_min,-42.99266815185547
48000,update,q_grad_norm,78.14382934570312
48000,update,q_grad_norm_max,481.6910400390625
48000,update,q_grad_norm_mean,167.58147449493407
48000,update,q_grad_norm_min,45.39693069458008
48000,update,q_loss,1.0459089279174805
48000,update,q_loss_cleanrl_logged,0.5229544639587402
48000,update,q_loss_cleanrl_logged_max,3.9404783248901367
48000,update,q_loss_cleanrl_logged_mean,0.7587624635398388
48000,update,q_loss_cleanrl_logged_min,0.2341085821390152
48000,update,q_loss_max,7.880956649780273
48000,update,q_loss_mean,1.5175249270796776
48000,update,q_loss_min,0.4682171642780304
48000,update,q_param_norm,264.15025329589844
48000,update,q_param_norm_max,264.15025329589844
48000,update,q_param_norm_mean,262.86262878417966
48000,update,q_param_norm_min,261.58135986328125
48000,update,q_update_norm,0.026558855548501015
48000,update,q_update_norm_max,0.07261323183774948
48000,update,q_update_norm_mean,0.03263030218705535
48000,update,q_update_norm_min,0.017632966861128807
48000,update,q_update_norm_ratio,0.00014217354243966474
48000,update,q_update_norm_ratio_max,0.00039142886439426903
48000,update,q_update_norm_ratio_mean,0.0001755312995342249
48000,update,q_update_norm_ratio_min,9.47709645915091e-05
48000,update,target_q_mean,-31.87171173095703
48000,update,target_q_mean_max,-16.431087493896484
48000,update,target_q_mean_mean,-28.565931728363037
48000,update,target_q_mean_min,-42.47831726074219
48200,train_episode,collapse,0.0
48200,train_episode,length,200.0
48200,train_episode,return,-125.12733152389643
48200,train_episode,success,1.0
48400,train_episode,collapse,0.0
48400,train_episode,length,200.0
48400,train_episode,return,-0.5738852118262043
48400,train_episode,success,1.0
48600,train_episode,collapse,0.0
48600,train_episode,length,200.0
48600,train_episode,return,-123.09457388270778
48600,train_episode,success,1.0
48800,train_episode,collapse,0.0
48800,train_episode,length,200.0
48800,train_episode,return,-1.6203714184439317
48800,train_episode,success,1.0
49000,train_episode,collapse,0.0
49000,train_episode,length,200.0
49000,train_episode,return,-124.38763414407778
49000,train_episode,success,1.0
49000,update,actor_grad_norm,1.5194822549819946
49000,update,actor_grad_norm_max,7.953017234802246
49000,update,actor_grad_norm_mean,1.0071054600179195
49000,update,actor_grad_norm_min,0.2025795429944992
49000,update,actor_loss,20.58910369873047
49000,update,actor_loss_max,40.6331787109375
49000,update,actor_loss_mean,27.64642780685425
49000,update,actor_loss_min,18.24829864501953
49000,update,actor_param_norm,46.75478744506836
49000,update,actor_param_norm_max,46.75478744506836
49000,update,actor_param_norm_mean,46.47514807128906
49000,update,actor_param_norm_min,46.212581634521484
49000,update,actor_update_norm,0.020634593442082405
49000,update,actor_update_norm_max,0.03403463587164879
49000,update,actor_update_norm_mean,0.016811878629028797
49000,update,actor_update_norm_min,0.009222663938999176
49000,update,actor_update_norm_ratio,0.00044134033566854567
49000,update,actor_update_norm_ratio_max,0.0007310953591982857
49000,update,actor_update_norm_ratio_mean,0.00036169906616486677
49000,update,actor_update_norm_ratio_min,0.00019863525919689988
49000,update,alpha,0.008910475298762321
49000,update,alpha_loss,0.00038931387825869024
49000,update,alpha_loss_max,0.0052118683233857155
49000,update,alpha_loss_mean,3.34797406103462e-05
49000,update,alpha_loss_min,-0.004616566002368927
49000,update,alpha_max,0.009163729846477509
49000,update,alpha_mean,0.008399310687556862
49000,update,alpha_min,0.0078864935785532
49000,update,num_optimizer_updates,1000.0
49000,update,policy_entropy_estimate,-0.9562849998474121
49000,update,policy_entropy_estimate_max,-0.37683042883872986
49000,update,policy_entropy_estimate_mean,-0.9969082477092743
49000,update,policy_entropy_estimate_min,-1.554978847503662
49000,update,policy_log_prob_mean,0.9562849998474121
49000,update,policy_log_prob_mean_max,1.554978847503662
49000,update,policy_log_prob_mean_mean,0.9969082477092743
49000,update,policy_log_prob_mean_min,0.37683042883872986
49000,update,q1_loss,0.9591634273529053
49000,update,q1_loss_max,3.327852249145508
49000,update,q1_loss_mean,0.6595762822031975
49000,update,q1_loss_min,0.1716824620962143
49000,update,q1_mean,-20.776681900024414
49000,update,q1_mean_max,-17.60919761657715
49000,update,q1_mean_mean,-28.102444768905638
49000,update,q1_mean_min,-41.43328857421875
49000,update,q2_loss,0.7124760746955872
49000,update,q2_loss_max,2.8963825702667236
49000,update,q2_loss_mean,0.6313149062395096
49000,update,q2_loss_min,0.19437704980373383
49000,update,q2_mean,-21.02597999572754
49000,update,q2_mean_max,-17.592269897460938
49000,update,q2_mean_mean,-28.10241355705261
49000,update,q2_mean_min,-41.206993103027344
49000,update,q_grad_norm,223.9942169189453
49000,update,q_grad_norm_max,391.5043640136719
49000,update,q_grad_norm_mean,145.79390325927736
49000,update,q_grad_norm_min,38.25352096557617
49000,update,q_loss,1.6716394424438477
49000,update,q_loss_cleanrl_logged,0.8358197212219238
49000,update,q_loss_cleanrl_logged_max,3.112117290496826
49000,update,q_loss_cleanrl_logged_mean,0.6454455942213535
49000,update,q_loss_cleanrl_logged_min,0.20077908039093018
49000,update,q_loss_max,6.224234580993652
49000,update,q_loss_mean,1.290891188442707
49000,update,q_loss_min,0.40155816078186035
49000,update,q_param_norm,266.4703369140625
49000,update,q_param_norm_max,266.4703369140625
49000,update,q_param_norm_mean,265.293987197876
49000,update,q_param_norm_min,264.1455841064453
49000,update,q_update_norm,0.03979245200753212
49000,update,q_update_norm_max,0.05607364699244499
49000,update,q_update_norm_mean,0.029405440965667367
49000,update,q_update_norm_min,0.015987783670425415
49000,update,q_update_norm_ratio,0.00021116247011340283
49000,update,q_update_norm_ratio_max,0.00029907996856366975
49000,update,q_update_norm_ratio_mean,0.00015671253176695543
49000,update,q_update_norm_ratio_min,8.513386234015393e-05
49000,update,target_q_mean,-21.21254539489746
49000,update,target_q_mean_max,-17.636117935180664
49000,update,target_q_mean_mean,-28.10251767921448
49000,update,target_q_mean_min,-41.332454681396484
49200,train_episode,collapse,0.0
49200,train_episode,length,200.0
49200,train_episode,return,-122.13188492814788
49200,train_episode,success,1.0
49400,train_episode,collapse,0.0
49400,train_episode,length,200.0
49400,train_episode,return,-1.534022217868007
49400,train_episode,success,1.0
49600,train_episode,collapse,0.0
49600,train_episode,length,200.0
49600,train_episode,return,-126.32175959029489
49600,train_episode,success,1.0
49800,train_episode,collapse,0.0
49800,train_episode,length,200.0
49800,train_episode,return,-126.93191041630985
49800,train_episode,success,1.0
50000,train_episode,collapse,0.0
50000,train_episode,length,200.0
50000,train_episode,return,-2.230454021962276
50000,train_episode,success,1.0
50000,update,actor_grad_norm,1.6193617582321167
50000,update,actor_grad_norm_max,4.895036220550537
50000,update,actor_grad_norm_mean,1.0589208572208881
50000,update,actor_grad_norm_min,0.20409956574440002
50000,update,actor_loss,22.093387603759766
50000,update,actor_loss_max,37.399356842041016
50000,update,actor_loss_mean,27.056633045196534
50000,update,actor_loss_min,16.790422439575195
50000,update,actor_param_norm,47.295928955078125
50000,update,actor_param_norm_max,47.29618453979492
50000,update,actor_param_norm_mean,47.050234127044675
50000,update,actor_param_norm_min,46.75478744506836
50000,update,actor_update_norm,0.019142065197229385
50000,update,actor_update_norm_max,0.039244331419467926
50000,update,actor_update_norm_mean,0.017003364900127053
50000,update,actor_update_norm_min,0.009504678659141064
50000,update,actor_update_norm_ratio,0.00040473165026661353
50000,update,actor_update_norm_ratio_max,0.0008336819424143542
50000,update,actor_update_norm_ratio_mean,0.000361374631675675
50000,update,actor_update_norm_ratio_min,0.00020284891845057107
50000,update,alpha,0.008813891559839249
50000,update,alpha_loss,0.0014964987058192492
50000,update,alpha_loss_max,0.004419018514454365
50000,update,alpha_loss_mean,1.5685190650401638e-05
50000,update,alpha_loss_min,-0.005036874674260616
50000,update,alpha_max,0.00967077724635601
50000,update,alpha_mean,0.009245060661807657
50000,update,alpha_min,0.008805661462247372
50000,update,num_optimizer_updates,1000.0
50000,update,policy_entropy_estimate,-0.8302117586135864
50000,update,policy_entropy_estimate_max,-0.5318020582199097
50000,update,policy_entropy_estimate_mean,-0.9985481948852539
50000,update,policy_entropy_estimate_min,-1.5273935794830322
50000,update,policy_log_prob_mean,0.8302117586135864
50000,update,policy_log_prob_mean_max,1.5273935794830322
50000,update,policy_log_prob_mean_mean,0.9985481948852539
50000,update,policy_log_prob_mean_min,0.5318020582199097
50000,update,q1_loss,0.4345075488090515
50000,update,q1_loss_max,3.9174392223358154
50000,update,q1_loss_mean,0.772659828722477
50000,update,q1_loss_min,0.18244054913520813
50000,update,q1_mean,-22.384490966796875
50000,update,q1_mean_max,-17.512659072875977
50000,update,q1_mean_mean,-27.589628005981446
50000,update,q1_mean_min,-41.53874206542969
50000,update,q2_loss,0.5239525437355042
50000,update,q2_loss_max,3.2085673809051514
50000,update,q2_loss_mean,0.7037823926657438
50000,update,q2_loss_min,0.18048635125160217
50000,update,q2_mean,-22.604036331176758
50000,update,q2_mean_max,-17.327760696411133
50000,update,q2_mean_mean,-27.589297740936278
50000,update,q2_mean_min,-41.45153045654297
50000,update,q_grad_norm,98.67703247070312
50000,update,q_grad_norm_max,476.14349365234375
50000,update,q_grad_norm_mean,158.90969888687133
50000,update,q_grad_norm_min,56.83028030395508
50000,update,q_loss,0.9584600925445557
50000,update,q_loss_cleanrl_logged,0.47923004627227783
50000,update,q_loss_cleanrl_logged_max,3.076962947845459
50000,update,q_loss_cleanrl_logged_mean,0.7382211098968983
50000,update,q_loss_cleanrl_logged_min,0.2347969114780426
50000,update,q_loss_max,6.153925895690918
50000,update,q_loss_mean,1.4764422197937965
50000,update,q_loss_min,0.4695938229560852
50000,update,q_param_norm,268.80638122558594
50000,update,q_param_norm_max,268.80638122558594
50000,update,q_param_norm_mean,267.6072834472656
50000,update,q_param_norm_min,266.4744873046875
50000,update,q_update_norm,0.024227257817983627
50000,update,q_update_norm_max,0.05865151435136795
50000,update,q_update_norm_mean,0.0333121501468122
50000,update,q_update_norm_min,0.016804475337266922
50000,update,q_update_norm_ratio,0.0001274439129745733
50000,update,q_update_norm_ratio_max,0.00030962818899225305
50000,update,q_update_norm_ratio_mean,0.00017601918266380652
50000,update,q_update_norm_ratio_min,8.909527853289723e-05
50000,update,target_q_mean,-22.468215942382812
50000,update,target_q_mean_max,-17.123210906982422
50000,update,target_q_mean_mean,-27.589642656326294
50000,update,target_q_mean_min,-41.48012924194336
50000,replay,action_abs_max,2.0
50000,replay,action_abs_mean,0.8570173978805542
50000,replay,action_saturation_fraction,0.07174
50000,replay,capacity,100000.0
50000,replay,done_fraction,0.0
50000,replay,fill_fraction,0.5
50000,replay,near_upright_any_transition_fraction,0.73788
50000,replay,near_upright_next_obs_fraction,0.7376
50000,replay,near_upright_obs_fraction,0.73388
50000,replay,reward_max,-1.0757337349787122e-06
50000,replay,reward_mean,-1.4875494241714478
50000,replay,reward_min,-16.252336502075195
50000,replay,reward_std,3.1363372802734375
50000,replay,sample_count_max,680.0
50000,replay,sample_count_mean,230.4
50000,replay,size,50000.0
50000,replay,transition_age_max,49999.0
50000,replay,transition_age_mean,24999.5
50000,diagnostics,actor_layer0_activation_abs_max,3.536024570465088
50000,diagnostics,actor_layer0_activation_abs_mean,0.16658541560173035
50000,diagnostics,actor_layer0_dormant_fraction,0.0234375
50000,diagnostics,actor_layer0_effective_rank_fraction,0.057338882237672806
50000,diagnostics,actor_layer1_activation_abs_max,5.873831748962402
50000,diagnostics,actor_layer1_activation_abs_mean,0.07873427122831345
50000,diagnostics,actor_layer1_dormant_fraction,0.37890625
50000,diagnostics,actor_layer1_effective_rank_fraction,0.13492615520954132
50000,diagnostics,actor_param_norm,47.295928955078125
50000,diagnostics,alpha,0.008813891559839249
50000,diagnostics,q1_layer0_activation_abs_max,6.77736759185791
50000,diagnostics,q1_layer0_activation_abs_mean,0.38776153326034546
50000,diagnostics,q1_layer0_dormant_fraction,0.015625
50000,diagnostics,q1_layer0_effective_rank_fraction,0.06882686913013458
50000,diagnostics,q1_layer1_activation_abs_max,43.88406753540039
50000,diagnostics,q1_layer1_activation_abs_mean,2.511061668395996
50000,diagnostics,q1_layer1_dormant_fraction,0.40625
50000,diagnostics,q1_layer1_effective_rank_fraction,0.06769107282161713
50000,diagnostics,q1_param_norm,136.66793823242188
50000,diagnostics,q2_layer0_activation_abs_max,6.820594310760498
50000,diagnostics,q2_layer0_activation_abs_mean,0.3553084433078766
50000,diagnostics,q2_layer0_dormant_fraction,0.02734375
50000,diagnostics,q2_layer0_effective_rank_fraction,0.06518429517745972
50000,diagnostics,q2_layer1_activation_abs_max,26.429311752319336
50000,diagnostics,q2_layer1_activation_abs_mean,2.405759811401367
50000,diagnostics,q2_layer1_dormant_fraction,0.453125
50000,diagnostics,q2_layer1_effective_rank_fraction,0.0642036572098732
50000,diagnostics,q2_param_norm,132.13844299316406
50000,eval,best_return,-0.4182836077774212
50000,eval,collapse_rate,0.0
50000,eval,failure_rate,0.6
50000,eval,fraction_return_ge_-100,0.2
50000,eval,fraction_return_ge_-150,0.4
50000,eval,fraction_return_ge_-200,0.4
50000,eval,fraction_return_ge_-250,0.8
50000,eval,max_not_near_upright_streak,59.0
50000,eval,mean_episode_length,200.0
50000,eval,mean_min_step_reward,-10.626823439844735
50000,eval,mean_return,-172.71204613460037
50000,eval,median_return,-226.83158350816444
50000,eval,near_upright_fraction,0.8365
50000,eval,num_collapses,0.0
50000,eval,num_eval_episodes,10.0
50000,eval,num_strict_successes,4.0
50000,eval,num_successes,4.0
50000,eval,return_failure_rate,0.6
50000,eval,return_p05,-274.7470983551033
50000,eval,return_p10,-260.67418208259403
50000,eval,return_p25,-242.1623299358666
50000,eval,return_p75,-120.29752334219808
50000,eval,return_p90,-0.4365727749055812
50000,eval,return_p95,-0.42742819134150123
50000,eval,return_reliability_nines_empirical,0.22184874961635637
50000,eval,return_reliability_nines_wilson95_low,0.07997081395541751
50000,eval,return_success_rate,0.4
50000,eval,stability_success_rate,0.5
50000,eval,std_return,100.31731769890976
50000,eval,streak_success_rate,0.9
50000,eval,strict_failure_rate,0.6
50000,eval,strict_reliability_nines_empirical,0.22184874961635637
50000,eval,strict_reliability_nines_wilson95_low,0.07997081395541751
50000,eval,strict_success_rate,0.4
50000,eval,strict_success_rate_wilson95_high,0.6873262302663417
50000,eval,strict_success_rate_wilson95_low,0.16818032970623614
50000,eval,success_rate,0.4
50000,eval,success_rate_wilson95_high,0.6873262302663417
50000,eval,success_rate_wilson95_low,0.16818032970623614
50000,eval,worst_episode_near_upright_fraction,0.705
50000,eval,worst_min_step_reward,-15.251740301006311
50000,eval,worst_return,-288.82001462761247
50200,train_episode,collapse,0.0
50200,train_episode,length,200.0
50200,train_episode,return,-237.69805003327764
50200,train_episode,success,0.0
50400,train_episode,collapse,0.0
50400,train_episode,length,200.0
50400,train_episode,return,-238.91409531159078
50400,train_episode,success,0.0
50600,train_episode,collapse,0.0
50600,train_episode,length,200.0
50600,train_episode,return,-323.5517646787894
50600,train_episode,success,0.0
50800,train_episode,collapse,0.0
50800,train_episode,length,200.0
50800,train_episode,return,-121.0373395283356
50800,train_episode,success,1.0
51000,train_episode,collapse,0.0
51000,train_episode,length,200.0
51000,train_episode,return,-215.9699536735961
51000,train_episode,success,0.0
51000,update,actor_grad_norm,2.624274492263794
51000,update,actor_grad_norm_max,3.367741107940674
51000,update,actor_grad_norm_mean,1.0625317023992538
51000,update,actor_grad_norm_min,0.14526855945587158
51000,update,actor_loss,29.56691551208496
51000,update,actor_loss_max,39.20566177368164
51000,update,actor_loss_mean,26.89953644943237
51000,update,actor_loss_min,16.576702117919922
51000,update,actor_param_norm,47.86996841430664
51000,update,actor_param_norm_max,47.870399475097656
51000,update,actor_param_norm_mean,47.58609770584106
51000,update,actor_param_norm_min,47.295928955078125
51000,update,actor_update_norm,0.017897197976708412
51000,update,actor_update_norm_max,0.03855857253074646
51000,update,actor_update_norm_mean,0.016912028396502136
51000,update,actor_update_norm_min,0.009239781647920609
51000,update,actor_update_norm_ratio,0.0003738715218841251
51000,update,actor_update_norm_ratio_max,0.0008141867782809709
51000,update,actor_update_norm_ratio_mean,0.0003554097427641908
51000,update,actor_update_norm_ratio_min,0.00019301899740648137
51000,update,alpha,0.010074927471578121
51000,update,alpha_loss,-0.000842508627101779
51000,update,alpha_loss_max,0.0035298585426062346
51000,update,alpha_loss_mean,-0.0002556064236559905
51000,update,alpha_loss_min,-0.0064336336217820644
51000,update,alpha_max,0.010074927471578121
51000,update,alpha_mean,0.0085470982613042
51000,update,alpha_min,0.007881061173975468
51000,update,num_optimizer_updates,1000.0
51000,update,policy_entropy_estimate,-1.0837126970291138
51000,update,policy_entropy_estimate_max,-0.5606974363327026
51000,update,policy_entropy_estimate_mean,-1.027816462635994
51000,update,policy_entropy_estimate_min,-1.6976068019866943
51000,update,policy_log_prob_mean,1.0837126970291138
51000,update,policy_log_prob_mean_max,1.6976068019866943
51000,update,policy_log_prob_mean_mean,1.027816462635994
51000,update,policy_log_prob_mean_min,0.5606974363327026
51000,update,q1_loss,0.8867902755737305
51000,update,q1_loss_max,2.8239738941192627
51000,update,q1_loss_mean,0.6540402841567993
51000,update,q1_loss_min,0.17584960162639618
51000,update,q1_mean,-29.859832763671875
51000,update,q1_mean_max,-16.414318084716797
51000,update,q1_mean_mean,-27.49325473022461
51000,update,q1_mean_min,-40.311553955078125
51000,update,q2_loss,0.8734376430511475
51000,update,q2_loss_max,2.838407039642334
51000,update,q2_loss_mean,0.6726019832193851
51000,update,q2_loss_min,0.17740868031978607
51000,update,q2_mean,-30.016666412353516
51000,update,q2_mean_max,-16.05276107788086
51000,update,q2_mean_mean,-27.493345664978026
51000,update,q2_mean_min,-39.84539031982422
51000,update,q_grad_norm,175.9240264892578
51000,update,q_grad_norm_max,486.5829162597656
51000,update,q_grad_norm_mean,145.58191164779663
51000,update,q_grad_norm_min,50.621341705322266
51000,update,q_loss,1.760227918624878
51000,update,q_loss_cleanrl_logged,0.880113959312439
51000,update,q_loss_cleanrl_logged_max,2.4708242416381836
51000,update,q_loss_cleanrl_logged_mean,0.6633211334645748
51000,update,q_loss_cleanrl_logged_min,0.196877121925354
51000,update,q_loss_max,4.941648483276367
51000,update,q_loss_mean,1.3266422669291495
51000,update,q_loss_min,0.393754243850708
51000,update,q_param_norm,271.00518798828125
51000,update,q_param_norm_max,271.00518798828125
51000,update,q_param_norm_mean,269.8489865264893
51000,update,q_param_norm_min,268.8068084716797
51000,update,q_update_norm,0.035896845161914825
51000,update,q_update_norm_max,0.06399472057819366
51000,update,q_update_norm_mean,0.031198110511526465
51000,update,q_update_norm_min,0.015219077467918396
51000,update,q_update_norm_ratio,0.00018729978191798678
51000,update,q_update_norm_ratio_max,0.00033497775521063754
51000,update,q_update_norm_ratio_mean,0.00016345874861691133
51000,update,q_update_norm_ratio_min,7.985972875466787e-05
51000,update,target_q_mean,-29.948375701904297
51000,update,target_q_mean_max,-16.2056884765625
51000,update,target_q_mean_mean,-27.493356081008912
51000,update,target_q_mean_min,-40.16072082519531
51200,train_episode,collapse,0.0
51200,train_episode,length,200.0
51200,train_episode,return,-125.70908827763283
51200,train_episode,success,1.0
51400,train_episode,collapse,0.0
51400,train_episode,length,200.0
51400,train_episode,return,-116.48585004710225
51400,train_episode,success,1.0
51600,train_episode,collapse,0.0
51600,train_episode,length,200.0
51600,train_episode,return,-119.22446278590931
51600,train_episode,success,1.0
51800,train_episode,collapse,0.0
51800,train_episode,length,200.0
51800,train_episode,return,-1.6328875298563357
51800,train_episode,success,1.0
52000,train_episode,collapse,0.0
52000,train_episode,length,200.0
52000,train_episode,return,-0.5852952948330618
52000,train_episode,success,1.0
52000,update,actor_grad_norm,0.559279203414917
52000,update,actor_grad_norm_max,11.897628784179688
52000,update,actor_grad_norm_mean,1.0229203311502935
52000,update,actor_grad_norm_min,0.16446435451507568
52000,update,actor_loss,31.09322166442871
52000,update,actor_loss_max,37.91399383544922
52000,update,actor_loss_mean,26.530413986206053
52000,update,actor_loss_min,17.69818878173828
52000,update,actor_param_norm,48.418582916259766
52000,update,actor_param_norm_max,48.41923904418945
52000,update,actor_param_norm_mean,48.1482731552124
52000,update,actor_param_norm_min,47.86996841430664
52000,update,actor_update_norm,0.019822387024760246
52000,update,actor_update_norm_max,0.03921706974506378
52000,update,actor_update_norm_mean,0.016815182872116564
52000,update,actor_update_norm_min,0.008753580041229725
52000,update,actor_update_norm_ratio,0.0004093955558592196
52000,update,actor_update_norm_ratio_max,0.0008126940451074576
52000,update,actor_update_norm_ratio_mean,0.0003492056962540813
52000,update,actor_update_norm_ratio_min,0.00018264093266629394
52000,update,alpha,0.008067778311669827
52000,update,alpha_loss,0.0007886156090535223
52000,update,alpha_loss_max,0.005723528563976288
52000,update,alpha_loss_mean,0.00043638648252817804
52000,update,alpha_loss_min,-0.00532847736030817
52000,update,alpha_max,0.010177451185882092
52000,update,alpha_mean,0.008811341239139438
52000,update,alpha_min,0.008067778311669827
52000,update,num_optimizer_updates,1000.0
52000,update,policy_entropy_estimate,-0.9023101329803467
52000,update,policy_entropy_estimate_max,-0.34809410572052
52000,update,policy_entropy_estimate_mean,-0.9523567121624946
52000,update,policy_entropy_estimate_min,-1.6304473876953125
52000,update,policy_log_prob_mean,0.9023101329803467
52000,update,policy_log_prob_mean_max,1.6304473876953125
52000,update,policy_log_prob_mean_mean,0.9523567121624946
52000,update,policy_log_prob_mean_min,0.34809410572052
52000,update,q1_loss,0.4525158703327179
52000,update,q1_loss_max,3.3378772735595703
52000,update,q1_loss_mean,0.6644288998395205
52000,update,q1_loss_min,0.14585095643997192
52000,update,q1_mean,-31.338518142700195
52000,update,q1_mean_max,-18.483074188232422
52000,update,q1_mean_mean,-26.96483449935913
52000,update,q1_mean_min,-38.67637252807617
52000,update,q2_loss,0.5150534510612488
52000,update,q2_loss_max,3.529090166091919
52000,update,q2_loss_mean,0.6877290824353695
52000,update,q2_loss_min,0.2102654129266739
52000,update,q2_mean,-31.295135498046875
52000,update,q2_mean_max,-18.491756439208984
52000,update,q2_mean_mean,-26.96427348136902
52000,update,q2_mean_min,-38.952964782714844
52000,update,q_grad_norm,82.83431243896484
52000,update,q_grad_norm_max,425.2489929199219
52000,update,q_grad_norm_mean,152.29770951080323
52000,update,q_grad_norm_min,46.831424713134766
52000,update,q_loss,0.9675693511962891
52000,update,q_loss_cleanrl_logged,0.48378467559814453
52000,update,q_loss_cleanrl_logged_max,3.433483600616455
52000,update,q_loss_cleanrl_logged_mean,0.6760789911001921
52000,update,q_loss_cleanrl_logged_min,0.21926558017730713
52000,update,q_loss_max,6.86696720123291
52000,update,q_loss_mean,1.3521579822003842
52000,update,q_loss_min,0.43853116035461426
52000,update,q_param_norm,273.2176971435547
52000,update,q_param_norm_max,273.2176971435547
52000,update,q_param_norm_mean,272.14251330566407
52000,update,q_param_norm_min,271.00901794433594
52000,update,q_update_norm,0.027340207248926163
52000,update,q_update_norm_max,0.06631635129451752
52000,update,q_update_norm_mean,0.03160156421735883
52000,update,q_update_norm_min,0.01755823940038681
52000,update,q_update_norm_ratio,0.00014149672728773076
52000,update,q_update_norm_ratio_max,0.00034389234795605567
52000,update,q_update_norm_ratio_mean,0.00016418890776036778
52000,update,q_update_norm_ratio_min,9.131253123328603e-05
52000,update,target_q_mean,-31.403133392333984
52000,update,target_q_mean_max,-18.46682357788086
52000,update,target_q_mean_mean,-26.96480362892151
52000,update,target_q_mean_min,-38.68538284301758
52200,train_episode,collapse,0.0
52200,train_episode,length,200.0
52200,train_episode,return,-118.87363234172146
52200,train_episode,success,1.0
52400,train_episode,collapse,0.0
52400,train_episode,length,200.0
52400,train_episode,return,-219.47489917069518
52400,train_episode,success,0.0
52600,train_episode,collapse,0.0
52600,train_episode,length,200.0
52600,train_episode,return,-2.063780213581381
52600,train_episode,success,1.0
52800,train_episode,collapse,0.0
52800,train_episode,length,200.0
52800,train_episode,return,-126.4057277290416
52800,train_episode,success,1.0
53000,train_episode,collapse,0.0
53000,train_episode,length,200.0
53000,train_episode,return,-119.04013560053106
53000,train_episode,success,1.0
53000,update,actor_grad_norm,1.4058829545974731
53000,update,actor_grad_norm_max,7.311522960662842
53000,update,actor_grad_norm_mean,1.1026949308514595
53000,update,actor_grad_norm_min,0.17993484437465668
53000,update,actor_loss,23.685449600219727
53000,update,actor_loss_max,38.87889099121094
53000,update,actor_loss_mean,25.78158517074585
53000,update,actor_loss_min,14.737852096557617
53000,update,actor_param_norm,48.91502380371094
53000,update,actor_param_norm_max,48.91502380371094
53000,update,actor_param_norm_mean,48.67631957626343
53000,update,actor_param_norm_min,48.418582916259766
53000,update,actor_update_norm,0.017802150920033455
53000,update,actor_update_norm_max,0.039056356996297836
53000,update,actor_update_norm_mean,0.016602405963465572
53000,update,actor_update_norm_min,0.008435037918388844
53000,update,actor_update_norm_ratio,0.0003639433025353873
53000,update,actor_update_norm_ratio_max,0.0008053656524887039
53000,update,actor_update_norm_ratio_mean,0.0003410936813734321
53000,update,actor_update_norm_ratio_min,0.00017280346965070084
53000,update,alpha,0.007603942416608334
53000,update,alpha_loss,-0.0013042239006608725
53000,update,alpha_loss_max,0.0037346903700381517
53000,update,alpha_loss_mean,8.820092222595122e-05
53000,update,alpha_loss_min,-0.0044409953989088535
53000,update,alpha_max,0.008067778311669827
53000,update,alpha_mean,0.007314313816837966
53000,update,alpha_min,0.006659787148237228
53000,update,num_optimizer_updates,1000.0
53000,update,policy_entropy_estimate,-1.171584963798523
53000,update,policy_entropy_estimate_max,-0.48401889204978943
53000,update,policy_entropy_estimate_mean,-0.9891829026341439
53000,update,policy_entropy_estimate_min,-1.6559560298919678
53000,update,policy_log_prob_mean,1.171584963798523
53000,update,policy_log_prob_mean_max,1.6559560298919678
53000,update,policy_log_prob_mean_mean,0.9891829026341439
53000,update,policy_log_prob_mean_min,0.48401889204978943
53000,update,q1_loss,1.3480523824691772
53000,update,q1_loss_max,4.734073162078857
53000,update,q1_loss_mean,0.7219624650478363
53000,update,q1_loss_min,0.14670874178409576
53000,update,q1_mean,-24.8536319732666
53000,update,q1_mean_max,-14.030682563781738
53000,update,q1_mean_mean,-26.413253542900087
53000,update,q1_mean_min,-39.48353576660156
53000,update,q2_loss,2.40460205078125
53000,update,q2_loss_max,3.9688265323638916
53000,update,q2_loss_mean,0.7073507960736751
53000,update,q2_loss_min,0.18677003681659698
53000,update,q2_mean,-24.90704917907715
53000,update,q2_mean_max,-14.190549850463867
53000,update,q2_mean_mean,-26.41309669303894
53000,update,q2_mean_min,-39.27205276489258
53000,update,q_grad_norm,312.8504333496094
53000,update,q_grad_norm_max,575.9447631835938
53000,update,q_grad_norm_mean,153.42487617492677
53000,update,q_grad_norm_min,44.871002197265625
53000,update,q_loss,3.752654552459717
53000,update,q_loss_cleanrl_logged,1.8763272762298584
53000,update,q_loss_cleanrl_logged_max,4.29229736328125
53000,update,q_loss_cleanrl_logged_mean,0.7146566304415465
53000,update,q_loss_cleanrl_logged_min,0.20131240785121918
53000,update,q_loss_max,8.5845947265625
53000,update,q_loss_mean,1.429313260883093
53000,update,q_loss_min,0.40262481570243835
53000,update,q_param_norm,275.4687957763672
53000,update,q_param_norm_max,275.4740905761719
53000,update,q_param_norm_mean,274.3131725921631
53000,update,q_param_norm_min,273.2190246582031
53000,update,q_update_norm,0.06253784149885178
53000,update,q_update_norm_max,0.09631911665201187
53000,update,q_update_norm_mean,0.03260543087683618
53000,update,q_update_norm_min,0.017096051946282387
53000,update,q_update_norm_ratio,0.00032100888533349566
53000,update,q_update_norm_ratio_max,0.0004945506738176646
53000,update,q_update_norm_ratio_mean,0.00016804628007147847
53000,update,q_update_norm_ratio_min,8.79855577312212e-05
53000,update,target_q_mean,-24.57596206665039
53000,update,target_q_mean_max,-14.395724296569824
53000,update,target_q_mean_mean,-26.413016474723815
53000,update,target_q_mean_min,-39.39014434814453
53200,train_episode,collapse,0.0
53200,train_episode,length,200.0
53200,train_episode,return,-310.8204859381973
53200,train_episode,success,0.0
53400,train_episode,collapse,0.0
53400,train_episode,length,200.0
53400,train_episode,return,-120.49742688102691
53400,train_episode,success,1.0
53600,train_episode,collapse,0.0
53600,train_episode,length,200.0
53600,train_episode,return,-116.75237868481801
53600,train_episode,success,1.0
53800,train_episode,collapse,0.0
53800,train_episode,length,200.0
53800,train_episode,return,-130.05808767292436
53800,train_episode,success,1.0
54000,train_episode,collapse,0.0
54000,train_episode,length,200.0
54000,train_episode,return,-118.71523209783432
54000,train_episode,success,1.0
54000,update,actor_grad_norm,1.262404441833496
54000,update,actor_grad_norm_max,2.856858968734741
54000,update,actor_grad_norm_mean,1.041550709605217
54000,update,actor_grad_norm_min,0.22179624438285828
54000,update,actor_loss,20.248620986938477
54000,update,actor_loss_max,36.51771545410156
54000,update,actor_loss_mean,26.065140996932982
54000,update,actor_loss_min,15.150238990783691
54000,update,actor_param_norm,49.34560775756836
54000,update,actor_param_norm_max,49.34560775756836
54000,update,actor_param_norm_mean,49.12809387588501
54000,update,actor_param_norm_min,48.91502380371094
54000,update,actor_update_norm,0.019834846258163452
54000,update,actor_update_norm_max,0.031189164146780968
54000,update,actor_update_norm_mean,0.016847830975428222
54000,update,actor_update_norm_min,0.009150884114205837
54000,update,actor_update_norm_ratio,0.00040196402409935304
54000,update,actor_update_norm_ratio_max,0.0006366743451853796
54000,update,actor_update_norm_ratio_mean,0.0003429255758231008
54000,update,actor_update_norm_ratio_min,0.00018641904186364033
54000,update,alpha,0.0067844269797205925
54000,update,alpha_loss,0.0006765537546016276
54000,update,alpha_loss_max,0.004290150012820959
54000,update,alpha_loss_mean,0.00018062342860503122
54000,update,alpha_loss_min,-0.004508674144744873
54000,update,alpha_max,0.008155743591487408
54000,update,alpha_mean,0.007432228920981288
54000,update,alpha_min,0.006649855058640242
54000,update,num_optimizer_updates,1000.0
54000,update,policy_entropy_estimate,-0.9002974033355713
54000,update,policy_entropy_estimate_max,-0.4523226320743561
54000,update,policy_entropy_estimate_mean,-0.9754585738778114
54000,update,policy_entropy_estimate_min,-1.6610134840011597
54000,update,policy_log_prob_mean,0.9002974033355713
54000,update,policy_log_prob_mean_max,1.6610134840011597
54000,update,policy_log_prob_mean_mean,0.9754585738778114
54000,update,policy_log_prob_mean_min,0.4523226320743561
54000,update,q1_loss,0.5243303179740906
54000,update,q1_loss_max,4.240288257598877
54000,update,q1_loss_mean,0.6943195390105248
54000,update,q1_loss_min,0.15754187107086182
54000,update,q1_mean,-20.76150131225586
54000,update,q1_mean_max,-14.616873741149902
54000,update,q1_mean_mean,-26.49122267341614
54000,update,q1_mean_min,-37.86393356323242
54000,update,q2_loss,0.38958001136779785
54000,update,q2_loss_max,4.627852439880371
54000,update,q2_loss_mean,0.7062376611232758
54000,update,q2_loss_min,0.1822458654642105
54000,update,q2_mean,-20.67719078063965
54000,update,q2_mean_max,-15.113998413085938
54000,update,q2_mean_mean,-26.491209062576296
54000,update,q2_mean_min,-38.024539947509766
54000,update,q_grad_norm,106.1844711303711
54000,update,q_grad_norm_max,612.0350952148438
54000,update,q_grad_norm_mean,149.45162565612793
54000,update,q_grad_norm_min,39.320556640625
54000,update,q_loss,0.9139103293418884
54000,update,q_loss_cleanrl_logged,0.4569551646709442
54000,update,q_loss_cleanrl_logged_max,4.434070587158203
54000,update,q_loss_cleanrl_logged_mean,0.700278600782156
54000,update,q_loss_cleanrl_logged_min,0.21035641431808472
54000,update,q_loss_max,8.868141174316406
54000,update,q_loss_mean,1.400557201564312
54000,update,q_loss_min,0.42071282863616943
54000,update,q_param_norm,277.5948181152344
54000,update,q_param_norm_max,277.5948181152344
54000,update,q_param_norm_mean,276.5410781097412
54000,update,q_param_norm_min,275.47044372558594
54000,update,q_update_norm,0.021272748708724976
54000,update,q_update_norm_max,0.0968250036239624
54000,update,q_update_norm_mean,0.03142796584777534
54000,update,q_update_norm_min,0.017184777185320854
54000,update,q_update_norm_ratio,0.00010835734946543026
54000,update,q_update_norm_ratio_max,0.0004969919731648039
54000,update,q_update_norm_ratio_mean,0.0001607027209974155
54000,update,q_update_norm_ratio_min,8.791598053654478e-05
54000,update,target_q_mean,-20.557388305664062
54000,update,target_q_mean_max,-15.073866844177246
54000,update,target_q_mean_mean,-26.4916697845459
54000,update,target_q_mean_min,-38.28659439086914
54200,train_episode,collapse,0.0
54200,train_episode,length,200.0
54200,train_episode,return,-223.79135624313307
54200,train_episode,success,0.0
54400,train_episode,collapse,0.0
54400,train_episode,length,200.0
54400,train_episode,return,-0.5944852102251379
54400,train_episode,success,1.0
54600,train_episode,collapse,0.0
54600,train_episode,length,200.0
54600,train_episode,return,-119.72496547648241
54600,train_episode,success,1.0
54800,train_episode,collapse,0.0
54800,train_episode,length,200.0
54800,train_episode,return,-118.63680783521215
54800,train_episode,success,1.0
55000,train_episode,collapse,0.0
55000,train_episode,length,200.0
55000,train_episode,return,-126.57623866275868
55000,train_episode,success,1.0
55000,update,actor_grad_norm,1.1991578340530396
55000,update,actor_grad_norm_max,4.126099109649658
55000,update,actor_grad_norm_mean,1.0826129477024078
55000,update,actor_grad_norm_min,0.1290644258260727
55000,update,actor_loss,26.440889358520508
55000,update,actor_loss_max,35.7375373840332
55000,update,actor_loss_mean,25.90429144668579
55000,update,actor_loss_min,15.285478591918945
55000,update,actor_param_norm,49.813297271728516
55000,update,actor_param_norm_max,49.816322326660156
55000,update,actor_param_norm_mean,49.5974114074707
55000,update,actor_param_norm_min,49.34560775756836
55000,update,actor_update_norm,0.014850662089884281
55000,update,actor_update_norm_max,0.0525515042245388
55000,update,actor_update_norm_mean,0.016691302321851252
55000,update,actor_update_norm_min,0.009214840829372406
55000,update,actor_update_norm_ratio,0.0002981247271677499
55000,update,actor_update_norm_ratio_max,0.0010608979767741313
55000,update,actor_update_norm_ratio_mean,0.00033656886989279455
55000,update,actor_update_norm_ratio_min,0.00018534121330631955
55000,update,alpha,0.006479205563664436
55000,update,alpha_loss,-0.0002147749182768166
55000,update,alpha_loss_max,0.003394512925297022
55000,update,alpha_loss_mean,6.209609606594313e-05
55000,update,alpha_loss_min,-0.004760310053825378
55000,update,alpha_max,0.0073277996852993965
55000,update,alpha_mean,0.006967905982397497
55000,update,alpha_min,0.006479205563664436
55000,update,num_optimizer_updates,1000.0
55000,update,policy_entropy_estimate,-1.0331265926361084
55000,update,policy_entropy_estimate_max,-0.5098066926002502
55000,update,policy_entropy_estimate_mean,-0.9909965627193451
55000,update,policy_entropy_estimate_min,-1.6949994564056396
55000,update,policy_log_prob_mean,1.0331265926361084
55000,update,policy_log_prob_mean_max,1.6949994564056396
55000,update,policy_log_prob_mean_mean,0.9909965627193451
55000,update,policy_log_prob_mean_min,0.5098066926002502
55000,update,q1_loss,0.8867933750152588
55000,update,q1_loss_max,14.230805397033691
55000,update,q1_loss_mean,0.759652356415987
55000,update,q1_loss_min,0.1522536724805832
55000,update,q1_mean,-26.969322204589844
55000,update,q1_mean_max,-15.743640899658203
55000,update,q1_mean_mean,-26.168197058677674
55000,update,q1_mean_min,-37.42329406738281
55000,update,q2_loss,0.364780068397522
55000,update,q2_loss_max,12.017630577087402
55000,update,q2_loss_mean,0.7070032261312008
55000,update,q2_loss_min,0.14489534497261047
55000,update,q2_mean,-27.02435874938965
55000,update,q2_mean_max,-15.756834983825684
55000,update,q2_mean_mean,-26.168223222732543
55000,update,q2_mean_min,-37.73482894897461
55000,update,q_grad_norm,158.8103485107422
55000,update,q_grad_norm_max,968.6412353515625
55000,update,q_grad_norm_mean,157.13331352233888
55000,update,q_grad_norm_min,51.06819152832031
55000,update,q_loss,1.2515734434127808
55000,update,q_loss_cleanrl_logged,0.6257867217063904
55000,update,q_loss_cleanrl_logged_max,13.124217987060547
55000,update,q_loss_cleanrl_logged_mean,0.7333277904540301
55000,update,q_loss_cleanrl_logged_min,0.22599314153194427
55000,update,q_loss_max,26.248435974121094
55000,update,q_loss_mean,1.4666555809080601
55000,update,q_loss_min,0.45198628306388855
55000,update,q_param_norm,280.01051330566406
55000,update,q_param_norm_max,280.01051330566406
55000,update,q_param_norm_mean,278.88172100830076
55000,update,q_param_norm_min,277.5964813232422
55000,update,q_update_norm,0.027832992374897003
55000,update,q_update_norm_max,0.148176372051239
55000,update,q_update_norm_mean,0.03158636227808893
55000,update,q_update_norm_min,0.016833839938044548
55000,update,q_update_norm_ratio,0.00014055042455944858
55000,update,q_update_norm_ratio_max,0.0007519232082206584
55000,update,q_update_norm_ratio_mean,0.00016016043438002353
55000,update,q_update_norm_ratio_min,8.517423644537368e-05
55000,update,target_q_mean,-26.914104461669922
55000,update,target_q_mean_max,-15.792457580566406
55000,update,target_q_mean_mean,-26.168463128089904
55000,update,target_q_mean_min,-37.701499938964844
55000,replay,action_abs_max,2.0
55000,replay,action_abs_mean,0.8382755517959595
55000,replay,action_saturation_fraction,0.07250909090909091
55000,replay,capacity,100000.0
55000,replay,done_fraction,0.0
55000,replay,fill_fraction,0.55
55000,replay,near_upright_any_transition_fraction,0.7492181818181818
55000,replay,near_upright_next_obs_fraction,0.7489636363636364
55000,replay,near_upright_obs_fraction,0.7451636363636364
55000,replay,reward_max,-1.0757337349787122e-06
55000,replay,reward_mean,-1.4154599905014038
55000,replay,reward_min,-16.252336502075195
55000,replay,reward_std,3.076805353164673
55000,replay,sample_count_max,708.0
55000,replay,sample_count_mean,232.72727272727272
55000,replay,size,55000.0
55000,replay,transition_age_max,54999.0
55000,replay,transition_age_mean,27499.5
55000,diagnostics,actor_layer0_activation_abs_max,3.982020854949951
55000,diagnostics,actor_layer0_activation_abs_mean,0.1439276486635208
55000,diagnostics,actor_layer0_dormant_fraction,0.0546875
55000,diagnostics,actor_layer0_effective_rank_fraction,0.05619458854198456
55000,diagnostics,actor_layer1_activation_abs_max,5.301058769226074
55000,diagnostics,actor_layer1_activation_abs_mean,0.07031184434890747
55000,diagnostics,actor_layer1_dormant_fraction,0.41796875
55000,diagnostics,actor_layer1_effective_rank_fraction,0.12033388018608093
55000,diagnostics,actor_param_norm,49.813297271728516
55000,diagnostics,alpha,0.006479205563664436
55000,diagnostics,q1_layer0_activation_abs_max,7.7421040534973145
55000,diagnostics,q1_layer0_activation_abs_mean,0.3715971112251282
55000,diagnostics,q1_layer0_dormant_fraction,0.03125
55000,diagnostics,q1_layer0_effective_rank_fraction,0.06553144752979279
55000,diagnostics,q1_layer1_activation_abs_max,40.19424819946289
55000,diagnostics,q1_layer1_activation_abs_mean,2.6258997917175293
55000,diagnostics,q1_layer1_dormant_fraction,0.40625
55000,diagnostics,q1_layer1_effective_rank_fraction,0.06374426931142807
55000,diagnostics,q1_param_norm,142.5552215576172
55000,diagnostics,q2_layer0_activation_abs_max,6.540258884429932
55000,diagnostics,q2_layer0_activation_abs_mean,0.3390333950519562
55000,diagnostics,q2_layer0_dormant_fraction,0.03515625
55000,diagnostics,q2_layer0_effective_rank_fraction,0.061630867421627045
55000,diagnostics,q2_layer1_activation_abs_max,32.6639518737793
55000,diagnostics,q2_layer1_activation_abs_mean,2.5247392654418945
55000,diagnostics,q2_layer1_dormant_fraction,0.453125
55000,diagnostics,q2_layer1_effective_rank_fraction,0.061547476798295975
55000,diagnostics,q2_param_norm,137.45529174804688
55000,eval,best_return,-0.3262967657025271
55000,eval,collapse_rate,0.0
55000,eval,failure_rate,0.6
55000,eval,fraction_return_ge_-100,0.2
55000,eval,fraction_return_ge_-150,0.4
55000,eval,fraction_return_ge_-200,0.4
55000,eval,fraction_return_ge_-250,0.8
55000,eval,max_not_near_upright_streak,66.0
55000,eval,mean_episode_length,200.0
55000,eval,mean_min_step_reward,-10.795399557662822
55000,eval,mean_return,-172.10304287283373
55000,eval,median_return,-225.34591301700632
55000,eval,near_upright_fraction,0.8324999999999999
55000,eval,num_collapses,0.0
55000,eval,num_eval_episodes,10.0
55000,eval,num_strict_successes,4.0
55000,eval,num_successes,4.0
55000,eval,return_failure_rate,0.6
55000,eval,return_p05,-272.65085137092814
55000,eval,return_p10,-257.8112764414692
55000,eval,return_p25,-242.3609375455131
55000,eval,return_p75,-120.1966421623887
55000,eval,return_p90,-0.3500976138753121
55000,eval,return_p95,-0.3381971897889196
55000,eval,return_reliability_nines_empirical,0.22184874961635637
55000,eval,return_reliability_nines_wilson95_low,0.07997081395541751
55000,eval,return_success_rate,0.4
55000,eval,stability_success_rate,0.5
55000,eval,std_return,99.89657695682422
55000,eval,streak_success_rate,0.9
55000,eval,strict_failure_rate,0.6
55000,eval,strict_reliability_nines_empirical,0.22184874961635637
55000,eval,strict_reliability_nines_wilson95_low,0.07997081395541751
55000,eval,strict_success_rate,0.4
55000,eval,strict_success_rate_wilson95_high,0.6873262302663417
55000,eval,strict_success_rate_wilson95_low,0.16818032970623614
55000,eval,success_rate,0.4
55000,eval,success_rate_wilson95_high,0.6873262302663417
55000,eval,success_rate_wilson95_low,0.16818032970623614
55000,eval,worst_episode_near_upright_fraction,0.67
55000,eval,worst_min_step_reward,-15.974497333213964
55000,eval,worst_return,-287.490426300387
55200,train_episode,collapse,0.0
55200,train_episode,length,200.0
55200,train_episode,return,-2.2498216949237846
55200,train_episode,success,1.0
55400,train_episode,collapse,0.0
55400,train_episode,length,200.0
55400,train_episode,return,-118.97605751306205
55400,train_episode,success,1.0
55600,train_episode,collapse,0.0
55600,train_episode,length,200.0
55600,train_episode,return,-123.10442063402277
55600,train_episode,success,1.0
55800,train_episode,collapse,0.0
55800,train_episode,length,200.0
55800,train_episode,return,-224.63841918720777
55800,train_episode,success,0.0
56000,train_episode,collapse,0.0
56000,train_episode,length,200.0
56000,train_episode,return,-120.14940778110807
56000,train_episode,success,1.0
56000,update,actor_grad_norm,4.03013277053833
56000,update,actor_grad_norm_max,10.740046501159668
56000,update,actor_grad_norm_mean,1.04482498472929
56000,update,actor_grad_norm_min,0.17374685406684875
56000,update,actor_loss,18.609142303466797
56000,update,actor_loss_max,36.06346130371094
56000,update,actor_loss_mean,25.221597953796387
56000,update,actor_loss_min,16.57293128967285
56000,update,actor_param_norm,50.234676361083984
56000,update,actor_param_norm_max,50.234676361083984
56000,update,actor_param_norm_mean,50.02754189300537
56000,update,actor_param_norm_min,49.81083679199219
56000,update,actor_update_norm,0.019755056127905846
56000,update,actor_update_norm_max,0.03691317141056061
56000,update,actor_update_norm_mean,0.01616270612925291
56000,update,actor_update_norm_min,0.008424928411841393
56000,update,actor_update_norm_ratio,0.0003932580255952024
56000,update,actor_update_norm_ratio_max,0.000741054822153424
56000,update,actor_update_norm_ratio_mean,0.00032309640150831643
56000,update,actor_update_norm_ratio_min,0.00016861984351032423
56000,update,alpha,0.006443032529205084
56000,update,alpha_loss,0.0014719385653734207
56000,update,alpha_loss_max,0.003072115359827876
56000,update,alpha_loss_mean,-3.007634644745849e-06
56000,update,alpha_loss_min,-0.004017990082502365
56000,update,alpha_max,0.0068595996126532555
56000,update,alpha_mean,0.006455785195808857
56000,update,alpha_min,0.006134169176220894
56000,update,num_optimizer_updates,1000.0
56000,update,policy_entropy_estimate,-0.7716617584228516
56000,update,policy_entropy_estimate_max,-0.5123132467269897
56000,update,policy_entropy_estimate_mean,-1.000933920621872
56000,update,policy_entropy_estimate_min,-1.612573504447937
56000,update,policy_log_prob_mean,0.7716617584228516
56000,update,policy_log_prob_mean_max,1.612573504447937
56000,update,policy_log_prob_mean_mean,1.000933920621872
56000,update,policy_log_prob_mean_min,0.5123132467269897
56000,update,q1_loss,0.4248390197753906
56000,update,q1_loss_max,5.412882328033447
56000,update,q1_loss_mean,0.7156147162616253
56000,update,q1_loss_min,0.1440332531929016
56000,update,q1_mean,-18.470130920410156
56000,update,q1_mean_max,-16.02866554260254
56000,update,q1_mean_mean,-25.72650287246704
56000,update,q1_mean_min,-36.5543327331543
56000,update,q2_loss,0.399318128824234
56000,update,q2_loss_max,3.401031494140625
56000,update,q2_loss_mean,0.6631111884713173
56000,update,q2_loss_min,0.16389787197113037
56000,update,q2_mean,-18.88201904296875
56000,update,q2_mean_max,-16.3397159576416
56000,update,q2_mean_mean,-25.72638573265076
56000,update,q2_mean_min,-36.37263488769531
56000,update,q_grad_norm,145.38772583007812
56000,update,q_grad_norm_max,579.7113647460938
56000,update,q_grad_norm_mean,155.84955716323853
56000,update,q_grad_norm_min,42.24553680419922
56000,update,q_loss,0.8241571187973022
56000,update,q_loss_cleanrl_logged,0.4120785593986511
56000,update,q_loss_cleanrl_logged_max,4.406956672668457
56000,update,q_loss_cleanrl_logged_mean,0.689362952157855
56000,update,q_loss_cleanrl_logged_min,0.153965562582016
56000,update,q_loss_max,8.813913345336914
56000,update,q_loss_mean,1.37872590431571
56000,update,q_loss_min,0.307931125164032
56000,update,q_param_norm,282.25392150878906
56000,update,q_param_norm_max,282.25392150878906
56000,update,q_param_norm_mean,281.07162811279295
56000,update,q_param_norm_min,280.01329040527344
56000,update,q_update_norm,0.03391168266534805
56000,update,q_update_norm_max,0.07691279798746109
56000,update,q_update_norm_mean,0.03246172677353024
56000,update,q_update_norm_min,0.017070269212126732
56000,update,q_update_norm_ratio,0.00016988495764000186
56000,update,q_update_norm_ratio_max,0.0003854068026803189
56000,update,q_update_norm_ratio_mean,0.00016328842918303626
56000,update,q_update_norm_ratio_min,8.593827711307877e-05
56000,update,target_q_mean,-18.75348472595215
56000,update,target_q_mean_max,-16.379512786865234
56000,update,target_q_mean_mean,-25.72668026161194
56000,update,target_q_mean_min,-36.47014236450195
56200,train_episode,collapse,0.0
56200,train_episode,length,200.0
56200,train_episode,return,-123.2547811676804
56200,train_episode,success,1.0
56400,train_episode,collapse,0.0
56400,train_episode,length,200.0
56400,train_episode,return,-114.40280553503136
56400,train_episode,success,1.0
56600,train_episode,collapse,0.0
56600,train_episode,length,200.0
56600,train_episode,return,-218.46262089781425
56600,train_episode,success,0.0
56800,train_episode,collapse,0.0
56800,train_episode,length,200.0
56800,train_episode,return,-0.7343661657502405
56800,train_episode,success,1.0
57000,train_episode,collapse,0.0
57000,train_episode,length,200.0
57000,train_episode,return,-121.20252863917656
57000,train_episode,success,1.0
57000,update,actor_grad_norm,0.8395635485649109
57000,update,actor_grad_norm_max,4.67517614364624
57000,update,actor_grad_norm_mean,1.0959111021459103
57000,update,actor_grad_norm_min,0.12862776219844818
57000,update,actor_loss,29.122516632080078
57000,update,actor_loss_max,37.10672378540039
57000,update,actor_loss_mean,25.0764013710022
57000,update,actor_loss_min,13.159156799316406
57000,update,actor_param_norm,50.737510681152344
57000,update,actor_param_norm_max,50.737510681152344
57000,update,actor_param_norm_mean,50.49627714157104
57000,update,actor_param_norm_min,50.234676361083984
57000,update,actor_update_norm,0.01597018539905548
57000,update,actor_update_norm_max,0.03352401778101921
57000,update,actor_update_norm_mean,0.01650330472551286
57000,update,actor_update_norm_min,0.009850485250353813
57000,update,actor_update_norm_ratio,0.0003147632364269863
57000,update,actor_update_norm_ratio_max,0.0006646028652997043
57000,update,actor_update_norm_ratio_mean,0.000326848824243364
57000,update,actor_update_norm_ratio_min,0.00019465723536794745
57000,update,alpha,0.005819379817694426
57000,update,alpha_loss,-0.00014926021685823798
57000,update,alpha_loss_max,0.003395526669919491
57000,update,alpha_loss_mean,0.00011963866215228336
57000,update,alpha_loss_min,-0.0032511893659830093
57000,update,alpha_max,0.006695101503282785
57000,update,alpha_mean,0.006136957592330873
57000,update,alpha_min,0.005800651386380196
57000,update,num_optimizer_updates,1000.0
57000,update,policy_entropy_estimate,-1.025658130645752
57000,update,policy_entropy_estimate_max,-0.43620774149894714
57000,update,policy_entropy_estimate_mean,-0.9807804445624352
57000,update,policy_entropy_estimate_min,-1.5105966329574585
57000,update,policy_log_prob_mean,1.025658130645752
57000,update,policy_log_prob_mean_max,1.5105966329574585
57000,update,policy_log_prob_mean_mean,0.9807804445624352
57000,update,policy_log_prob_mean_min,0.43620774149894714
57000,update,q1_loss,0.5157483816146851
57000,update,q1_loss_max,3.057300090789795
57000,update,q1_loss_mean,0.6420123862475157
57000,update,q1_loss_min,0.16890981793403625
57000,update,q1_mean,-30.193185806274414
57000,update,q1_mean_max,-13.653210639953613
57000,update,q1_mean_mean,-25.702745665550232
57000,update,q1_mean_min,-38.95309829711914
57000,update,q2_loss,0.5954532027244568
57000,update,q2_loss_max,4.606993198394775
57000,update,q2_loss_mean,0.6806675741672515
57000,update,q2_loss_min,0.18490996956825256
57000,update,q2_mean,-30.254045486450195
57000,update,q2_mean_max,-13.81341552734375
57000,update,q2_mean_mean,-25.702596897125243
57000,update,q2_mean_min,-38.87019348144531
57000,update,q_grad_norm,103.95204162597656
57000,update,q_grad_norm_max,673.2125854492188
57000,update,q_grad_norm_mean,145.9606234741211
57000,update,q_grad_norm_min,37.34534454345703
57000,update,q_loss,1.111201524734497
57000,update,q_loss_cleanrl_logged,0.5556007623672485
57000,update,q_loss_cleanrl_logged_max,3.5421292781829834
57000,update,q_loss_cleanrl_logged_mean,0.6613399803638458
57000,update,q_loss_cleanrl_logged_min,0.17811861634254456
57000,update,q_loss_max,7.084258556365967
57000,update,q_loss_mean,1.3226799607276916
57000,update,q_loss_min,0.3562372326850891
57000,update,q_param_norm,284.3328399658203
57000,update,q_param_norm_max,284.3328399658203
57000,update,q_param_norm_mean,283.28904753112795
57000,update,q_param_norm_min,282.2577209472656
57000,update,q_update_norm,0.03603203222155571
57000,update,q_update_norm_max,0.07527358084917068
57000,update,q_update_norm_mean,0.031039793549105524
57000,update,q_update_norm_min,0.01666164956986904
57000,update,q_update_norm_ratio,0.00017918600671428135
57000,update,q_update_norm_ratio_max,0.00037669366586561866
57000,update,q_update_norm_ratio_mean,0.00015492963348601052
57000,update,q_update_norm_ratio_min,8.305721067450382e-05
57000,update,target_q_mean,-30.058250427246094
57000,update,target_q_mean_max,-13.692302703857422
57000,update,target_q_mean_mean,-25.702918138504028
57000,update,target_q_mean_min,-38.997894287109375
57200,train_episode,collapse,0.0
57200,train_episode,length,200.0
57200,train_episode,return,-124.01114128526967
57200,train_episode,success,1.0
57400,train_episode,collapse,0.0
57400,train_episode,length,200.0
57400,train_episode,return,-115.59664689756143
57400,train_episode,success,1.0
57600,train_episode,collapse,0.0
57600,train_episode,length,200.0
57600,train_episode,return,-115.22397244632707
57600,train_episode,success,1.0
57800,train_episode,collapse,0.0
57800,train_episode,length,200.0
57800,train_episode,return,-230.87100999136976
57800,train_episode,success,0.0
58000,train_episode,collapse,0.0
58000,train_episode,length,200.0
58000,train_episode,return,-125.1415507195735
58000,train_episode,success,1.0
58000,update,actor_grad_norm,0.8507944345474243
58000,update,actor_grad_norm_max,3.5238094329833984
58000,update,actor_grad_norm_mean,0.9856769028604031
58000,update,actor_grad_norm_min,0.1674940288066864
58000,update,actor_loss,27.59912109375
58000,update,actor_loss_max,36.81630325317383
58000,update,actor_loss_mean,25.01103194618225
58000,update,actor_loss_min,14.901052474975586
58000,update,actor_param_norm,51.222381591796875
58000,update,actor_param_norm_max,51.222381591796875
58000,update,actor_param_norm_mean,50.98006991577149
58000,update,actor_param_norm_min,50.737510681152344
58000,update,actor_update_norm,0.01804622821509838
58000,update,actor_update_norm_max,0.0408572182059288
58000,update,actor_update_norm_mean,0.017080306785181163
58000,update,actor_update_norm_min,0.009031828492879868
58000,update,actor_update_norm_ratio,0.00035231728886153815
58000,update,actor_update_norm_ratio_max,0.0007991635500700413
58000,update,actor_update_norm_ratio_mean,0.00033503069925773575
58000,update,actor_update_norm_ratio_min,0.0001777765233075866
58000,update,alpha,0.006268112920224667
58000,update,alpha_loss,0.0005075044464319944
58000,update,alpha_loss_max,0.003908179700374603
58000,update,alpha_loss_mean,-6.215433459146879e-05
58000,update,alpha_loss_min,-0.003397005144506693
58000,update,alpha_max,0.007059991359710693
58000,update,alpha_mean,0.006486885830294341
58000,update,alpha_min,0.005819379817694426
58000,update,num_optimizer_updates,1000.0
58000,update,policy_entropy_estimate,-0.9191415309906006
58000,update,policy_entropy_estimate_max,-0.40449267625808716
58000,update,policy_entropy_estimate_mean,-1.011058289885521
58000,update,policy_entropy_estimate_min,-1.519509196281433
58000,update,policy_log_prob_mean,0.9191415309906006
58000,update,policy_log_prob_mean_max,1.519509196281433
58000,update,policy_log_prob_mean_mean,1.011058289885521
58000,update,policy_log_prob_mean_min,0.40449267625808716
58000,update,q1_loss,0.5496325492858887
58000,update,q1_loss_max,3.258145570755005
58000,update,q1_loss_mean,0.6931840856075286
58000,update,q1_loss_min,0.14311020076274872
58000,update,q1_mean,-28.002052307128906
58000,update,q1_mean_max,-14.12929630279541
58000,update,q1_mean_mean,-25.311153458595275
58000,update,q1_mean_min,-37.26816940307617
58000,update,q2_loss,0.3949613571166992
58000,update,q2_loss_max,3.6625289916992188
58000,update,q2_loss_mean,0.6661806805431842
58000,update,q2_loss_min,0.12859377264976501
58000,update,q2_mean,-28.157264709472656
58000,update,q2_mean_max,-14.370975494384766
58000,update,q2_mean_mean,-25.31122551727295
58000,update,q2_mean_min,-37.131534576416016
58000,update,q_grad_norm,107.57061767578125
58000,update,q_grad_norm_max,535.2122802734375
58000,update,q_grad_norm_mean,152.13104507064818
58000,update,q_grad_norm_min,41.23170471191406
58000,update,q_loss,0.9445939064025879
58000,update,q_loss_cleanrl_logged,0.47229695320129395
58000,update,q_loss_cleanrl_logged_max,3.3555073738098145
58000,update,q_loss_cleanrl_logged_mean,0.6796823818832636
58000,update,q_loss_cleanrl_logged_min,0.20204398036003113
58000,update,q_loss_max,6.711014747619629
58000,update,q_loss_mean,1.3593647637665272
58000,update,q_loss_min,0.40408796072006226
58000,update,q_param_norm,286.39227294921875
58000,update,q_param_norm_max,286.3932647705078
58000,update,q_param_norm_mean,285.3834905395508
58000,update,q_param_norm_min,284.33055114746094
58000,update,q_update_norm,0.03251277282834053
58000,update,q_update_norm_max,0.06290896981954575
58000,update,q_update_norm_mean,0.03233167656138539
58000,update,q_update_norm_min,0.016643323004245758
58000,update,q_update_norm_ratio,0.00016052003573263377
58000,update,q_update_norm_ratio_max,0.00031167817651384734
58000,update,q_update_norm_ratio_mean,0.00016020592273422075
58000,update,q_update_norm_ratio_min,8.240782726341887e-05
58000,update,target_q_mean,-27.98908233642578
58000,update,target_q_mean_max,-14.614008903503418
58000,update,target_q_mean_mean,-25.311261686325075
58000,update,target_q_mean_min,-37.35328674316406
58200,train_episode,collapse,0.0
58200,train_episode,length,200.0
58200,train_episode,return,-121.6151463389965
58200,train_episode,success,1.0
58400,train_episode,collapse,0.0
58400,train_episode,length,200.0
58400,train_episode,return,-232.1687424730796
58400,train_episode,success,0.0
58600,train_episode,collapse,0.0
58600,train_episode,length,200.0
58600,train_episode,return,-116.93802558152603
58600,train_episode,success,1.0
58800,train_episode,collapse,0.0
58800,train_episode,length,200.0
58800,train_episode,return,-3.3551396931891726
58800,train_episode,success,1.0
59000,train_episode,collapse,0.0
59000,train_episode,length,200.0
59000,train_episode,return,-224.37266387043744
59000,train_episode,success,0.0
59000,update,actor_grad_norm,0.6517754197120667
59000,update,actor_grad_norm_max,3.745666027069092
59000,update,actor_grad_norm_mean,1.074528882920742
59000,update,actor_grad_norm_min,0.2441996932029724
59000,update,actor_loss,19.816938400268555
59000,update,actor_loss_max,34.50395584106445
59000,update,actor_loss_mean,24.77449142074585
59000,update,actor_loss_min,13.738335609436035
59000,update,actor_param_norm,51.64983367919922
59000,update,actor_param_norm_max,51.64983367919922
59000,update,actor_param_norm_mean,51.45235664367676
59000,update,actor_param_norm_min,51.222381591796875
59000,update,actor_update_norm,0.01683342084288597
59000,update,actor_update_norm_max,0.06260475516319275
59000,update,actor_update_norm_mean,0.016477674666792154
59000,update,actor_update_norm_min,0.010002235881984234
59000,update,actor_update_norm_ratio,0.0003259163742053039
59000,update,actor_update_norm_ratio_max,0.0012160848988446
59000,update,actor_update_norm_ratio_mean,0.000320289713989357
59000,update,actor_update_norm_ratio_min,0.00019384769068832655
59000,update,alpha,0.005556013435125351
59000,update,alpha_loss,0.001088824705220759
59000,update,alpha_loss_max,0.0035790104884654284
59000,update,alpha_loss_mean,0.00015530091527034528
59000,update,alpha_loss_min,-0.0029645676258951426
59000,update,alpha_max,0.006361240521073341
59000,update,alpha_mean,0.005648820937611163
59000,update,alpha_min,0.005130329634994268
59000,update,num_optimizer_updates,1000.0
59000,update,policy_entropy_estimate,-0.804093599319458
59000,update,policy_entropy_estimate_max,-0.38804495334625244
59000,update,policy_entropy_estimate_mean,-0.9738151553869248
59000,update,policy_entropy_estimate_min,-1.5565314292907715
59000,update,policy_log_prob_mean,0.804093599319458
59000,update,policy_log_prob_mean_max,1.5565314292907715
59000,update,policy_log_prob_mean_mean,0.9738151553869248
59000,update,policy_log_prob_mean_min,0.38804495334625244
59000,update,q1_loss,0.3254780173301697
59000,update,q1_loss_max,3.5554120540618896
59000,update,q1_loss_mean,0.6566975669562817
59000,update,q1_loss_min,0.14688554406166077
59000,update,q1_mean,-19.992603302001953
59000,update,q1_mean_max,-13.616005897521973
59000,update,q1_mean_mean,-25.18854964733124
59000,update,q1_mean_min,-35.284446716308594
59000,update,q2_loss,0.6422662734985352
59000,update,q2_loss_max,2.748141050338745
59000,update,q2_loss_mean,0.6808061133474111
59000,update,q2_loss_min,0.15137191116809845
59000,update,q2_mean,-19.578338623046875
59000,update,q2_mean_max,-13.682184219360352
59000,update,q2_mean_mean,-25.188113401412963
59000,update,q2_mean_min,-35.221805572509766
59000,update,q_grad_norm,129.06956481933594
59000,update,q_grad_norm_max,535.7666015625
59000,update,q_grad_norm_mean,150.7241392593384
59000,update,q_grad_norm_min,41.21158218383789
59000,update,q_loss,0.9677442908287048
59000,update,q_loss_cleanrl_logged,0.4838721454143524
59000,update,q_loss_cleanrl_logged_max,2.839731216430664
59000,update,q_loss_cleanrl_logged_mean,0.6687518407255412
59000,update,q_loss_cleanrl_logged_min,0.18721745908260345
59000,update,q_loss_max,5.679462432861328
59000,update,q_loss_mean,1.3375036814510823
59000,update,q_loss_min,0.3744349181652069
59000,update,q_param_norm,288.2971954345703
59000,update,q_param_norm_max,288.2971954345703
59000,update,q_param_norm_mean,287.36260940551756
59000,update,q_param_norm_min,286.3918762207031
59000,update,q_update_norm,0.0287836454808712
59000,update,q_update_norm_max,0.0660138800740242
59000,update,q_update_norm_mean,0.03243811670131981
59000,update,q_update_norm_min,0.01736343838274479
59000,update,q_update_norm_ratio,0.0001411701527227153
59000,update,q_update_norm_ratio_max,0.0003248997874646265
59000,update,q_update_norm_ratio_mean,0.00015960922106894598
59000,update,q_update_norm_ratio_min,8.548366191856939e-05
59000,update,target_q_mean,-19.799161911010742
59000,update,target_q_mean_max,-13.863351821899414
59000,update,target_q_mean_mean,-25.188673933029175
59000,update,target_q_mean_min,-35.10274887084961
59200,train_episode,collapse,0.0
59200,train_episode,length,200.0
59200,train_episode,return,-228.35687930122745
59200,train_episode,success,0.0
59400,train_episode,collapse,0.0
59400,train_episode,length,200.0
59400,train_episode,return,-225.71912064784124
59400,train_episode,success,0.0
59600,train_episode,collapse,0.0
59600,train_episode,length,200.0
59600,train_episode,return,-117.04539265101846
59600,train_episode,success,1.0
59800,train_episode,collapse,0.0
59800,train_episode,length,200.0
59800,train_episode,return,-119.17158275330277
59800,train_episode,success,1.0
60000,train_episode,collapse,0.0
60000,train_episode,length,200.0
60000,train_episode,return,-228.30067498400467
60000,train_episode,success,0.0
60000,update,actor_grad_norm,1.0434372425079346
60000,update,actor_grad_norm_max,3.3797993659973145
60000,update,actor_grad_norm_mean,1.0696447349786757
60000,update,actor_grad_norm_min,0.20658153295516968
60000,update,actor_loss,23.24917984008789
60000,update,actor_loss_max,37.949798583984375
60000,update,actor_loss_mean,24.21670593070984
60000,update,actor_loss_min,12.939130783081055
60000,update,actor_param_norm,52.0770263671875
60000,update,actor_param_norm_max,52.0770263671875
60000,update,actor_param_norm_mean,51.84892198181152
60000,update,actor_param_norm_min,51.64983367919922
60000,update,actor_update_norm,0.018206089735031128
60000,update,actor_update_norm_max,0.03152550384402275
60000,update,actor_update_norm_mean,0.01675001459941268
60000,update,actor_update_norm_min,0.008138293400406837
60000,update,actor_update_norm_ratio,0.00034960299608088
60000,update,actor_update_norm_ratio_max,0.0006101967971941963
60000,update,actor_update_norm_ratio_mean,0.00032301853634844835
60000,update,actor_update_norm_ratio_min,0.00015746508102349637
60000,update,alpha,0.006016205996274948
60000,update,alpha_loss,0.0003518796875141561
60000,update,alpha_loss_max,0.002746590878814459
60000,update,alpha_loss_mean,-6.402235478162765e-05
60000,update,alpha_loss_min,-0.0035673740785568953
60000,update,alpha_max,0.006113014183938503
60000,update,alpha_mean,0.005534200687892735
60000,update,alpha_min,0.005144822411239147
60000,update,num_optimizer_updates,1000.0
60000,update,policy_entropy_estimate,-0.9415286183357239
60000,update,policy_entropy_estimate_max,-0.4913766384124756
60000,update,policy_entropy_estimate_mean,-1.0114460594654082
60000,update,policy_entropy_estimate_min,-1.6141917705535889
60000,update,policy_log_prob_mean,0.9415286183357239
60000,update,policy_log_prob_mean_max,1.6141917705535889
60000,update,policy_log_prob_mean_mean,1.0114460594654082
60000,update,policy_log_prob_mean_min,0.4913766384124756
60000,update,q1_loss,0.4560562074184418
60000,update,q1_loss_max,3.314321994781494
60000,update,q1_loss_mean,0.6378720651119948
60000,update,q1_loss_min,0.13234436511993408
60000,update,q1_mean,-23.76730728149414
60000,update,q1_mean_max,-13.016923904418945
60000,update,q1_mean_mean,-24.611206325531008
60000,update,q1_mean_min,-38.46424102783203
60000,update,q2_loss,0.3020881712436676
60000,update,q2_loss_max,2.8533639907836914
60000,update,q2_loss_mean,0.6664242785573006
60000,update,q2_loss_min,0.17389985918998718
60000,update,q2_mean,-24.086803436279297
60000,update,q2_mean_max,-13.067878723144531
60000,update,q2_mean_mean,-24.6115029630661
60000,update,q2_mean_min,-38.45511245727539
60000,update,q_grad_norm,123.50196075439453
60000,update,q_grad_norm_max,504.6375427246094
60000,update,q_grad_norm_mean,148.48833489608765
60000,update,q_grad_norm_min,43.55155563354492
60000,update,q_loss,0.7581443786621094
60000,update,q_loss_cleanrl_logged,0.3790721893310547
60000,update,q_loss_cleanrl_logged_max,2.602086067199707
60000,update,q_loss_cleanrl_logged_mean,0.6521481722444296
60000,update,q_loss_cleanrl_logged_min,0.19924098253250122
60000,update,q_loss_max,5.204172134399414
60000,update,q_loss_mean,1.3042963444888591
60000,update,q_loss_min,0.39848196506500244
60000,update,q_param_norm,290.20672607421875
60000,update,q_param_norm_max,290.20672607421875
60000,update,q_param_norm_mean,289.2402885437012
60000,update,q_param_norm_min,288.29917907714844
60000,update,q_update_norm,0.021407419815659523
60000,update,q_update_norm_max,0.06736893951892853
60000,update,q_update_norm_mean,0.03220188950188458
60000,update,q_update_norm_min,0.016560638323426247
60000,update,q_update_norm_ratio,0.00010430265573611419
60000,update,q_update_norm_ratio_max,0.00032887910476349423
60000,update,q_update_norm_ratio_mean,0.00015740981961955765
60000,update,q_update_norm_ratio_min,8.11538318669777e-05
60000,update,target_q_mean,-24.067623138427734
60000,update,target_q_mean_max,-13.030709266662598
60000,update,target_q_mean_mean,-24.61147637939453
60000,update,target_q_mean_min,-38.82665252685547
60000,replay,action_abs_max,2.0
60000,replay,action_abs_mean,0.8204004764556885
60000,replay,action_saturation_fraction,0.07231666666666667
60000,replay,capacity,100000.0
60000,replay,done_fraction,0.0
60000,replay,fill_fraction,0.6
60000,replay,near_upright_any_transition_fraction,0.75855
60000,replay,near_upright_next_obs_fraction,0.7583166666666666
60000,replay,near_upright_obs_fraction,0.7544333333333333
60000,replay,reward_max,-1.0757337349787122e-06
60000,replay,reward_mean,-1.3557560443878174
60000,replay,reward_min,-16.252336502075195
60000,replay,reward_std,3.0264105796813965
60000,replay,sample_count_max,732.0
60000,replay,sample_count_mean,234.66666666666666
60000,replay,size,60000.0
60000,replay,transition_age_max,59999.0
60000,replay,transition_age_mean,29999.5
60000,diagnostics,actor_layer0_activation_abs_max,3.7950267791748047
60000,diagnostics,actor_layer0_activation_abs_mean,0.1602807641029358
60000,diagnostics,actor_layer0_dormant_fraction,0.0390625
60000,diagnostics,actor_layer0_effective_rank_fraction,0.053509656339883804
60000,diagnostics,actor_layer1_activation_abs_max,5.786069393157959
60000,diagnostics,actor_layer1_activation_abs_mean,0.07499323785305023
60000,diagnostics,actor_layer1_dormant_fraction,0.39453125
60000,diagnostics,actor_layer1_effective_rank_fraction,0.12930290400981903
60000,diagnostics,actor_param_norm,52.0770263671875
60000,diagnostics,alpha,0.006016205996274948
60000,diagnostics,q1_layer0_activation_abs_max,7.577852249145508
60000,diagnostics,q1_layer0_activation_abs_mean,0.3966194987297058
60000,diagnostics,q1_layer0_dormant_fraction,0.01953125
60000,diagnostics,q1_layer0_effective_rank_fraction,0.0626370757818222
60000,diagnostics,q1_layer1_activation_abs_max,46.44822311401367
60000,diagnostics,q1_layer1_activation_abs_mean,2.618532419204712
60000,diagnostics,q1_layer1_dormant_fraction,0.40625
60000,diagnostics,q1_layer1_effective_rank_fraction,0.0688328742980957
60000,diagnostics,q1_param_norm,147.92742919921875
60000,diagnostics,q2_layer0_activation_abs_max,6.511035919189453
60000,diagnostics,q2_layer0_activation_abs_mean,0.3615882694721222
60000,diagnostics,q2_layer0_dormant_fraction,0.02734375
60000,diagnostics,q2_layer0_effective_rank_fraction,0.060201823711395264
60000,diagnostics,q2_layer1_activation_abs_max,31.355876922607422
60000,diagnostics,q2_layer1_activation_abs_mean,2.5545647144317627
60000,diagnostics,q2_layer1_dormant_fraction,0.453125
60000,diagnostics,q2_layer1_effective_rank_fraction,0.06491363793611526
60000,diagnostics,q2_param_norm,142.279296875
60000,eval,best_return,-0.29651725795213935
60000,eval,collapse_rate,0.0
60000,eval,failure_rate,0.6
60000,eval,fraction_return_ge_-100,0.2
60000,eval,fraction_return_ge_-150,0.4
60000,eval,fraction_return_ge_-200,0.4
60000,eval,fraction_return_ge_-250,0.8
60000,eval,max_not_near_upright_streak,60.0
60000,eval,mean_episode_length,200.0
60000,eval,mean_min_step_reward,-10.7344800579209
60000,eval,mean_return,-175.62613040538469
60000,eval,median_return,-226.53395942919795
60000,eval,near_upright_fraction,0.8324999999999999
60000,eval,num_collapses,0.0
60000,eval,num_eval_episodes,10.0
60000,eval,num_strict_successes,4.0
60000,eval,num_successes,4.0
60000,eval,return_failure_rate,0.6
60000,eval,return_p05,-287.4538640486706
60000,eval,return_p10,-285.5301255564562
60000,eval,return_p25,-242.8346839697556
60000,eval,return_p75,-120.416987372678
60000,eval,return_p90,-0.316211142720461
60000,eval,return_p95,-0.3063642003363002
60000,eval,return_reliability_nines_empirical,0.22184874961635637
60000,eval,return_reliability_nines_wilson95_low,0.07997081395541751
60000,eval,return_success_rate,0.4
60000,eval,stability_success_rate,0.5
60000,eval,std_return,103.07030575768903
60000,eval,streak_success_rate,0.9
60000,eval,strict_failure_rate,0.6
60000,eval,strict_reliability_nines_empirical,0.22184874961635637
60000,eval,strict_reliability_nines_wilson95_low,0.07997081395541751
60000,eval,strict_success_rate,0.4
60000,eval,strict_success_rate_wilson95_high,0.6873262302663417
60000,eval,strict_success_rate_wilson95_low,0.16818032970623614
60000,eval,success_rate,0.4
60000,eval,success_rate_wilson95_high,0.6873262302663417
60000,eval,success_rate_wilson95_low,0.16818032970623614
60000,eval,worst_episode_near_upright_fraction,0.7
60000,eval,worst_min_step_reward,-15.833380082367233
60000,eval,worst_return,-289.377602540885
60200,train_episode,collapse,0.0
60200,train_episode,length,200.0
60200,train_episode,return,-307.4518115433626
60200,train_episode,success,0.0
60400,train_episode,collapse,0.0
60400,train_episode,length,200.0
60400,train_episode,return,-120.1798039136154
60400,train_episode,success,1.0
60600,train_episode,collapse,0.0
60600,train_episode,length,200.0
60600,train_episode,return,-119.67134311131592
60600,train_episode,success,1.0
60800,train_episode,collapse,0.0
60800,train_episode,length,200.0
60800,train_episode,return,-228.61379702864477
60800,train_episode,success,0.0
61000,train_episode,collapse,0.0
61000,train_episode,length,200.0
61000,train_episode,return,-308.6091730256606
61000,train_episode,success,0.0
61000,update,actor_grad_norm,0.7668015956878662
61000,update,actor_grad_norm_max,3.582629680633545
61000,update,actor_grad_norm_mean,0.9560807401537895
61000,update,actor_grad_norm_min,0.1353650987148285
61000,update,actor_loss,28.323328018188477
61000,update,actor_loss_max,34.08367156982422
61000,update,actor_loss_mean,24.29734218597412
61000,update,actor_loss_min,15.457710266113281
61000,update,actor_param_norm,52.52598571777344
61000,update,actor_param_norm_max,52.526031494140625
61000,update,actor_param_norm_mean,52.31341750335693
61000,update,actor_param_norm_min,52.0770263671875
61000,update,actor_update_norm,0.014302951283752918
61000,update,actor_update_norm_max,0.03145397827029228
61000,update,actor_update_norm_mean,0.015782169990241526
61000,update,actor_update_norm_min,0.009139611385762691
61000,update,actor_update_norm_ratio,0.00027230230776820424
61000,update,actor_update_norm_ratio_max,0.0005993239750392755
61000,update,actor_update_norm_ratio_mean,0.00030167540671633303
61000,update,actor_update_norm_ratio_min,0.00017473251196502854
61000,update,alpha,0.004457315895706415
61000,update,alpha_loss,-0.0013211315963417292
61000,update,alpha_loss_max,0.0037207368295639753
61000,update,alpha_loss_mean,0.0003171105287183309
61000,update,alpha_loss_min,-0.0023538232780992985
61000,update,alpha_max,0.006147712003439665
61000,update,alpha_mean,0.005352251878473908
61000,update,alpha_min,0.004455528687685728
61000,update,num_optimizer_updates,1000.0
61000,update,policy_entropy_estimate,-1.2964730262756348
61000,update,policy_entropy_estimate_max,-0.3250332474708557
61000,update,policy_entropy_estimate_mean,-0.9392260877490044
61000,update,policy_entropy_estimate_min,-1.4697710275650024
61000,update,policy_log_prob_mean,1.2964730262756348
61000,update,policy_log_prob_mean_max,1.4697710275650024
61000,update,policy_log_prob_mean_mean,0.9392260877490044
61000,update,policy_log_prob_mean_min,0.3250332474708557
61000,update,q1_loss,0.46799156069755554
61000,update,q1_loss_max,3.2551932334899902
61000,update,q1_loss_mean,0.5959868917614222
61000,update,q1_loss_min,0.08476127684116364
61000,update,q1_mean,-28.530433654785156
61000,update,q1_mean_max,-15.48814868927002
61000,update,q1_mean_mean,-24.74202973461151
61000,update,q1_mean_min,-34.114810943603516
61000,update,q2_loss,0.5912728309631348
61000,update,q2_loss_max,2.986339569091797
61000,update,q2_loss_mean,0.6039415236413479
61000,update,q2_loss_min,0.15272636711597443
61000,update,q2_mean,-28.67807960510254
61000,update,q2_mean_max,-15.01409912109375
61000,update,q2_mean_mean,-24.741949723243714
61000,update,q2_mean_min,-34.47590255737305
61000,update,q_grad_norm,87.86763763427734
61000,update,q_grad_norm_max,505.412109375
61000,update,q_grad_norm_mean,138.6634394721985
61000,update,q_grad_norm_min,27.226898193359375
61000,update,q_loss,1.0592644214630127
61000,update,q_loss_cleanrl_logged,0.5296322107315063
61000,update,q_loss_cleanrl_logged_max,2.931276798248291
61000,update,q_loss_cleanrl_logged_mean,0.5999642080962658
61000,update,q_loss_cleanrl_logged_min,0.15199920535087585
61000,update,q_loss_max,5.862553596496582
61000,update,q_loss_mean,1.1999284161925317
61000,update,q_loss_min,0.3039984107017517
61000,update,q_param_norm,291.9411315917969
61000,update,q_param_norm_max,291.9411315917969
61000,update,q_param_norm_mean,291.04753132629395
61000,update,q_param_norm_min,290.2093963623047
61000,update,q_update_norm,0.03483711555600166
61000,update,q_update_norm_max,0.0700206458568573
61000,update,q_update_norm_mean,0.03136891961656511
61000,update,q_update_norm_min,0.017117012292146683
61000,update,q_update_norm_ratio,0.0001687259159822209
61000,update,q_update_norm_ratio_max,0.0003411059457901575
61000,update,q_update_norm_ratio_mean,0.00015239692001363514
61000,update,q_update_norm_ratio_min,8.321899740495283e-05
61000,update,target_q_mean,-28.58827018737793
61000,update,target_q_mean_max,-15.102509498596191
61000,update,target_q_mean_mean,-24.7422162771225
61000,update,target_q_mean_min,-34.39441680908203
61200,train_episode,collapse,0.0
61200,train_episode,length,200.0
61200,train_episode,return,-127.38032957554367
61200,train_episode,success,1.0
61400,train_episode,collapse,0.0
61400,train_episode,length,200.0
61400,train_episode,return,-224.74882648101354
61400,train_episode,success,0.0
61600,train_episode,collapse,0.0
61600,train_episode,length,200.0
61600,train_episode,return,-124.87203609528757
61600,train_episode,success,1.0
61800,train_episode,collapse,0.0
61800,train_episode,length,200.0
61800,train_episode,return,-119.48518882782204
61800,train_episode,success,1.0
62000,train_episode,collapse,0.0
62000,train_episode,length,200.0
62000,train_episode,return,-230.60790552955024
62000,train_episode,success,0.0
62000,update,actor_grad_norm,0.41869038343429565
62000,update,actor_grad_norm_max,3.804624557495117
62000,update,actor_grad_norm_mean,0.9319412001371383
62000,update,actor_grad_norm_min,0.17099641263484955
62000,update,actor_loss,23.75511932373047
62000,update,actor_loss_max,35.119014739990234
62000,update,actor_loss_mean,24.204266036987306
62000,update,actor_loss_min,15.512826919555664
62000,update,actor_param_norm,52.93894577026367
62000,update,actor_param_norm_max,52.93894577026367
62000,update,actor_param_norm_mean,52.7383909034729
62000,update,actor_param_norm_min,52.523658752441406
62000,update,actor_update_norm,0.012638332322239876
62000,update,actor_update_norm_max,0.04542327672243118
62000,update,actor_update_norm_mean,0.017674294531345367
62000,update,actor_update_norm_min,0.009202521294355392
62000,update,actor_update_norm_ratio,0.0002387351291149321
62000,update,actor_update_norm_ratio_max,0.0008613128734017348
62000,update,actor_update_norm_ratio_mean,0.00033516272156744535
62000,update,actor_update_norm_ratio_min,0.00017403183163651776
62000,update,alpha,0.005928658414632082
62000,update,alpha_loss,-0.0008170632063411176
62000,update,alpha_loss_max,0.0030675185844302177
62000,update,alpha_loss_mean,-0.0002793443549235235
62000,update,alpha_loss_min,-0.003580656601116061
62000,update,alpha_max,0.005985574331134558
62000,update,alpha_mean,0.0053401672961190345
62000,update,alpha_min,0.004457315895706415
62000,update,num_optimizer_updates,1000.0
62000,update,policy_entropy_estimate,-1.1378551721572876
62000,update,policy_entropy_estimate_max,-0.4806235134601593
62000,update,policy_entropy_estimate_mean,-1.0547872994542122
62000,update,policy_entropy_estimate_min,-1.7441731691360474
62000,update,policy_log_prob_mean,1.1378551721572876
62000,update,policy_log_prob_mean_max,1.7441731691360474
62000,update,policy_log_prob_mean_mean,1.0547872994542122
62000,update,policy_log_prob_mean_min,0.4806235134601593
62000,update,q1_loss,0.4514419436454773
62000,update,q1_loss_max,2.2876853942871094
62000,update,q1_loss_mean,0.5905766224414111
62000,update,q1_loss_min,0.1265265941619873
62000,update,q1_mean,-24.337451934814453
62000,update,q1_mean_max,-15.889248847961426
62000,update,q1_mean_mean,-24.5705645198822
62000,update,q1_mean_min,-36.75830078125
62000,update,q2_loss,0.5695956945419312
62000,update,q2_loss_max,2.496674060821533
62000,update,q2_loss_mean,0.5939168614596129
62000,update,q2_loss_min,0.1394692361354828
62000,update,q2_mean,-24.17181396484375
62000,update,q2_mean_max,-15.500818252563477
62000,update,q2_mean_mean,-24.570188250541687
62000,update,q2_mean_min,-36.34375
62000,update,q_grad_norm,129.57632446289062
62000,update,q_grad_norm_max,557.3939208984375
62000,update,q_grad_norm_mean,138.88674404144288
62000,update,q_grad_norm_min,40.3283805847168
62000,update,q_loss,1.0210375785827637
62000,update,q_loss_cleanrl_logged,0.5105187892913818
62000,update,q_loss_cleanrl_logged_max,2.2402682304382324
62000,update,q_loss_cleanrl_logged_mean,0.5922467410862445
62000,update,q_loss_cleanrl_logged_min,0.14725854992866516
62000,update,q_loss_max,4.480536460876465
62000,update,q_loss_mean,1.184493482172489
62000,update,q_loss_min,0.2945170998573303
62000,update,q_param_norm,293.8430938720703
62000,update,q_param_norm_max,293.8430938720703
62000,update,q_param_norm_mean,292.9424518737793
62000,update,q_param_norm_min,291.9439239501953
62000,update,q_update_norm,0.030092379078269005
62000,update,q_update_norm_max,0.07037968933582306
62000,update,q_update_norm_mean,0.03132643737271428
62000,update,q_update_norm_min,0.015905210748314857
62000,update,q_update_norm_ratio,0.00014480038292201815
62000,update,q_update_norm_ratio_max,0.00033913867487727885
62000,update,q_update_norm_ratio_mean,0.00015121338524562195
62000,update,q_update_norm_ratio_min,7.653629627574305e-05
62000,update,target_q_mean,-24.00592613220215
62000,update,target_q_mean_max,-15.54934024810791
62000,update,target_q_mean_mean,-24.57036296081543
62000,update,target_q_mean_min,-36.59723663330078
62200,train_episode,collapse,0.0
62200,train_episode,length,200.0
62200,train_episode,return,-121.35808268242909
62200,train_episode,success,1.0
62400,train_episode,collapse,0.0
62400,train_episode,length,200.0
62400,train_episode,return,-224.02722275850147
62400,train_episode,success,0.0
62600,train_episode,collapse,0.0
62600,train_episode,length,200.0
62600,train_episode,return,-118.93656275375999
62600,train_episode,success,1.0
62800,train_episode,collapse,0.0
62800,train_episode,length,200.0
62800,train_episode,return,-120.67092865634596
62800,train_episode,success,1.0
63000,train_episode,collapse,0.0
63000,train_episode,length,200.0
63000,train_episode,return,-221.68804978640293
63000,train_episode,success,0.0
63000,update,actor_grad_norm,1.2545640468597412
63000,update,actor_grad_norm_max,3.872525453567505
63000,update,actor_grad_norm_mean,1.0632851153910161
63000,update,actor_grad_norm_min,0.2184378206729889
63000,update,actor_loss,23.6955623626709
63000,update,actor_loss_max,33.069190979003906
63000,update,actor_loss_mean,23.907871503829956
63000,update,actor_loss_min,14.291894912719727
63000,update,actor_param_norm,53.36555480957031
63000,update,actor_param_norm_max,53.36555480957031
63000,update,actor_param_norm_mean,53.131345134735106
63000,update,actor_param_norm_min,52.93894577026367
63000,update,actor_update_norm,0.016466472297906876
63000,update,actor_update_norm_max,0.0408577099442482
63000,update,actor_update_norm_mean,0.016324966797605155
63000,update,actor_update_norm_min,0.00873950868844986
63000,update,actor_update_norm_ratio,0.000308560070611941
63000,update,actor_update_norm_ratio_max,0.0007664394514481168
63000,update,actor_update_norm_ratio_mean,0.0003072586814851654
63000,update,actor_update_norm_ratio_min,0.00016398924401388125
63000,update,alpha,0.005566137842833996
63000,update,alpha_loss,-6.690667942166328e-05
63000,update,alpha_loss_max,0.0031213462352752686
63000,update,alpha_loss_mean,6.699890521122142e-05
63000,update,alpha_loss_min,-0.002948441542685032
63000,update,alpha_max,0.006375467404723167
63000,update,alpha_mean,0.005747126761358232
63000,update,alpha_min,0.005220165476202965
63000,update,num_optimizer_updates,1000.0
63000,update,policy_entropy_estimate,-1.0120224952697754
63000,update,policy_entropy_estimate_max,-0.4863071143627167
63000,update,policy_entropy_estimate_mean,-0.9887104180455207
63000,update,policy_entropy_estimate_min,-1.487137794494629
63000,update,policy_log_prob_mean,1.0120224952697754
63000,update,policy_log_prob_mean_max,1.487137794494629
63000,update,policy_log_prob_mean_mean,0.9887104180455207
63000,update,policy_log_prob_mean_min,0.4863071143627167
63000,update,q1_loss,0.47209736704826355
63000,update,q1_loss_max,4.134157657623291
63000,update,q1_loss_mean,0.6345659362375736
63000,update,q1_loss_min,0.12744037806987762
63000,update,q1_mean,-24.356159210205078
63000,update,q1_mean_max,-14.032745361328125
63000,update,q1_mean_mean,-24.42896979522705
63000,update,q1_mean_min,-35.86090087890625
63000,update,q2_loss,0.5135560631752014
63000,update,q2_loss_max,4.546693325042725
63000,update,q2_loss_mean,0.6541777651011944
63000,update,q2_loss_min,0.18650168180465698
63000,update,q2_mean,-24.174964904785156
63000,update,q2_mean_max,-14.06025218963623
63000,update,q2_mean_mean,-24.429088139533995
63000,update,q2_mean_min,-35.37800216674805
63000,update,q_grad_norm,89.79871368408203
63000,update,q_grad_norm_max,590.5199584960938
63000,update,q_grad_norm_mean,151.05147020339965
63000,update,q_grad_norm_min,36.60938262939453
63000,update,q_loss,0.9856534004211426
63000,update,q_loss_cleanrl_logged,0.4928267002105713
63000,update,q_loss_cleanrl_logged_max,4.340425491333008
63000,update,q_loss_cleanrl_logged_mean,0.6443718507289886
63000,update,q_loss_cleanrl_logged_min,0.1569710373878479
63000,update,q_loss_max,8.680850982666016
63000,update,q_loss_mean,1.2887437014579772
63000,update,q_loss_min,0.3139420747756958
63000,update,q_param_norm,295.60423278808594
63000,update,q_param_norm_max,295.60423278808594
63000,update,q_param_norm_mean,294.7093867797852
63000,update,q_param_norm_min,293.84405517578125
63000,update,q_update_norm,0.03369234874844551
63000,update,q_update_norm_max,0.08182453364133835
63000,update,q_update_norm_mean,0.03325264973565936
63000,update,q_update_norm_min,0.017284417524933815
63000,update,q_update_norm_ratio,0.00016115725242293844
63000,update,q_update_norm_ratio_max,0.000392889824640183
63000,update,q_update_norm_ratio_mean,0.0001595452672527418
63000,update,q_update_norm_ratio_min,8.273633392798202e-05
63000,update,target_q_mean,-24.200401306152344
63000,update,target_q_mean_max,-14.197330474853516
63000,update,target_q_mean_mean,-24.429441383361816
63000,update,target_q_mean_min,-35.694271087646484
63200,train_episode,collapse,0.0
63200,train_episode,length,200.0
63200,train_episode,return,-119.91819472836008
63200,train_episode,success,1.0
63400,train_episode,collapse,0.0
63400,train_episode,length,200.0
63400,train_episode,return,-228.0209386757526
63400,train_episode,success,0.0
63600,train_episode,collapse,0.0
63600,train_episode,length,200.0
63600,train_episode,return,-117.9237891949141
63600,train_episode,success,1.0
63800,train_episode,collapse,0.0
63800,train_episode,length,200.0
63800,train_episode,return,-0.6389043571748272
63800,train_episode,success,1.0
64000,train_episode,collapse,0.0
64000,train_episode,length,200.0
64000,train_episode,return,-118.08924094729285
64000,train_episode,success,1.0
64000,update,actor_grad_norm,1.32052481174469
64000,update,actor_grad_norm_max,3.482792615890503
64000,update,actor_grad_norm_mean,0.9759050895571708
64000,update,actor_grad_norm_min,0.11948591470718384
64000,update,actor_loss,24.559450149536133
64000,update,actor_loss_max,33.15861129760742
64000,update,actor_loss_mean,24.070026565551757
64000,update,actor_loss_min,13.995834350585938
64000,update,actor_param_norm,53.72169876098633
64000,update,actor_param_norm_max,53.72169876098633
64000,update,actor_param_norm_mean,53.55015172195434
64000,update,actor_param_norm_min,53.36555480957031
64000,update,actor_update_norm,0.027215849608182907
64000,update,actor_update_norm_max,0.029688946902751923
64000,update,actor_update_norm_mean,0.016300746766850352
64000,update,actor_update_norm_min,0.009314557537436485
64000,update,actor_update_norm_ratio,0.0005066145021977053
64000,update,actor_update_norm_ratio_max,0.0005539843478345203
64000,update,actor_update_norm_ratio_mean,0.00030441708319075704
64000,update,actor_update_norm_ratio_min,0.00017452769490172612
64000,update,alpha,0.005834461189806461
64000,update,alpha_loss,-0.0004494937602430582
64000,update,alpha_loss_max,0.003158135339617729
64000,update,alpha_loss_mean,-5.0447881658328694e-05
64000,update,alpha_loss_min,-0.0025365492329001427
64000,update,alpha_max,0.005834461189806461
64000,update,alpha_mean,0.005510427968576551
64000,update,alpha_min,0.005285763181746006
64000,update,num_optimizer_updates,1000.0
64000,update,policy_entropy_estimate,-1.0770500898361206
64000,update,policy_entropy_estimate_max,-0.4461684823036194
64000,update,policy_entropy_estimate_mean,-1.0092950222492219
64000,update,policy_entropy_estimate_min,-1.4604833126068115
64000,update,policy_log_prob_mean,1.0770500898361206
64000,update,policy_log_prob_mean_max,1.4604833126068115
64000,update,policy_log_prob_mean_mean,1.0092950222492219
64000,update,policy_log_prob_mean_min,0.4461684823036194
64000,update,q1_loss,0.7639648914337158
64000,update,q1_loss_max,3.327610492706299
64000,update,q1_loss_mean,0.6073848164826632
64000,update,q1_loss_min,0.12053996324539185
64000,update,q1_mean,-24.89327621459961
64000,update,q1_mean_max,-13.762426376342773
64000,update,q1_mean_mean,-24.441157678604124
64000,update,q1_mean_min,-34.0241584777832
64000,update,q2_loss,0.4487609267234802
64000,update,q2_loss_max,4.23448371887207
64000,update,q2_loss_mean,0.6422207593023777
64000,update,q2_loss_min,0.14639857411384583
64000,update,q2_mean,-24.965805053710938
64000,update,q2_mean_max,-14.08690071105957
64000,update,q2_mean_mean,-24.441138577461242
64000,update,q2_mean_min,-34.37437438964844
64000,update,q_grad_norm,147.53099060058594
64000,update,q_grad_norm_max,662.12548828125
64000,update,q_grad_norm_mean,143.9644977416992
64000,update,q_grad_norm_min,41.646209716796875
64000,update,q_loss,1.2127258777618408
64000,update,q_loss_cleanrl_logged,0.6063629388809204
64000,update,q_loss_cleanrl_logged_max,3.1208081245422363
64000,update,q_loss_cleanrl_logged_mean,0.6248027873188258
64000,update,q_loss_cleanrl_logged_min,0.15736037492752075
64000,update,q_loss_max,6.241616249084473
64000,update,q_loss_mean,1.2496055746376515
64000,update,q_loss_min,0.3147207498550415
64000,update,q_param_norm,297.4893035888672
64000,update,q_param_norm_max,297.4893035888672
64000,update,q_param_norm_mean,296.5878352661133
64000,update,q_param_norm_min,295.60552978515625
64000,update,q_update_norm,0.03539496287703514
64000,update,q_update_norm_max,0.06739956140518188
64000,update,q_update_norm_mean,0.03221904386393726
64000,update,q_update_norm_min,0.014893705025315285
64000,update,q_update_norm_ratio,0.00016822889361729998
64000,update,q_update_norm_ratio_max,0.00032125792835692023
64000,update,q_update_norm_ratio_mean,0.00015361431900203263
64000,update,q_update_norm_ratio_min,7.115237663315973e-05
64000,update,target_q_mean,-25.013681411743164
64000,update,target_q_mean_max,-13.984027862548828
64000,update,target_q_mean_mean,-24.44146189403534
64000,update,target_q_mean_min,-34.02952194213867
64200,train_episode,collapse,0.0
64200,train_episode,length,200.0
64200,train_episode,return,-220.7952931436461
64200,train_episode,success,0.0
64400,train_episode,collapse,0.0
64400,train_episode,length,200.0
64400,train_episode,return,-117.5760649052753
64400,train_episode,success,1.0
64600,train_episode,collapse,0.0
64600,train_episode,length,200.0
64600,train_episode,return,-221.64066082837147
64600,train_episode,success,0.0
64800,train_episode,collapse,0.0
64800,train_episode,length,200.0
64800,train_episode,return,-118.75108165784636
64800,train_episode,success,1.0
65000,train_episode,collapse,0.0
65000,train_episode,length,200.0
65000,train_episode,return,-120.39330161536928
65000,train_episode,success,1.0
65000,update,actor_grad_norm,1.986362338066101
65000,update,actor_grad_norm_max,3.9608614444732666
65000,update,actor_grad_norm_mean,1.0531098337769509
65000,update,actor_grad_norm_min,0.21067091822624207
65000,update,actor_loss,29.132009506225586
65000,update,actor_loss_max,35.15371322631836
65000,update,actor_loss_mean,23.702477516174316
65000,update,actor_loss_min,12.989690780639648
65000,update,actor_param_norm,54.16835403442383
65000,update,actor_param_norm_max,54.16835403442383
65000,update,actor_param_norm_mean,53.95868689727783
65000,update,actor_param_norm_min,53.72169876098633
65000,update,actor_update_norm,0.012080137617886066
65000,update,actor_update_norm_max,0.035670310258865356
65000,update,actor_update_norm_mean,0.017234597757458687
65000,update,actor_update_norm_min,0.009280065074563026
65000,update,actor_update_norm_ratio,0.00022301162205896034
65000,update,actor_update_norm_ratio_max,0.0006638380097108435
65000,update,actor_update_norm_ratio_mean,0.00031943257025371244
65000,update,actor_update_norm_ratio_min,0.000172613967832847
65000,update,alpha,0.006343647837638855
65000,update,alpha_loss,-0.001688862917944789
65000,update,alpha_loss_max,0.003053235588595271
65000,update,alpha_loss_mean,-9.091021497442853e-05
65000,update,alpha_loss_min,-0.004078640136867762
65000,update,alpha_max,0.0070181796327233315
65000,update,alpha_mean,0.006293754579499364
65000,update,alpha_min,0.005750375334173441
65000,update,num_optimizer_updates,1000.0
65000,update,policy_entropy_estimate,-1.2661863565444946
65000,update,policy_entropy_estimate_max,-0.5574699640274048
65000,update,policy_entropy_estimate_mean,-1.0156201144456865
65000,update,policy_entropy_estimate_min,-1.6393530368804932
65000,update,policy_log_prob_mean,1.2661863565444946
65000,update,policy_log_prob_mean_max,1.6393530368804932
65000,update,policy_log_prob_mean_mean,1.0156201144456865
65000,update,policy_log_prob_mean_min,0.5574699640274048
65000,update,q1_loss,0.7632986307144165
65000,update,q1_loss_max,3.899225950241089
65000,update,q1_loss_mean,0.6605483287498355
65000,update,q1_loss_min,0.09868396073579788
65000,update,q1_mean,-29.41400718688965
65000,update,q1_mean_max,-13.287425994873047
65000,update,q1_mean_mean,-24.2530693693161
65000,update,q1_mean_min,-35.58277893066406
65000,update,q2_loss,0.6452019214630127
65000,update,q2_loss_max,5.474527835845947
65000,update,q2_loss_mean,0.6629887780696153
65000,update,q2_loss_min,0.1486339122056961
65000,update,q2_mean,-29.67045021057129
65000,update,q2_mean_max,-13.433576583862305
65000,update,q2_mean_mean,-24.253055441856386
65000,update,q2_mean_min,-35.558956146240234
65000,update,q_grad_norm,136.70742797851562
65000,update,q_grad_norm_max,851.2196655273438
65000,update,q_grad_norm_mean,148.3071118965149
65000,update,q_grad_norm_min,42.987674713134766
65000,update,q_loss,1.4085005521774292
65000,update,q_loss_cleanrl_logged,0.7042502760887146
65000,update,q_loss_cleanrl_logged_max,4.6868767738342285
65000,update,q_loss_cleanrl_logged_mean,0.6617685542851687
65000,update,q_loss_cleanrl_logged_min,0.1821027249097824
65000,update,q_loss_max,9.373753547668457
65000,update,q_loss_mean,1.3235371085703374
65000,update,q_loss_min,0.3642054498195648
65000,update,q_param_norm,299.2163391113281
65000,update,q_param_norm_max,299.2163391113281
65000,update,q_param_norm_mean,298.31518057250975
65000,update,q_param_norm_min,297.4913635253906
65000,update,q_update_norm,0.023921584710478783
65000,update,q_update_norm_max,0.08359815180301666
65000,update,q_update_norm_mean,0.03316880888491869
65000,update,q_update_norm_min,0.017888076603412628
65000,update,q_update_norm_ratio,0.00011304065249641495
65000,update,q_update_norm_ratio_max,0.0003972964377446623
65000,update,q_update_norm_ratio_mean,0.00015721640113325834
65000,update,q_update_norm_ratio_min,8.464002312403997e-05
65000,update,target_q_mean,-29.57017707824707
65000,update,target_q_mean_max,-13.348287582397461
65000,update,target_q_mean_mean,-24.25330733013153
65000,update,target_q_mean_min,-35.45728302001953
65000,replay,action_abs_max,2.0
65000,replay,action_abs_mean,0.804199755191803
65000,replay,action_saturation_fraction,0.0726
65000,replay,capacity,100000.0
65000,replay,done_fraction,0.0
65000,replay,fill_fraction,0.65
65000,replay,near_upright_any_transition_fraction,0.7651384615384615
65000,replay,near_upright_next_obs_fraction,0.7649230769230769
65000,replay,near_upright_obs_fraction,0.7609692307692307
65000,replay,reward_max,-1.0757337349787122e-06
65000,replay,reward_mean,-1.314575433731079
65000,replay,reward_min,-16.252336502075195
65000,replay,reward_std,2.990844964981079
65000,replay,sample_count_max,753.0
65000,replay,sample_count_mean,236.30769230769232
65000,replay,size,65000.0
65000,replay,transition_age_max,64999.0
65000,replay,transition_age_mean,32499.5
65000,diagnostics,actor_layer0_activation_abs_max,3.7334954738616943
65000,diagnostics,actor_layer0_activation_abs_mean,0.1472642570734024
65000,diagnostics,actor_layer0_dormant_fraction,0.03515625
65000,diagnostics,actor_layer0_effective_rank_fraction,0.05538806691765785
65000,diagnostics,actor_layer1_activation_abs_max,6.760348320007324
65000,diagnostics,actor_layer1_activation_abs_mean,0.06754907220602036
65000,diagnostics,actor_layer1_dormant_fraction,0.390625
65000,diagnostics,actor_layer1_effective_rank_fraction,0.13137131929397583
65000,diagnostics,actor_param_norm,54.16835403442383
65000,diagnostics,alpha,0.006343647837638855
65000,diagnostics,q1_layer0_activation_abs_max,7.362272262573242
65000,diagnostics,q1_layer0_activation_abs_mean,0.38293951749801636
65000,diagnostics,q1_layer0_dormant_fraction,0.0234375
65000,diagnostics,q1_layer0_effective_rank_fraction,0.06391613930463791
65000,diagnostics,q1_layer1_activation_abs_max,49.47378921508789
65000,diagnostics,q1_layer1_activation_abs_mean,2.7507054805755615
65000,diagnostics,q1_layer1_dormant_fraction,0.40625
65000,diagnostics,q1_layer1_effective_rank_fraction,0.06797730177640915
65000,diagnostics,q1_param_norm,152.69564819335938
65000,diagnostics,q2_layer0_activation_abs_max,7.267597198486328
65000,diagnostics,q2_layer0_activation_abs_mean,0.3523961305618286
65000,diagnostics,q2_layer0_dormant_fraction,0.01953125
65000,diagnostics,q2_layer0_effective_rank_fraction,0.06135218217968941
65000,diagnostics,q2_layer1_activation_abs_max,27.278554916381836
65000,diagnostics,q2_layer1_activation_abs_mean,2.685788631439209
65000,diagnostics,q2_layer1_dormant_fraction,0.453125
65000,diagnostics,q2_layer1_effective_rank_fraction,0.06409312784671783
65000,diagnostics,q2_param_norm,146.52069091796875
65000,eval,best_return,-0.3715402818752762
65000,eval,collapse_rate,0.0
65000,eval,failure_rate,0.6
65000,eval,fraction_return_ge_-100,0.2
65000,eval,fraction_return_ge_-150,0.4
65000,eval,fraction_return_ge_-200,0.4
65000,eval,fraction_return_ge_-250,0.8
65000,eval,max_not_near_upright_streak,69.0
65000,eval,mean_episode_length,200.0
65000,eval,mean_min_step_reward,-10.513535330538435
65000,eval,mean_return,-172.48164947749572
65000,eval,median_return,-226.86760018956562
65000,eval,near_upright_fraction,0.835
65000,eval,num_collapses,0.0
65000,eval,num_eval_episodes,10.0
65000,eval,num_strict_successes,4.0
65000,eval,num_successes,4.0
65000,eval,return_failure_rate,0.6
65000,eval,return_p05,-270.7380833201192
65000,eval,return_p10,-257.4977913502103
65000,eval,return_p25,-244.12618391951378
65000,eval,return_p75,-120.50968852115835
65000,eval,return_p90,-0.3892157381854925
65000,eval,return_p95,-0.38037801003038435
65000,eval,return_reliability_nines_empirical,0.22184874961635637
65000,eval,return_reliability_nines_wilson95_low,0.07997081395541751
65000,eval,return_success_rate,0.4
65000,eval,stability_success_rate,0.6
65000,eval,std_return,99.84335845263911
65000,eval,streak_success_rate,0.9
65000,eval,strict_failure_rate,0.6
65000,eval,strict_reliability_nines_empirical,0.22184874961635637
65000,eval,strict_reliability_nines_wilson95_low,0.07997081395541751
65000,eval,strict_success_rate,0.4
65000,eval,strict_success_rate_wilson95_high,0.6873262302663417
65000,eval,strict_success_rate_wilson95_low,0.16818032970623614
65000,eval,success_rate,0.4
65000,eval,success_rate_wilson95_high,0.6873262302663417
65000,eval,success_rate_wilson95_low,0.16818032970623614
65000,eval,worst_episode_near_upright_fraction,0.655
65000,eval,worst_min_step_reward,-15.029451528359996
65000,eval,worst_return,-283.97837529002805
65200,train_episode,collapse,0.0
65200,train_episode,length,200.0
65200,train_episode,return,-0.31316790422708196
65200,train_episode,success,1.0
65400,train_episode,collapse,0.0
65400,train_episode,length,200.0
65400,train_episode,return,-120.46761474227789
65400,train_episode,success,1.0
65600,train_episode,collapse,0.0
65600,train_episode,length,200.0
65600,train_episode,return,-117.95412360659691
65600,train_episode,success,1.0
65800,train_episode,collapse,0.0
65800,train_episode,length,200.0
65800,train_episode,return,-216.16976857418652
65800,train_episode,success,0.0
66000,train_episode,collapse,0.0
66000,train_episode,length,200.0
66000,train_episode,return,-118.53994879448804
66000,train_episode,success,1.0
66000,update,actor_grad_norm,1.1823527812957764
66000,update,actor_grad_norm_max,4.055785179138184
66000,update,actor_grad_norm_mean,1.0478767448067665
66000,update,actor_grad_norm_min,0.16748613119125366
66000,update,actor_loss,26.620059967041016
66000,update,actor_loss_max,33.40491485595703
66000,update,actor_loss_mean,23.433649061203003
66000,update,actor_loss_min,13.957343101501465
66000,update,actor_param_norm,54.58259582519531
66000,update,actor_param_norm_max,54.58259582519531
66000,update,actor_param_norm_mean,54.367770748138426
66000,update,actor_param_norm_min,54.16835403442383
66000,update,actor_update_norm,0.012765130959451199
66000,update,actor_update_norm_max,0.047930553555488586
66000,update,actor_update_norm_mean,0.017353941095992923
66000,update,actor_update_norm_min,0.008517437614500523
66000,update,actor_update_norm_ratio,0.00023387070441096295
66000,update,actor_update_norm_ratio_max,0.0008830553733432926
66000,update,actor_update_norm_ratio_mean,0.00031917759531176134
66000,update,actor_update_norm_ratio_min,0.0001565681904761642
66000,update,alpha,0.005759142339229584
66000,update,alpha_loss,-0.00227920594625175
66000,update,alpha_loss_max,0.0029866292607039213
66000,update,alpha_loss_mean,0.0001161405919920071
66000,update,alpha_loss_min,-0.0045950100757181644
66000,update,alpha_max,0.006880959030240774
66000,update,alpha_mean,0.006071663141250611
66000,update,alpha_min,0.005614720284938812
66000,update,num_optimizer_updates,1000.0
66000,update,policy_entropy_estimate,-1.3961998224258423
66000,update,policy_entropy_estimate_max,-0.5063545107841492
66000,update,policy_entropy_estimate_mean,-0.9818749444484711
66000,update,policy_entropy_estimate_min,-1.678495168685913
66000,update,policy_log_prob_mean,1.3961998224258423
66000,update,policy_log_prob_mean_max,1.678495168685913
66000,update,policy_log_prob_mean_mean,0.9818749444484711
66000,update,policy_log_prob_mean_min,0.5063545107841492
66000,update,q1_loss,3.3102564811706543
66000,update,q1_loss_max,11.281102180480957
66000,update,q1_loss_mean,0.7145688086077571
66000,update,q1_loss_min,0.11840290576219559
66000,update,q1_mean,-26.93850326538086
66000,update,q1_mean_max,-13.565735816955566
66000,update,q1_mean_mean,-23.80134380054474
66000,update,q1_mean_min,-35.14680480957031
66000,update,q2_loss,3.7107181549072266
66000,update,q2_loss_max,9.293925285339355
66000,update,q2_loss_mean,0.7379343032538891
66000,update,q2_loss_min,0.1642841398715973
66000,update,q2_mean,-27.238590240478516
66000,update,q2_mean_max,-13.418377876281738
66000,update,q2_mean_mean,-23.80142786026001
66000,update,q2_mean_min,-34.8719482421875
66000,update,q_grad_norm,450.7218322753906
66000,update,q_grad_norm_max,938.9014282226562
66000,update,q_grad_norm_mean,151.35177975463867
66000,update,q_grad_norm_min,37.455448150634766
66000,update,q_loss,7.020974636077881
66000,update,q_loss_cleanrl_logged,3.5104873180389404
66000,update,q_loss_cleanrl_logged_max,10.287513732910156
66000,update,q_loss_cleanrl_logged_mean,0.7262515568286181
66000,update,q_loss_cleanrl_logged_min,0.2031310498714447
66000,update,q_loss_max,20.575027465820312
66000,update,q_loss_mean,1.4525031136572362
66000,update,q_loss_min,0.4062620997428894
66000,update,q_param_norm,300.88177490234375
66000,update,q_param_norm_max,300.88177490234375
66000,update,q_param_norm_mean,300.028029800415
66000,update,q_param_norm_min,299.22161865234375
66000,update,q_update_norm,0.04899648204445839
66000,update,q_update_norm_max,0.08309906721115112
66000,update,q_update_norm_mean,0.0335161073487252
66000,update,q_update_norm_min,0.017353560775518417
66000,update,q_update_norm_ratio,0.00023024888471109015
66000,update,q_update_norm_ratio_max,0.0003920230064018177
66000,update,q_update_norm_ratio_mean,0.0001579346902664363
66000,update,q_update_norm_ratio_min,8.162577605826034e-05
66000,update,target_q_mean,-27.29502296447754
66000,update,target_q_mean_max,-13.580048561096191
66000,update,target_q_mean_mean,-23.801572264671325
66000,update,target_q_mean_min,-35.04550552368164
66200,train_episode,collapse,0.0
66200,train_episode,length,200.0
66200,train_episode,return,-273.3139597856099
66200,train_episode,success,0.0
66400,train_episode,collapse,0.0
66400,train_episode,length,200.0
66400,train_episode,return,-117.19081904279233
66400,train_episode,success,1.0
66600,train_episode,collapse,0.0
66600,train_episode,length,200.0
66600,train_episode,return,-219.29682724179358
66600,train_episode,success,0.0
66800,train_episode,collapse,0.0
66800,train_episode,length,200.0
66800,train_episode,return,-125.00895431054938
66800,train_episode,success,1.0
67000,train_episode,collapse,0.0
67000,train_episode,length,200.0
67000,train_episode,return,-118.76484550929918
67000,train_episode,success,1.0
67000,update,actor_grad_norm,1.7617324590682983
67000,update,actor_grad_norm_max,5.261157512664795
67000,update,actor_grad_norm_mean,0.9390987257957458
67000,update,actor_grad_norm_min,0.12105356156826019
67000,update,actor_loss,23.817365646362305
67000,update,actor_loss_max,32.849998474121094
67000,update,actor_loss_mean,23.533872119903563
67000,update,actor_loss_min,13.922345161437988
67000,update,actor_param_norm,54.942447662353516
67000,update,actor_param_norm_max,54.942447662353516
67000,update,actor_param_norm_mean,54.74970486068725
67000,update,actor_param_norm_min,54.58259582519531
67000,update,actor_update_norm,0.022853538393974304
67000,update,actor_update_norm_max,0.04006275162100792
67000,update,actor_update_norm_mean,0.016013969470746816
67000,update,actor_update_norm_min,0.006959337275475264
67000,update,actor_update_norm_ratio,0.00041597181217744125
67000,update,actor_update_norm_ratio_max,0.0007295563300380651
67000,update,actor_update_norm_ratio_mean,0.000292512193871425
67000,update,actor_update_norm_ratio_min,0.0001269130459526116
67000,update,alpha,0.0054100072011351585
67000,update,alpha_loss,0.0006845274474471807
67000,update,alpha_loss_max,0.003459353931248188
67000,update,alpha_loss_mean,9.048008077661507e-05
67000,update,alpha_loss_min,-0.003848243970423937
67000,update,alpha_max,0.006633981596678495
67000,update,alpha_mean,0.005972201868891716
67000,update,alpha_min,0.005256062839180231
67000,update,num_optimizer_updates,1000.0
67000,update,policy_entropy_estimate,-0.8734798431396484
67000,update,policy_entropy_estimate_max,-0.4326064884662628
67000,update,policy_entropy_estimate_mean,-0.9844544332027435
67000,update,policy_entropy_estimate_min,-1.7281303405761719
67000,update,policy_log_prob_mean,0.8734798431396484
67000,update,policy_log_prob_mean_max,1.7281303405761719
67000,update,policy_log_prob_mean_mean,0.9844544332027435
67000,update,policy_log_prob_mean_min,0.4326064884662628
67000,update,q1_loss,0.8806297183036804
67000,update,q1_loss_max,5.217382431030273
67000,update,q1_loss_mean,0.5895882491767407
67000,update,q1_loss_min,0.12481130659580231
67000,update,q1_mean,-23.887828826904297
67000,update,q1_mean_max,-13.756538391113281
67000,update,q1_mean_mean,-23.906996772766114
67000,update,q1_mean_min,-34.0770149230957
67000,update,q2_loss,0.7013716101646423
67000,update,q2_loss_max,7.580289363861084
67000,update,q2_loss_mean,0.6467647193074226
67000,update,q2_loss_min,0.1333736777305603
67000,update,q2_mean,-23.68933868408203
67000,update,q2_mean_max,-14.26266098022461
67000,update,q2_mean_mean,-23.906329019546508
67000,update,q2_mean_min,-33.79396057128906
67000,update,q_grad_norm,165.4832000732422
67000,update,q_grad_norm_max,530.4404907226562
67000,update,q_grad_norm_mean,140.5722130355835
67000,update,q_grad_norm_min,38.88283920288086
67000,update,q_loss,1.5820013284683228
67000,update,q_loss_cleanrl_logged,0.7910006642341614
67000,update,q_loss_cleanrl_logged_max,6.398836135864258
67000,update,q_loss_cleanrl_logged_mean,0.6181764837503433
67000,update,q_loss_cleanrl_logged_min,0.17506437003612518
67000,update,q_loss_max,12.797672271728516
67000,update,q_loss_mean,1.2363529675006866
67000,update,q_loss_min,0.35012874007225037
67000,update,q_param_norm,302.5756378173828
67000,update,q_param_norm_max,302.5984649658203
67000,update,q_param_norm_mean,301.7536446533203
67000,update,q_param_norm_min,300.88832092285156
67000,update,q_update_norm,0.03141689673066139
67000,update,q_update_norm_max,0.06910798698663712
67000,update,q_update_norm_mean,0.03183929630741477
67000,update,q_update_norm_min,0.01655859872698784
67000,update,q_update_norm_ratio,0.00014680787630892198
67000,update,q_update_norm_ratio_max,0.0003235508123063561
67000,update,q_update_norm_ratio_mean,0.00014918592451544326
67000,update,q_update_norm_ratio_min,7.748056897290176e-05
67000,update,target_q_mean,-23.96564483642578
67000,update,target_q_mean_max,-14.337987899780273
67000,update,target_q_mean_mean,-23.906913656234742
67000,update,target_q_mean_min,-33.733001708984375
67200,train_episode,collapse,0.0
67200,train_episode,length,200.0
67200,train_episode,return,-240.40009796989915
67200,train_episode,success,0.0
67400,train_episode,collapse,0.0
67400,train_episode,length,200.0
67400,train_episode,return,-247.5059899939925
67400,train_episode,success,0.0
67600,train_episode,collapse,0.0
67600,train_episode,length,200.0
67600,train_episode,return,-217.15194183456157
67600,train_episode,success,0.0
67800,train_episode,collapse,0.0
67800,train_episode,length,200.0
67800,train_episode,return,-121.31560106939612
67800,train_episode,success,1.0
68000,train_episode,collapse,0.0
68000,train_episode,length,200.0
68000,train_episode,return,-125.93826968462817
68000,train_episode,success,1.0
68000,update,actor_grad_norm,0.38828781247138977
68000,update,actor_grad_norm_max,4.344960689544678
68000,update,actor_grad_norm_mean,0.9236083014905453
68000,update,actor_grad_norm_min,0.14955370128154755
68000,update,actor_loss,19.508146286010742
68000,update,actor_loss_max,34.035579681396484
68000,update,actor_loss_mean,23.47886336517334
68000,update,actor_loss_min,13.1431884765625
68000,update,actor_param_norm,55.3148307800293
68000,update,actor_param_norm_max,55.3148307800293
68000,update,actor_param_norm_mean,55.13655483245849
68000,update,actor_param_norm_min,54.942447662353516
68000,update,actor_update_norm,0.012190158478915691
68000,update,actor_update_norm_max,0.03176630288362503
68000,update,actor_update_norm_mean,0.015604557340964675
68000,update,actor_update_norm_min,0.008755600079894066
68000,update,actor_update_norm_ratio,0.0002203781851258322
68000,update,actor_update_norm_ratio_max,0.0005745590080878571
68000,update,actor_update_norm_ratio_mean,0.0002830097344652472
68000,update,actor_update_norm_ratio_min,0.00015853215243405216
68000,update,alpha,0.004982477985322475
68000,update,alpha_loss,-0.0004204851866234094
68000,update,alpha_loss_max,0.002899874933063984
68000,update,alpha_loss_mean,0.00010098221258522245
68000,update,alpha_loss_min,-0.0022902884520590305
68000,update,alpha_max,0.0054301610216498375
68000,update,alpha_mean,0.004850122980773449
68000,update,alpha_min,0.004553235601633787
68000,update,num_optimizer_updates,1000.0
68000,update,policy_entropy_estimate,-1.0844335556030273
68000,update,policy_entropy_estimate_max,-0.4331841766834259
68000,update,policy_entropy_estimate_mean,-0.9809462286233902
68000,update,policy_entropy_estimate_min,-1.461597204208374
68000,update,policy_log_prob_mean,1.0844335556030273
68000,update,policy_log_prob_mean_max,1.461597204208374
68000,update,policy_log_prob_mean_mean,0.9809462286233902
68000,update,policy_log_prob_mean_min,0.4331841766834259
68000,update,q1_loss,0.5420411229133606
68000,update,q1_loss_max,4.0323076248168945
68000,update,q1_loss_mean,0.6475200902670621
68000,update,q1_loss_min,0.14583994448184967
68000,update,q1_mean,-19.241674423217773
68000,update,q1_mean_max,-13.68341064453125
68000,update,q1_mean_mean,-23.694205843925477
68000,update,q1_mean_min,-34.69382858276367
68000,update,q2_loss,0.8173469305038452
68000,update,q2_loss_max,4.046463966369629
68000,update,q2_loss_mean,0.6803370437920093
68000,update,q2_loss_min,0.13726955652236938
68000,update,q2_mean,-19.683250427246094
68000,update,q2_mean_max,-13.559250831604004
68000,update,q2_mean_mean,-23.69445464706421
68000,update,q2_mean_min,-34.556427001953125
68000,update,q_grad_norm,148.7656707763672
68000,update,q_grad_norm_max,568.0908203125
68000,update,q_grad_norm_mean,145.56351310348512
68000,update,q_grad_norm_min,41.954925537109375
68000,update,q_loss,1.3593881130218506
68000,update,q_loss_cleanrl_logged,0.6796940565109253
68000,update,q_loss_cleanrl_logged_max,3.6459765434265137
68000,update,q_loss_cleanrl_logged_mean,0.6639285666942596
68000,update,q_loss_cleanrl_logged_min,0.19489192962646484
68000,update,q_loss_max,7.291953086853027
68000,update,q_loss_mean,1.3278571333885192
68000,update,q_loss_min,0.3897838592529297
68000,update,q_param_norm,304.1372985839844
68000,update,q_param_norm_max,304.15663146972656
68000,update,q_param_norm_mean,303.4049776153565
68000,update,q_param_norm_min,302.57652282714844
68000,update,q_update_norm,0.039118364453315735
68000,update,q_update_norm_max,0.06843049824237823
68000,update,q_update_norm_mean,0.03408555917814374
68000,update,q_update_norm_min,0.01809258759021759
68000,update,q_update_norm_ratio,0.00018185846411665366
68000,update,q_update_norm_ratio_max,0.00031812081678974177
68000,update,q_update_norm_ratio_mean,0.00015883983326978352
68000,update,q_update_norm_ratio_min,8.436679465690026e-05
68000,update,target_q_mean,-19.468339920043945
68000,update,target_q_mean_max,-13.411355018615723
68000,update,target_q_mean_mean,-23.694645131111145
68000,update,target_q_mean_min,-34.5791130065918
68200,train_episode,collapse,0.0
68200,train_episode,length,200.0
68200,train_episode,return,-120.47322580793855
68200,train_episode,success,1.0
68400,train_episode,collapse,0.0
68400,train_episode,length,200.0
68400,train_episode,return,-118.40557149077294
68400,train_episode,success,1.0
68600,train_episode,collapse,0.0
68600,train_episode,length,200.0
68600,train_episode,return,-115.62512420358046
68600,train_episode,success,1.0
68800,train_episode,collapse,0.0
68800,train_episode,length,200.0
68800,train_episode,return,-116.81680495479603
68800,train_episode,success,1.0
69000,train_episode,collapse,0.0
69000,train_episode,length,200.0
69000,train_episode,return,-223.24143819581462
69000,train_episode,success,0.0
69000,update,actor_grad_norm,1.7360323667526245
69000,update,actor_grad_norm_max,5.209080696105957
69000,update,actor_grad_norm_mean,0.8991531295478344
69000,update,actor_grad_norm_min,0.15333549678325653
69000,update,actor_loss,25.826709747314453
69000,update,actor_loss_max,32.80137634277344
69000,update,actor_loss_mean,23.183788570404054
69000,update,actor_loss_min,14.661487579345703
69000,update,actor_param_norm,55.73911666870117
69000,update,actor_param_norm_max,55.73911666870117
69000,update,actor_param_norm_mean,55.5215368347168
69000,update,actor_param_norm_min,55.3148307800293
69000,update,actor_update_norm,0.01971416361629963
69000,update,actor_update_norm_max,0.04818909987807274
69000,update,actor_update_norm_mean,0.01610575040616095
69000,update,actor_update_norm_min,0.00752656813710928
69000,update,actor_update_norm_ratio,0.0003536933982930466
69000,update,actor_update_norm_ratio_max,0.0008655925332781624
69000,update,actor_update_norm_ratio_mean,0.00029008393145356934
69000,update,actor_update_norm_ratio_min,0.00013593412516447965
69000,update,alpha,0.006032755598425865
69000,update,alpha_loss,-0.0010523019591346383
69000,update,alpha_loss_max,0.0035214219242334366
69000,update,alpha_loss_mean,-0.0002046959731960669
69000,update,alpha_loss_min,-0.0038357176817953587
69000,update,alpha_max,0.00620941910892725
69000,update,alpha_mean,0.005695353949442506
69000,update,alpha_min,0.004982477985322475
69000,update,num_optimizer_updates,1000.0
69000,update,policy_entropy_estimate,-1.1745049953460693
69000,update,policy_entropy_estimate_max,-0.41475263237953186
69000,update,policy_entropy_estimate_mean,-1.037665454685688
69000,update,policy_entropy_estimate_min,-1.6547397375106812
69000,update,policy_log_prob_mean,1.1745049953460693
69000,update,policy_log_prob_mean_max,1.6547397375106812
69000,update,policy_log_prob_mean_mean,1.037665454685688
69000,update,policy_log_prob_mean_min,0.41475263237953186
69000,update,q1_loss,0.8334246277809143
69000,update,q1_loss_max,6.498946666717529
69000,update,q1_loss_mean,0.6569359016343951
69000,update,q1_loss_min,0.09033796936273575
69000,update,q1_mean,-26.271066665649414
69000,update,q1_mean_max,-14.319976806640625
69000,update,q1_mean_mean,-23.463137292861937
69000,update,q1_mean_min,-34.030616760253906
69000,update,q2_loss,0.4801849126815796
69000,update,q2_loss_max,7.831349849700928
69000,update,q2_loss_mean,0.7286680054813623
69000,update,q2_loss_min,0.10549904406070709
69000,update,q2_mean,-26.175148010253906
69000,update,q2_mean_max,-14.333776473999023
69000,update,q2_mean_mean,-23.462420557022096
69000,update,q2_mean_min,-33.14918899536133
69000,update,q_grad_norm,160.903564453125
69000,update,q_grad_norm_max,794.8783569335938
69000,update,q_grad_norm_mean,152.6439811820984
69000,update,q_grad_norm_min,42.24879455566406
69000,update,q_loss,1.3136096000671387
69000,update,q_loss_cleanrl_logged,0.6568048000335693
69000,update,q_loss_cleanrl_logged_max,7.1651482582092285
69000,update,q_loss_cleanrl_logged_mean,0.6928019538372755
69000,update,q_loss_cleanrl_logged_min,0.16118213534355164
69000,update,q_loss_max,14.330296516418457
69000,update,q_loss_mean,1.385603907674551
69000,update,q_loss_min,0.32236427068710327
69000,update,q_param_norm,305.8486633300781
69000,update,q_param_norm_max,305.8486633300781
69000,update,q_param_norm_mean,304.9724891204834
69000,update,q_param_norm_min,304.14064025878906
69000,update,q_update_norm,0.03868601843714714
69000,update,q_update_norm_max,0.0726114809513092
69000,update,q_update_norm_mean,0.03361715112254023
69000,update,q_update_norm_min,0.01681489869952202
69000,update,q_update_norm_ratio,0.00017884221014381255
69000,update,q_update_norm_ratio_max,0.0003370846173381891
69000,update,q_update_norm_ratio_mean,0.00015584870931540005
69000,update,q_update_norm_ratio_min,7.783533288358588e-05
69000,update,target_q_mean,-26.09089469909668
69000,update,target_q_mean_max,-14.294644355773926
69000,update,target_q_mean_mean,-23.463043935775758
69000,update,target_q_mean_min,-33.47185134887695
69200,train_episode,collapse,0.0
69200,train_episode,length,200.0
69200,train_episode,return,-116.5471113472926
69200,train_episode,success,1.0
69400,train_episode,collapse,0.0
69400,train_episode,length,200.0
69400,train_episode,return,-1.0280139665997186
69400,train_episode,success,1.0
69600,train_episode,collapse,0.0
69600,train_episode,length,200.0
69600,train_episode,return,-122.73501520729887
69600,train_episode,success,1.0
69800,train_episode,collapse,0.0
69800,train_episode,length,200.0
69800,train_episode,return,-117.28529563231422
69800,train_episode,success,1.0
70000,train_episode,collapse,0.0
70000,train_episode,length,200.0
70000,train_episode,return,-251.94043033219884
70000,train_episode,success,0.0
70000,update,actor_grad_norm,0.7700042724609375
70000,update,actor_grad_norm_max,2.8898518085479736
70000,update,actor_grad_norm_mean,0.8355005188286304
70000,update,actor_grad_norm_min,0.11475266516208649
70000,update,actor_loss,27.294574737548828
70000,update,actor_loss_max,33.1900749206543
70000,update,actor_loss_mean,23.00705846786499
70000,update,actor_loss_min,14.760354995727539
70000,update,actor_param_norm,56.112064361572266
70000,update,actor_param_norm_max,56.112064361572266
70000,update,actor_param_norm_mean,55.936183464050295
70000,update,actor_param_norm_min,55.73911666870117
70000,update,actor_update_norm,0.018066424876451492
70000,update,actor_update_norm_max,0.02980315126478672
70000,update,actor_update_norm_mean,0.016154328698292374
70000,update,actor_update_norm_min,0.008474450558423996
70000,update,actor_update_norm_ratio,0.0003219739212822503
70000,update,actor_update_norm_ratio_max,0.0005330976469590015
70000,update,actor_update_norm_ratio_mean,0.0002887960747951013
70000,update,actor_update_norm_ratio_min,0.00015159529151824347
70000,update,alpha,0.004672314040362835
70000,update,alpha_loss,-0.0015137228183448315
70000,update,alpha_loss_max,0.003378653898835182
70000,update,alpha_loss_mean,0.00028462430812578533
70000,update,alpha_loss_min,-0.0024040534626692533
70000,update,alpha_max,0.0062883771024644375
70000,update,alpha_mean,0.005168855201452971
70000,update,alpha_min,0.004549708683043718
70000,update,num_optimizer_updates,1000.0
70000,update,policy_entropy_estimate,-1.324099063873291
70000,update,policy_entropy_estimate_max,-0.40802669525146484
70000,update,policy_entropy_estimate_mean,-0.9472516573667527
70000,update,policy_entropy_estimate_min,-1.4577077627182007
70000,update,policy_log_prob_mean,1.324099063873291
70000,update,policy_log_prob_mean_max,1.4577077627182007
70000,update,policy_log_prob_mean_mean,0.9472516573667527
70000,update,policy_log_prob_mean_min,0.40802669525146484
70000,update,q1_loss,0.42321890592575073
70000,update,q1_loss_max,3.7578699588775635
70000,update,q1_loss_mean,0.5966961972638964
70000,update,q1_loss_min,0.11926266551017761
70000,update,q1_mean,-28.536893844604492
70000,update,q1_mean_max,-12.889705657958984
70000,update,q1_mean_mean,-23.181915637016296
70000,update,q1_mean_min,-33.403602600097656
70000,update,q2_loss,0.7646515369415283
70000,update,q2_loss_max,5.644196510314941
70000,update,q2_loss_mean,0.6433691298961639
70000,update,q2_loss_min,0.1344161182641983
70000,update,q2_mean,-28.509172439575195
70000,update,q2_mean_max,-12.541366577148438
70000,update,q2_mean_mean,-23.181886274337767
70000,update,q2_mean_min,-33.46453094482422
70000,update,q_grad_norm,98.01783752441406
70000,update,q_grad_norm_max,838.0897827148438
70000,update,q_grad_norm_mean,142.93830541992187
70000,update,q_grad_norm_min,37.298866271972656
70000,update,q_loss,1.1878705024719238
70000,update,q_loss_cleanrl_logged,0.5939352512359619
70000,update,q_loss_cleanrl_logged_max,3.276751756668091
70000,update,q_loss_cleanrl_logged_mean,0.6200326635241509
70000,update,q_loss_cleanrl_logged_min,0.12683939933776855
70000,update,q_loss_max,6.553503513336182
70000,update,q_loss_mean,1.2400653270483017
70000,update,q_loss_min,0.2536787986755371
70000,update,q_param_norm,307.4446716308594
70000,update,q_param_norm_max,307.4446716308594
70000,update,q_param_norm_mean,306.6667053222656
70000,update,q_param_norm_min,305.8483123779297
70000,update,q_update_norm,0.03012966178357601
70000,update,q_update_norm_max,0.08533336222171783
70000,update,q_update_norm_mean,0.03197798625938594
70000,update,q_update_norm_min,0.01656179688870907
70000,update,q_update_norm_ratio,0.00013856464554656448
70000,update,q_update_norm_ratio_max,0.00039331262683971207
70000,update,q_update_norm_ratio_mean,0.00014744568867894832
70000,update,q_update_norm_ratio_min,7.62421821049477e-05
70000,update,target_q_mean,-28.485631942749023
70000,update,target_q_mean_max,-12.797499656677246
70000,update,target_q_mean_mean,-23.182028950691222
70000,update,target_q_mean_min,-33.67856216430664
70000,replay,action_abs_max,2.0
70000,replay,action_abs_mean,0.7872551083564758
70000,replay,action_saturation_fraction,0.07358571428571428
70000,replay,capacity,100000.0
70000,replay,done_fraction,0.0
70000,replay,fill_fraction,0.7
70000,replay,near_upright_any_transition_fraction,0.7713285714285715
70000,replay,near_upright_next_obs_fraction,0.7711285714285714
70000,replay,near_upright_obs_fraction,0.7671285714285714
70000,replay,reward_max,-1.0757337349787122e-06
70000,replay,reward_mean,-1.2732977867126465
70000,replay,reward_min,-16.252336502075195
70000,replay,reward_std,2.9525296688079834
70000,replay,sample_count_max,769.0
70000,replay,sample_count_mean,237.71428571428572
70000,replay,size,70000.0
70000,replay,transition_age_max,69999.0
70000,replay,transition_age_mean,34999.5
70000,diagnostics,actor_layer0_activation_abs_max,3.8444273471832275
70000,diagnostics,actor_layer0_activation_abs_mean,0.12727266550064087
70000,diagnostics,actor_layer0_dormant_fraction,0.0546875
70000,diagnostics,actor_layer0_effective_rank_fraction,0.05134759470820427
70000,diagnostics,actor_layer1_activation_abs_max,6.227962493896484
70000,diagnostics,actor_layer1_activation_abs_mean,0.04886346310377121
70000,diagnostics,actor_layer1_dormant_fraction,0.44140625
70000,diagnostics,actor_layer1_effective_rank_fraction,0.11341682076454163
70000,diagnostics,actor_param_norm,56.112064361572266
70000,diagnostics,alpha,0.004672314040362835
70000,diagnostics,q1_layer0_activation_abs_max,7.073216438293457
70000,diagnostics,q1_layer0_activation_abs_mean,0.36523300409317017
70000,diagnostics,q1_layer0_dormant_fraction,0.0390625
70000,diagnostics,q1_layer0_effective_rank_fraction,0.056256331503391266
70000,diagnostics,q1_layer1_activation_abs_max,50.94297790527344
70000,diagnostics,q1_layer1_activation_abs_mean,2.835019111633301
70000,diagnostics,q1_layer1_dormant_fraction,0.40625
70000,diagnostics,q1_layer1_effective_rank_fraction,0.06235790252685547
70000,diagnostics,q1_param_norm,156.8893280029297
70000,diagnostics,q2_layer0_activation_abs_max,5.908824443817139
70000,diagnostics,q2_layer0_activation_abs_mean,0.33186885714530945
70000,diagnostics,q2_layer0_dormant_fraction,0.046875
70000,diagnostics,q2_layer0_effective_rank_fraction,0.054417505860328674
70000,diagnostics,q2_layer1_activation_abs_max,31.576007843017578
70000,diagnostics,q2_layer1_activation_abs_mean,2.798396587371826
70000,diagnostics,q2_layer1_dormant_fraction,0.453125
70000,diagnostics,q2_layer1_effective_rank_fraction,0.05959642678499222
70000,diagnostics,q2_param_norm,150.5553436279297
70000,eval,best_return,-0.2289047235061841
70000,eval,collapse_rate,0.0
70000,eval,failure_rate,0.6
70000,eval,fraction_return_ge_-100,0.2
70000,eval,fraction_return_ge_-150,0.4
70000,eval,fraction_return_ge_-200,0.4
70000,eval,fraction_return_ge_-250,0.8
70000,eval,max_not_near_upright_streak,70.0
70000,eval,mean_episode_length,200.0
70000,eval,mean_min_step_reward,-10.573744103613645
70000,eval,mean_return,-176.63198848964353
70000,eval,median_return,-224.58229744594416
70000,eval,near_upright_fraction,0.8324999999999999
70000,eval,num_collapses,0.0
70000,eval,num_eval_episodes,10.0
70000,eval,num_strict_successes,4.0
70000,eval,num_successes,4.0
70000,eval,return_failure_rate,0.6
70000,eval,return_p05,-294.22723305053603
70000,eval,return_p10,-289.98230971113173
70000,eval,return_p25,-243.23717397105605
70000,eval,return_p75,-120.18890124129814
70000,eval,return_p90,-0.2472187657726521
70000,eval,return_p95,-0.23806174463941812
70000,eval,return_reliability_nines_empirical,0.22184874961635637
70000,eval,return_reliability_nines_wilson95_low,0.07997081395541751
70000,eval,return_success_rate,0.4
70000,eval,stability_success_rate,0.6
70000,eval,std_return,104.55182114829945
70000,eval,streak_success_rate,0.9
70000,eval,strict_failure_rate,0.6
70000,eval,strict_reliability_nines_empirical,0.22184874961635637
70000,eval,strict_reliability_nines_wilson95_low,0.07997081395541751
70000,eval,strict_success_rate,0.4
70000,eval,strict_success_rate_wilson95_high,0.6873262302663417
70000,eval,strict_success_rate_wilson95_low,0.16818032970623614
70000,eval,success_rate,0.4
70000,eval,success_rate_wilson95_high,0.6873262302663417
70000,eval,success_rate_wilson95_low,0.16818032970623614
70000,eval,worst_episode_near_upright_fraction,0.65
70000,eval,worst_min_step_reward,-15.73359578681949
70000,eval,worst_return,-298.4721563899403
70200,train_episode,collapse,0.0
70200,train_episode,length,200.0
70200,train_episode,return,-127.82432259503533
70200,train_episode,success,1.0
70400,train_episode,collapse,0.0
70400,train_episode,length,200.0
70400,train_episode,return,-118.68039405881159
70400,train_episode,success,1.0
70600,train_episode,collapse,0.0
70600,train_episode,length,200.0
70600,train_episode,return,-0.2887012979854437
70600,train_episode,success,1.0
70800,train_episode,collapse,0.0
70800,train_episode,length,200.0
70800,train_episode,return,-236.41576080287044
70800,train_episode,success,0.0
71000,train_episode,collapse,0.0
71000,train_episode,length,200.0
71000,train_episode,return,-128.92753445374964
71000,train_episode,success,1.0
71000,update,actor_grad_norm,0.9502190351486206
71000,update,actor_grad_norm_max,3.5398521423339844
71000,update,actor_grad_norm_mean,0.8419203184843064
71000,update,actor_grad_norm_min,0.1735384613275528
71000,update,actor_loss,24.586994171142578
71000,update,actor_loss_max,39.1688117980957
71000,update,actor_loss_mean,22.604378875732422
71000,update,actor_loss_min,12.487107276916504
71000,update,actor_param_norm,56.52487564086914
71000,update,actor_param_norm_max,56.52487564086914
71000,update,actor_param_norm_mean,56.32306794738769
71000,update,actor_param_norm_min,56.112064361572266
71000,update,actor_update_norm,0.02118748240172863
71000,update,actor_update_norm_max,0.031019242480397224
71000,update,actor_update_norm_mean,0.01673734906129539
71000,update,actor_update_norm_min,0.008485925383865833
71000,update,actor_update_norm_ratio,0.00037483837613193783
71000,update,actor_update_norm_ratio_max,0.0005503223323424575
71000,update,actor_update_norm_ratio_mean,0.0002971212410128169
71000,update,actor_update_norm_ratio_min,0.00015118268796607994
71000,update,alpha,0.004658934660255909
71000,update,alpha_loss,-0.0011555629316717386
71000,update,alpha_loss_max,0.002550512785091996
71000,update,alpha_loss_mean,-1.3040688063483686e-06
71000,update,alpha_loss_min,-0.003926439210772514
71000,update,alpha_max,0.00500639108940959
71000,update,alpha_mean,0.004557989422231913
71000,update,alpha_min,0.004220570903271437
71000,update,num_optimizer_updates,1000.0
71000,update,policy_entropy_estimate,-1.2479612827301025
71000,update,policy_entropy_estimate_max,-0.44873470067977905
71000,update,policy_entropy_estimate_mean,-1.0007403026819228
71000,update,policy_entropy_estimate_min,-1.8197200298309326
71000,update,policy_log_prob_mean,1.2479612827301025
71000,update,policy_log_prob_mean_max,1.8197200298309326
71000,update,policy_log_prob_mean_mean,1.0007403026819228
71000,update,policy_log_prob_mean_min,0.44873470067977905
71000,update,q1_loss,0.9606667757034302
71000,update,q1_loss_max,3.735818386077881
71000,update,q1_loss_mean,0.628488118365407
71000,update,q1_loss_min,0.1276485174894333
71000,update,q1_mean,-25.310850143432617
71000,update,q1_mean_max,-12.780704498291016
71000,update,q1_mean_mean,-23.200566117286684
71000,update,q1_mean_min,-39.62913513183594
71000,update,q2_loss,0.4692927598953247
71000,update,q2_loss_max,6.2848639488220215
71000,update,q2_loss_mean,0.69752963078022
71000,update,q2_loss_min,0.1458727866411209
71000,update,q2_mean,-24.719778060913086
71000,update,q2_mean_max,-12.611119270324707
71000,update,q2_mean_mean,-23.20042802333832
71000,update,q2_mean_min,-40.20591354370117
71000,update,q_grad_norm,175.20718383789062
71000,update,q_grad_norm_max,883.3159790039062
71000,update,q_grad_norm_mean,150.56812676620484
71000,update,q_grad_norm_min,40.44277572631836
71000,update,q_loss,1.4299595355987549
71000,update,q_loss_cleanrl_logged,0.7149797677993774
71000,update,q_loss_cleanrl_logged_max,3.6646480560302734
71000,update,q_loss_cleanrl_logged_mean,0.6630088734328747
71000,update,q_loss_cleanrl_logged_min,0.17323090136051178
71000,update,q_loss_max,7.329296112060547
71000,update,q_loss_mean,1.3260177468657495
71000,update,q_loss_min,0.34646180272102356
71000,update,q_param_norm,308.7518615722656
71000,update,q_param_norm_max,308.7518615722656
71000,update,q_param_norm_mean,308.0971052703857
71000,update,q_param_norm_min,307.4465789794922
71000,update,q_update_norm,0.03550465777516365
71000,update,q_update_norm_max,0.07512747496366501
71000,update,q_update_norm_mean,0.034252898808568716
71000,update,q_update_norm_min,0.01678238995373249
71000,update,q_update_norm_ratio,0.00016259246244701826
71000,update,q_update_norm_ratio_max,0.0003445612719366279
71000,update,q_update_norm_ratio_mean,0.00015718760879374755
71000,update,q_update_norm_ratio_min,7.716675297708086e-05
71000,update,target_q_mean,-24.783845901489258
71000,update,target_q_mean_max,-12.43924331665039
71000,update,target_q_mean_mean,-23.200955934524536
71000,update,target_q_mean_min,-39.819637298583984
71200,train_episode,collapse,0.0
71200,train_episode,length,200.0
71200,train_episode,return,-225.8709724658546
71200,train_episode,success,0.0
71400,train_episode,collapse,0.0
71400,train_episode,length,200.0
71400,train_episode,return,-117.63528968390294
71400,train_episode,success,1.0
71600,train_episode,collapse,0.0
71600,train_episode,length,200.0
71600,train_episode,return,-229.6542817064055
71600,train_episode,success,0.0
71800,train_episode,collapse,0.0
71800,train_episode,length,200.0
71800,train_episode,return,-216.540617267617
71800,train_episode,success,0.0
72000,train_episode,collapse,0.0
72000,train_episode,length,200.0
72000,train_episode,return,-119.46862425277362
72000,train_episode,success,1.0
72000,update,actor_grad_norm,1.012951374053955
72000,update,actor_grad_norm_max,4.004498481750488
72000,update,actor_grad_norm_mean,0.9113920213878155
72000,update,actor_grad_norm_min,0.16521181166172028
72000,update,actor_loss,23.01195526123047
72000,update,actor_loss_max,33.19804382324219
72000,update,actor_loss_mean,22.46765108680725
72000,update,actor_loss_min,13.106531143188477
72000,update,actor_param_norm,57.04486083984375
72000,update,actor_param_norm_max,57.04486083984375
72000,update,actor_param_norm_mean,56.793971858978274
72000,update,actor_param_norm_min,56.52487564086914
72000,update,actor_update_norm,0.01484599243849516
72000,update,actor_update_norm_max,0.044070541858673096
72000,update,actor_update_norm_mean,0.017502991823479534
72000,update,actor_update_norm_min,0.008817830123007298
72000,update,actor_update_norm_ratio,0.0002602522780368656
72000,update,actor_update_norm_ratio_max,0.0007754233211177565
72000,update,actor_update_norm_ratio_mean,0.0003082126451165655
72000,update,actor_update_norm_ratio_min,0.00015471312487128387
72000,update,alpha,0.00605400837957859
72000,update,alpha_loss,0.00023316148144658655
72000,update,alpha_loss_max,0.003523643361404538
72000,update,alpha_loss_mean,-0.0002509623538935557
72000,update,alpha_loss_min,-0.003986888565123081
72000,update,alpha_max,0.0066412389278411865
72000,update,alpha_mean,0.005857917796820402
72000,update,alpha_min,0.004657031036913395
72000,update,num_optimizer_updates,1000.0
72000,update,policy_entropy_estimate,-0.9614920020103455
72000,update,policy_entropy_estimate_max,-0.4587480425834656
72000,update,policy_entropy_estimate_mean,-1.0482366487979888
72000,update,policy_entropy_estimate_min,-1.6965446472167969
72000,update,policy_log_prob_mean,0.9614920020103455
72000,update,policy_log_prob_mean_max,1.6965446472167969
72000,update,policy_log_prob_mean_mean,1.0482366487979888
72000,update,policy_log_prob_mean_min,0.4587480425834656
72000,update,q1_loss,0.653282642364502
72000,update,q1_loss_max,7.083889484405518
72000,update,q1_loss_mean,0.646626353174448
72000,update,q1_loss_min,0.14853212237358093
72000,update,q1_mean,-23.4559326171875
72000,update,q1_mean_max,-13.047473907470703
72000,update,q1_mean_mean,-22.911132579803468
72000,update,q1_mean_min,-35.331695556640625
72000,update,q2_loss,0.3276093006134033
72000,update,q2_loss_max,9.099173545837402
72000,update,q2_loss_mean,0.7046633741110563
72000,update,q2_loss_min,0.15415441989898682
72000,update,q2_mean,-23.27174186706543
72000,update,q2_mean_max,-13.213957786560059
72000,update,q2_mean_mean,-22.91138873767853
72000,update,q2_mean_min,-34.47330856323242
72000,update,q_grad_norm,107.38096618652344
72000,update,q_grad_norm_max,1000.3046264648438
72000,update,q_grad_norm_mean,153.44499925613403
72000,update,q_grad_norm_min,43.117767333984375
72000,update,q_loss,0.9808919429779053
72000,update,q_loss_cleanrl_logged,0.49044597148895264
72000,update,q_loss_cleanrl_logged_max,8.091531753540039
72000,update,q_loss_cleanrl_logged_mean,0.6756448651105166
72000,update,q_loss_cleanrl_logged_min,0.20218141376972198
72000,update,q_loss_max,16.183063507080078
72000,update,q_loss_mean,1.3512897302210332
72000,update,q_loss_min,0.40436282753944397
72000,update,q_param_norm,310.24925231933594
72000,update,q_param_norm_max,310.2553405761719
72000,update,q_param_norm_mean,309.49316162109375
72000,update,q_param_norm_min,308.73631286621094
72000,update,q_update_norm,0.028693802654743195
72000,update,q_update_norm_max,0.07501544803380966
72000,update,q_update_norm_mean,0.034598251778632405
72000,update,q_update_norm_min,0.017661763355135918
72000,update,q_update_norm_ratio,0.00013076701760228636
72000,update,q_update_norm_ratio_max,0.00034254135209247423
72000,update,q_update_norm_ratio_mean,0.0001580654040361843
72000,update,q_update_norm_ratio_min,8.075280572509218e-05
72000,update,target_q_mean,-23.202455520629883
72000,update,target_q_mean_max,-13.19371223449707
72000,update,target_q_mean_mean,-22.911440399169923
72000,update,target_q_mean_min,-34.955997467041016
72200,train_episode,collapse,0.0
72200,train_episode,length,200.0
72200,train_episode,return,-226.1724184274302
72200,train_episode,success,0.0
72400,train_episode,collapse,0.0
72400,train_episode,length,200.0
72400,train_episode,return,-116.84789528577342
72400,train_episode,success,1.0
72600,train_episode,collapse,0.0
72600,train_episode,length,200.0
72600,train_episode,return,-119.89232433054228
72600,train_episode,success,1.0
72800,train_episode,collapse,0.0
72800,train_episode,length,200.0
72800,train_episode,return,-251.1307970986501
72800,train_episode,success,0.0
73000,train_episode,collapse,0.0
73000,train_episode,length,200.0
73000,train_episode,return,-0.30293099403109214
73000,train_episode,success,1.0
73000,update,actor_grad_norm,0.7138171792030334
73000,update,actor_grad_norm_max,3.7852654457092285
73000,update,actor_grad_norm_mean,0.9065572511851787
73000,update,actor_grad_norm_min,0.10101492702960968
73000,update,actor_loss,21.458295822143555
73000,update,actor_loss_max,32.272315979003906
73000,update,actor_loss_mean,22.453958288192748
73000,update,actor_loss_min,14.066629409790039
73000,update,actor_param_norm,57.4774284362793
73000,update,actor_param_norm_max,57.4774284362793
73000,update,actor_param_norm_mean,57.2612010307312
73000,update,actor_param_norm_min,57.04486083984375
73000,update,actor_update_norm,0.017741046845912933
73000,update,actor_update_norm_max,0.0430532805621624
73000,update,actor_update_norm_mean,0.016524689752608537
73000,update,actor_update_norm_min,0.00832175463438034
73000,update,actor_update_norm_ratio,0.0003086606385722779
73000,update,actor_update_norm_ratio_max,0.0007496803760071322
73000,update,actor_update_norm_ratio_mean,0.0002885762062154128
73000,update,actor_update_norm_ratio_min,0.00014556719287380057
73000,update,alpha,0.006527594290673733
73000,update,alpha_loss,7.05806232872419e-05
73000,update,alpha_loss_max,0.0028568569105118513
73000,update,alpha_loss_mean,-8.778869400703116e-05
73000,update,alpha_loss_min,-0.00420757383108139
73000,update,alpha_max,0.006527594290673733
73000,update,alpha_mean,0.00563224985729903
73000,update,alpha_min,0.005275837145745754
73000,update,num_optimizer_updates,1000.0
73000,update,policy_entropy_estimate,-0.9891859292984009
73000,update,policy_entropy_estimate_max,-0.46433842182159424
73000,update,policy_entropy_estimate_mean,-1.0147484177350998
73000,update,policy_entropy_estimate_min,-1.7246332168579102
73000,update,policy_log_prob_mean,0.9891859292984009
73000,update,policy_log_prob_mean_max,1.7246332168579102
73000,update,policy_log_prob_mean_mean,1.0147484177350998
73000,update,policy_log_prob_mean_min,0.46433842182159424
73000,update,q1_loss,0.6768392324447632
73000,update,q1_loss_max,5.681891441345215
73000,update,q1_loss_mean,0.6581928994357585
73000,update,q1_loss_min,0.10646040737628937
73000,update,q1_mean,-21.754596710205078
73000,update,q1_mean_max,-12.76351547241211
73000,update,q1_mean_mean,-22.784234292030334
73000,update,q1_mean_min,-34.10696029663086
73000,update,q2_loss,0.462333083152771
73000,update,q2_loss_max,9.117573738098145
73000,update,q2_loss_mean,0.6945566700696946
73000,update,q2_loss_min,0.11608777940273285
73000,update,q2_mean,-21.3557071685791
73000,update,q2_mean_max,-12.685758590698242
73000,update,q2_mean_mean,-22.783831811904907
73000,update,q2_mean_min,-34.02504348754883
73000,update,q_grad_norm,121.71080017089844
73000,update,q_grad_norm_max,724.2117309570312
73000,update,q_grad_norm_mean,148.22924255752562
73000,update,q_grad_norm_min,38.33367156982422
73000,update,q_loss,1.1391723155975342
73000,update,q_loss_cleanrl_logged,0.5695861577987671
73000,update,q_loss_cleanrl_logged_max,7.39973258972168
73000,update,q_loss_cleanrl_logged_mean,0.6763747842460871
73000,update,q_loss_cleanrl_logged_min,0.1616140604019165
73000,update,q_loss_max,14.79946517944336
73000,update,q_loss_mean,1.3527495684921742
73000,update,q_loss_min,0.323228120803833
73000,update,q_param_norm,311.75083923339844
73000,update,q_param_norm_max,311.75083923339844
73000,update,q_param_norm_mean,310.9827154083252
73000,update,q_param_norm_min,310.24993896484375
73000,update,q_update_norm,0.026588700711727142
73000,update,q_update_norm_max,0.07624240219593048
73000,update,q_update_norm_mean,0.03389642529189587
73000,update,q_update_norm_min,0.01709074154496193
73000,update,q_update_norm_ratio,0.0001205901857536913
73000,update,q_update_norm_ratio_max,0.00034589976498999083
73000,update,q_update_norm_ratio_mean,0.00015410632980560323
73000,update,q_update_norm_ratio_min,7.771708331524945e-05
73000,update,target_q_mean,-21.51691436767578
73000,update,target_q_mean_max,-12.648183822631836
73000,update,target_q_mean_mean,-22.784442200660706
73000,update,target_q_mean_min,-34.170997619628906
73200,train_episode,collapse,0.0
73200,train_episode,length,200.0
73200,train_episode,return,-117.29337927497163
73200,train_episode,success,1.0
73400,train_episode,collapse,0.0
73400,train_episode,length,200.0
73400,train_episode,return,-117.38898599294669
73400,train_episode,success,1.0
73600,train_episode,collapse,0.0
73600,train_episode,length,200.0
73600,train_episode,return,-250.12152677868986
73600,train_episode,success,0.0
73800,train_episode,collapse,0.0
73800,train_episode,length,200.0
73800,train_episode,return,-374.06195276547874
73800,train_episode,success,0.0
74000,train_episode,collapse,0.0
74000,train_episode,length,200.0
74000,train_episode,return,-119.30387853197148
74000,train_episode,success,1.0
74000,update,actor_grad_norm,2.181521415710449
74000,update,actor_grad_norm_max,4.112653732299805
74000,update,actor_grad_norm_mean,0.8746451577544212
74000,update,actor_grad_norm_min,0.17980828881263733
74000,update,actor_loss,22.110694885253906
74000,update,actor_loss_max,32.084007263183594
74000,update,actor_loss_mean,22.277577713012697
74000,update,actor_loss_min,15.05643081665039
74000,update,actor_param_norm,57.88975143432617
74000,update,actor_param_norm_max,57.88975143432617
74000,update,actor_param_norm_mean,57.65374333190918
74000,update,actor_param_norm_min,57.4774284362793
74000,update,actor_update_norm,0.017558760941028595
74000,update,actor_update_norm_max,0.03925568237900734
74000,update,actor_update_norm_mean,0.016377123408019542
74000,update,actor_update_norm_min,0.008255727589130402
74000,update,actor_update_norm_ratio,0.00030331644614027553
74000,update,actor_update_norm_ratio_max,0.0006792763657034547
74000,update,actor_update_norm_ratio_mean,0.0002840202778330763
74000,update,actor_update_norm_ratio_min,0.00014361400023179288
74000,update,alpha,0.005229069385677576
74000,update,alpha_loss,0.0006658112979494035
74000,update,alpha_loss_max,0.0028146435506641865
74000,update,alpha_loss_mean,0.00023746078327530995
74000,update,alpha_loss_min,-0.0034967144019901752
74000,update,alpha_max,0.006775558926165104
74000,update,alpha_mean,0.006099779292475432
74000,update,alpha_min,0.005229069385677576
74000,update,num_optimizer_updates,1000.0
74000,update,policy_entropy_estimate,-0.8727372884750366
74000,update,policy_entropy_estimate_max,-0.5440568923950195
74000,update,policy_entropy_estimate_mean,-0.9593720947504043
74000,update,policy_entropy_estimate_min,-1.5327980518341064
74000,update,policy_log_prob_mean,0.8727372884750366
74000,update,policy_log_prob_mean_max,1.5327980518341064
74000,update,policy_log_prob_mean_mean,0.9593720947504043
74000,update,policy_log_prob_mean_min,0.5440568923950195
74000,update,q1_loss,0.3724222481250763
74000,update,q1_loss_max,3.7577428817749023
74000,update,q1_loss_mean,0.5937113962620497
74000,update,q1_loss_min,0.12281323969364166
74000,update,q1_mean,-21.8953857421875
74000,update,q1_mean_max,-13.41015338897705
74000,update,q1_mean_mean,-22.571376150131226
74000,update,q1_mean_min,-32.93082046508789
74000,update,q2_loss,0.6740480065345764
74000,update,q2_loss_max,5.107682228088379
74000,update,q2_loss_mean,0.5588494472578168
74000,update,q2_loss_min,0.12205012887716293
74000,update,q2_mean,-22.304872512817383
74000,update,q2_mean_max,-13.417657852172852
74000,update,q2_mean_mean,-22.57178901863098
74000,update,q2_mean_min,-32.59331130981445
74000,update,q_grad_norm,106.92937469482422
74000,update,q_grad_norm_max,571.3168334960938
74000,update,q_grad_norm_mean,136.50865088272096
74000,update,q_grad_norm_min,37.376651763916016
74000,update,q_loss,1.046470284461975
74000,update,q_loss_cleanrl_logged,0.5232351422309875
74000,update,q_loss_cleanrl_logged_max,4.432712554931641
74000,update,q_loss_cleanrl_logged_mean,0.5762804217487574
74000,update,q_loss_cleanrl_logged_min,0.151035875082016
74000,update,q_loss_max,8.865425109863281
74000,update,q_loss_mean,1.1525608434975148
74000,update,q_loss_min,0.302071750164032
74000,update,q_param_norm,313.35289001464844
74000,update,q_param_norm_max,313.35289001464844
74000,update,q_param_norm_mean,312.560574508667
74000,update,q_param_norm_min,311.75254821777344
74000,update,q_update_norm,0.032297320663928986
74000,update,q_update_norm_max,0.06353825330734253
74000,update,q_update_norm_mean,0.03115901584364474
74000,update,q_update_norm_min,0.016713768243789673
74000,update,q_update_norm_ratio,0.00014573279199603598
74000,update,q_update_norm_ratio_max,0.00028724003587773136
74000,update,q_update_norm_ratio_mean,0.00014093308839239232
74000,update,q_update_norm_ratio_min,7.57908586993352e-05
74000,update,target_q_mean,-22.061059951782227
74000,update,target_q_mean_max,-13.595773696899414
74000,update,target_q_mean_mean,-22.571782793045045
74000,update,target_q_mean_min,-32.68236541748047
74200,train_episode,collapse,0.0
74200,train_episode,length,200.0
74200,train_episode,return,-118.17481615355084
74200,train_episode,success,1.0
74400,train_episode,collapse,0.0
74400,train_episode,length,200.0
74400,train_episode,return,-122.86928542940973
74400,train_episode,success,1.0
74600,train_episode,collapse,0.0
74600,train_episode,length,200.0
74600,train_episode,return,-266.0449799026813
74600,train_episode,success,0.0
74800,train_episode,collapse,0.0
74800,train_episode,length,200.0
74800,train_episode,return,-120.13412505691724
74800,train_episode,success,1.0
75000,train_episode,collapse,0.0
75000,train_episode,length,200.0
75000,train_episode,return,-247.7557084356674
75000,train_episode,success,0.0
75000,update,actor_grad_norm,0.7989526987075806
75000,update,actor_grad_norm_max,3.5177359580993652
75000,update,actor_grad_norm_mean,0.8501569625735282
75000,update,actor_grad_norm_min,0.2034633606672287
75000,update,actor_loss,23.263442993164062
75000,update,actor_loss_max,33.456764221191406
75000,update,actor_loss_mean,22.509783540725707
75000,update,actor_loss_min,13.052453994750977
75000,update,actor_param_norm,58.20846176147461
75000,update,actor_param_norm_max,58.20846176147461
75000,update,actor_param_norm_mean,58.05875569152832
75000,update,actor_param_norm_min,57.88975143432617
75000,update,actor_update_norm,0.016738828271627426
75000,update,actor_update_norm_max,0.03247486427426338
75000,update,actor_update_norm_mean,0.015723113913089035
75000,update,actor_update_norm_min,0.007950800471007824
75000,update,actor_update_norm_ratio,0.0002875699388687108
75000,update,actor_update_norm_ratio_max,0.0005607347595665414
75000,update,actor_update_norm_ratio_mean,0.00027083408360979554
75000,update,actor_update_norm_ratio_min,0.00013669869940072913
75000,update,alpha,0.004211265128105879
75000,update,alpha_loss,-0.0009494594996795058
75000,update,alpha_loss_max,0.0020566782914102077
75000,update,alpha_loss_mean,0.000208766050694976
75000,update,alpha_loss_min,-0.0020503858104348183
75000,update,alpha_max,0.005229069385677576
75000,update,alpha_mean,0.004660070101730526
75000,update,alpha_min,0.004170381464064121
75000,update,num_optimizer_updates,1000.0
75000,update,policy_entropy_estimate,-1.2254419326782227
75000,update,policy_entropy_estimate_max,-0.5732273459434509
75000,update,policy_entropy_estimate_mean,-0.955705719947815
75000,update,policy_entropy_estimate_min,-1.4544652700424194
75000,update,policy_log_prob_mean,1.2254419326782227
75000,update,policy_log_prob_mean_max,1.4544652700424194
75000,update,policy_log_prob_mean_mean,0.955705719947815
75000,update,policy_log_prob_mean_min,0.5732273459434509
75000,update,q1_loss,0.7499282360076904
75000,update,q1_loss_max,4.924987316131592
75000,update,q1_loss_mean,0.637590691998601
75000,update,q1_loss_min,0.115959033370018
75000,update,q1_mean,-24.077316284179688
75000,update,q1_mean_max,-13.162049293518066
75000,update,q1_mean_mean,-22.775264097213746
75000,update,q1_mean_min,-33.617549896240234
75000,update,q2_loss,0.6758042573928833
75000,update,q2_loss_max,5.057259559631348
75000,update,q2_loss_mean,0.6805501492917537
75000,update,q2_loss_min,0.10945609211921692
75000,update,q2_mean,-24.2243709564209
75000,update,q2_mean_max,-13.162103652954102
75000,update,q2_mean_mean,-22.775058311462402
75000,update,q2_mean_min,-33.68431091308594
75000,update,q_grad_norm,157.58450317382812
75000,update,q_grad_norm_max,524.7213745117188
75000,update,q_grad_norm_mean,143.3037208366394
75000,update,q_grad_norm_min,38.47893142700195
75000,update,q_loss,1.4257324934005737
75000,update,q_loss_cleanrl_logged,0.7128662467002869
75000,update,q_loss_cleanrl_logged_max,4.556544780731201
75000,update,q_loss_cleanrl_logged_mean,0.6590704217106104
75000,update,q_loss_cleanrl_logged_min,0.1407138705253601
75000,update,q_loss_max,9.113089561462402
75000,update,q_loss_mean,1.3181408434212207
75000,update,q_loss_min,0.2814277410507202
75000,update,q_param_norm,315.10548400878906
75000,update,q_param_norm_max,315.10548400878906
75000,update,q_param_norm_mean,314.23548736572263
75000,update,q_param_norm_min,313.35475158691406
75000,update,q_update_norm,0.03885837271809578
75000,update,q_update_norm_max,0.08468392491340637
75000,update,q_update_norm_mean,0.03358904549665749
75000,update,q_update_norm_min,0.01634593866765499
75000,update,q_update_norm_ratio,0.0001743639403832772
75000,update,q_update_norm_ratio_max,0.0003814668035351477
75000,update,q_update_norm_ratio_mean,0.00015115255323685188
75000,update,q_update_norm_ratio_min,7.339678506741918e-05
75000,update,target_q_mean,-24.022912979125977
75000,update,target_q_mean_max,-13.123713493347168
75000,update,target_q_mean_mean,-22.775345672607422
75000,update,target_q_mean_min,-33.60783004760742
75000,replay,action_abs_max,2.0
75000,replay,action_abs_mean,0.7730186581611633
75000,replay,action_saturation_fraction,0.07525333333333334
75000,replay,capacity,100000.0
75000,replay,done_fraction,0.0
75000,replay,fill_fraction,0.75
75000,replay,near_upright_any_transition_fraction,0.7756933333333333
75000,replay,near_upright_next_obs_fraction,0.7755066666666667
75000,replay,near_upright_obs_fraction,0.7714666666666666
75000,replay,reward_max,-1.0757337349787122e-06
75000,replay,reward_mean,-1.2429285049438477
75000,replay,reward_min,-16.252336502075195
75000,replay,reward_std,2.922919273376465
75000,replay,sample_count_max,786.0
75000,replay,sample_count_mean,238.93333333333334
75000,replay,size,75000.0
75000,replay,transition_age_max,74999.0
75000,replay,transition_age_mean,37499.5
75000,diagnostics,actor_layer0_activation_abs_max,3.9803106784820557
75000,diagnostics,actor_layer0_activation_abs_mean,0.1318320333957672
75000,diagnostics,actor_layer0_dormant_fraction,0.03515625
75000,diagnostics,actor_layer0_effective_rank_fraction,0.05139956623315811
75000,diagnostics,actor_layer1_activation_abs_max,6.621397972106934
75000,diagnostics,actor_layer1_activation_abs_mean,0.048136837780475616
75000,diagnostics,actor_layer1_dormant_fraction,0.453125
75000,diagnostics,actor_layer1_effective_rank_fraction,0.12195524573326111
75000,diagnostics,actor_param_norm,58.20846176147461
75000,diagnostics,alpha,0.004211265128105879
75000,diagnostics,q1_layer0_activation_abs_max,7.117973327636719
75000,diagnostics,q1_layer0_activation_abs_mean,0.373383104801178
75000,diagnostics,q1_layer0_dormant_fraction,0.03515625
75000,diagnostics,q1_layer0_effective_rank_fraction,0.05832411348819733
75000,diagnostics,q1_layer1_activation_abs_max,43.844261169433594
75000,diagnostics,q1_layer1_activation_abs_mean,2.904923439025879
75000,diagnostics,q1_layer1_dormant_fraction,0.41015625
75000,diagnostics,q1_layer1_effective_rank_fraction,0.06666509062051773
75000,diagnostics,q1_param_norm,160.76657104492188
75000,diagnostics,q2_layer0_activation_abs_max,6.9395647048950195
75000,diagnostics,q2_layer0_activation_abs_mean,0.3372317850589752
75000,diagnostics,q2_layer0_dormant_fraction,0.0390625
75000,diagnostics,q2_layer0_effective_rank_fraction,0.056725963950157166
75000,diagnostics,q2_layer1_activation_abs_max,25.883827209472656
75000,diagnostics,q2_layer1_activation_abs_mean,2.8952176570892334
75000,diagnostics,q2_layer1_dormant_fraction,0.4609375
75000,diagnostics,q2_layer1_effective_rank_fraction,0.06138315424323082
75000,diagnostics,q2_param_norm,154.3389129638672
75000,eval,best_return,-0.28491702831405713
75000,eval,collapse_rate,0.0
75000,eval,failure_rate,0.6
75000,eval,fraction_return_ge_-100,0.2
75000,eval,fraction_return_ge_-150,0.4
75000,eval,fraction_return_ge_-200,0.4
75000,eval,fraction_return_ge_-250,0.8
75000,eval,max_not_near_upright_streak,70.0
75000,eval,mean_episode_length,200.0
75000,eval,mean_min_step_reward,-10.483643078399327
75000,eval,mean_return,-170.93080279699484
75000,eval,median_return,-224.87914649687687
75000,eval,near_upright_fraction,0.8315000000000001
75000,eval,num_collapses,0.0
75000,eval,num_eval_episodes,10.0
75000,eval,num_strict_successes,4.0
75000,eval,num_successes,4.0
75000,eval,return_failure_rate,0.6
75000,eval,return_p05,-265.57260921593837
75000,eval,return_p10,-254.60882632528447
75000,eval,return_p25,-243.69430222675953
75000,eval,return_p75,-120.35225383764781
75000,eval,return_p90,-0.30195470743669095
75000,eval,return_p95,-0.29343586787537407
75000,eval,return_reliability_nines_empirical,0.22184874961635637
75000,eval,return_reliability_nines_wilson95_low,0.07997081395541751
75000,eval,return_success_rate,0.4
75000,eval,stability_success_rate,0.6
75000,eval,std_return,98.64826709894531
75000,eval,streak_success_rate,0.9
75000,eval,strict_failure_rate,0.6
75000,eval,strict_reliability_nines_empirical,0.22184874961635637
75000,eval,strict_reliability_nines_wilson95_low,0.07997081395541751
75000,eval,strict_success_rate,0.4
75000,eval,strict_success_rate_wilson95_high,0.6873262302663417
75000,eval,strict_success_rate_wilson95_low,0.16818032970623614
75000,eval,success_rate,0.4
75000,eval,success_rate_wilson95_high,0.6873262302663417
75000,eval,success_rate_wilson95_low,0.16818032970623614
75000,eval,worst_episode_near_upright_fraction,0.65
75000,eval,worst_min_step_reward,-15.162048926428087
75000,eval,worst_return,-276.53639210659225
75200,train_episode,collapse,0.0
75200,train_episode,length,200.0
75200,train_episode,return,-118.77629874426859
75200,train_episode,success,1.0
75400,train_episode,collapse,0.0
75400,train_episode,length,200.0
75400,train_episode,return,-115.61809331167706
75400,train_episode,success,1.0
75600,train_episode,collapse,0.0
75600,train_episode,length,200.0
75600,train_episode,return,-225.0757292629002
75600,train_episode,success,0.0
75800,train_episode,collapse,0.0
75800,train_episode,length,200.0
75800,train_episode,return,-0.7875252046180689
75800,train_episode,success,1.0
76000,train_episode,collapse,0.0
76000,train_episode,length,200.0
76000,train_episode,return,-116.9415113188422
76000,train_episode,success,1.0
76000,update,actor_grad_norm,1.5013891458511353
76000,update,actor_grad_norm_max,3.354478359222412
76000,update,actor_grad_norm_mean,0.8422837818861008
76000,update,actor_grad_norm_min,0.1370483785867691
76000,update,actor_loss,18.214065551757812
76000,update,actor_loss_max,32.7437744140625
76000,update,actor_loss_mean,22.241202600479127
76000,update,actor_loss_min,14.351495742797852
76000,update,actor_param_norm,58.5744743347168
76000,update,actor_param_norm_max,58.5744743347168
76000,update,actor_param_norm_mean,58.4039228515625
76000,update,actor_param_norm_min,58.20846176147461
76000,update,actor_update_norm,0.02223917655646801
76000,update,actor_update_norm_max,0.03822505101561546
76000,update,actor_update_norm_mean,0.016061602039262653
76000,update,actor_update_norm_min,0.008548975922167301
76000,update,actor_update_norm_ratio,0.00037968066102278216
76000,update,actor_update_norm_ratio_max,0.0006565812397442638
76000,update,actor_update_norm_ratio_mean,0.00027500043005006887
76000,update,actor_update_norm_ratio_min,0.00014622318528083493
76000,update,alpha,0.004742085468024015
76000,update,alpha_loss,0.0006077555008232594
76000,update,alpha_loss_max,0.001992899691686034
76000,update,alpha_loss_mean,-9.359600974130445e-05
76000,update,alpha_loss_min,-0.0022616679780185223
76000,update,alpha_max,0.004755483940243721
76000,update,alpha_mean,0.004240659353323281
76000,update,alpha_min,0.003966391086578369
76000,update,num_optimizer_updates,1000.0
76000,update,policy_entropy_estimate,-0.8718815445899963
76000,update,policy_entropy_estimate_max,-0.5011434555053711
76000,update,policy_entropy_estimate_mean,-1.021313711166382
76000,update,policy_entropy_estimate_min,-1.5008468627929688
76000,update,policy_log_prob_mean,0.8718815445899963
76000,update,policy_log_prob_mean_max,1.5008468627929688
76000,update,policy_log_prob_mean_mean,1.021313711166382
76000,update,policy_log_prob_mean_min,0.5011434555053711
76000,update,q1_loss,0.2717641592025757
76000,update,q1_loss_max,3.0026423931121826
76000,update,q1_loss_mean,0.6226725834906102
76000,update,q1_loss_min,0.11079166829586029
76000,update,q1_mean,-18.233657836914062
76000,update,q1_mean_max,-10.878778457641602
76000,update,q1_mean_mean,-22.53110768699646
76000,update,q1_mean_min,-33.33707046508789
76000,update,q2_loss,0.8799893260002136
76000,update,q2_loss_max,3.1163692474365234
76000,update,q2_loss_mean,0.6405262950584293
76000,update,q2_loss_min,0.10268595069646835
76000,update,q2_mean,-18.259809494018555
76000,update,q2_mean_max,-11.262853622436523
76000,update,q2_mean_mean,-22.530965601921082
76000,update,q2_mean_min,-33.62550735473633
76000,update,q_grad_norm,167.60635375976562
76000,update,q_grad_norm_max,552.968017578125
76000,update,q_grad_norm_mean,147.6418409461975
76000,update,q_grad_norm_min,44.94907760620117
76000,update,q_loss,1.1517534255981445
76000,update,q_loss_cleanrl_logged,0.5758767127990723
76000,update,q_loss_cleanrl_logged_max,2.707001209259033
76000,update,q_loss_cleanrl_logged_mean,0.6315994384586812
76000,update,q_loss_cleanrl_logged_min,0.18266677856445312
76000,update,q_loss_max,5.414002418518066
76000,update,q_loss_mean,1.2631988769173623
76000,update,q_loss_min,0.36533355712890625
76000,update,q_param_norm,316.6250305175781
76000,update,q_param_norm_max,316.6250305175781
76000,update,q_param_norm_mean,315.84558489990235
76000,update,q_param_norm_min,315.10804748535156
76000,update,q_update_norm,0.050037357956171036
76000,update,q_update_norm_max,0.0770457461476326
76000,update,q_update_norm_mean,0.034129131650552154
76000,update,q_update_norm_min,0.016945920884609222
76000,update,q_update_norm_ratio,0.00022344818779562565
76000,update,q_update_norm_ratio_max,0.00034527841255720825
76000,update,q_update_norm_ratio_mean,0.0001527743243207171
76000,update,q_update_norm_ratio_min,7.587456375432614e-05
76000,update,target_q_mean,-18.206735610961914
76000,update,target_q_mean_max,-11.258949279785156
76000,update,target_q_mean_mean,-22.53133123397827
76000,update,target_q_mean_min,-33.45322799682617
76200,train_episode,collapse,0.0
76200,train_episode,length,200.0
76200,train_episode,return,-119.2481428568678
76200,train_episode,success,1.0
76400,train_episode,collapse,0.0
76400,train_episode,length,200.0
76400,train_episode,return,-225.87377029000945
76400,train_episode,success,0.0
76600,train_episode,collapse,0.0
76600,train_episode,length,200.0
76600,train_episode,return,-119.30389400846393
76600,train_episode,success,1.0
76800,train_episode,collapse,0.0
76800,train_episode,length,200.0
76800,train_episode,return,-234.8240497752221
76800,train_episode,success,0.0
77000,train_episode,collapse,0.0
77000,train_episode,length,200.0
77000,train_episode,return,-118.6624517986757
77000,train_episode,success,1.0
77000,update,actor_grad_norm,0.5271803140640259
77000,update,actor_grad_norm_max,4.244211673736572
77000,update,actor_grad_norm_mean,0.8791291250884533
77000,update,actor_grad_norm_min,0.14098863303661346
77000,update,actor_loss,24.2474365234375
77000,update,actor_loss_max,31.340688705444336
77000,update,actor_loss_mean,22.14209137535095
77000,update,actor_loss_min,13.100842475891113
77000,update,actor_param_norm,58.99916458129883
77000,update,actor_param_norm_max,58.99916458129883
77000,update,actor_param_norm_mean,58.810132537841795
77000,update,actor_param_norm_min,58.5744743347168
77000,update,actor_update_norm,0.013792885467410088
77000,update,actor_update_norm_max,0.0377848744392395
77000,update,actor_update_norm_mean,0.01697544295154512
77000,update,actor_update_norm_min,0.008595491759479046
77000,update,actor_update_norm_ratio,0.00023378322181452673
77000,update,actor_update_norm_ratio_max,0.0006431126409561286
77000,update,actor_update_norm_ratio_mean,0.0002886785719851093
77000,update,actor_update_norm_ratio_min,0.00014572819204419044
77000,update,alpha,0.006960277445614338
77000,update,alpha_loss,0.0007942279917187989
77000,update,alpha_loss_max,0.0038049512077122927
77000,update,alpha_loss_mean,-0.0003504140566874412
77000,update,alpha_loss_min,-0.0037728750612586737
77000,update,alpha_max,0.00778867956250906
77000,update,alpha_mean,0.0066589185199700295
77000,update,alpha_min,0.004734794143587351
77000,update,num_optimizer_updates,1000.0
77000,update,policy_entropy_estimate,-0.8859663009643555
77000,update,policy_entropy_estimate_max,-0.47254717350006104
77000,update,policy_entropy_estimate_mean,-1.062492339015007
77000,update,policy_entropy_estimate_min,-1.6144492626190186
77000,update,policy_log_prob_mean,0.8859663009643555
77000,update,policy_log_prob_mean_max,1.6144492626190186
77000,update,policy_log_prob_mean_mean,1.062492339015007
77000,update,policy_log_prob_mean_min,0.47254717350006104
77000,update,q1_loss,0.6430792808532715
77000,update,q1_loss_max,7.284977436065674
77000,update,q1_loss_mean,0.6596274775639176
77000,update,q1_loss_min,0.11411326378583908
77000,update,q1_mean,-25.080507278442383
77000,update,q1_mean_max,-13.098928451538086
77000,update,q1_mean_mean,-22.36638762950897
77000,update,q1_mean_min,-33.003395080566406
77000,update,q2_loss,0.38402649760246277
77000,update,q2_loss_max,9.102048873901367
77000,update,q2_loss_mean,0.7541181250959634
77000,update,q2_loss_min,0.17211295664310455
77000,update,q2_mean,-24.36672592163086
77000,update,q2_mean_max,-12.898125648498535
77000,update,q2_mean_mean,-22.36565371799469
77000,update,q2_mean_min,-33.452598571777344
77000,update,q_grad_norm,167.03892517089844
77000,update,q_grad_norm_max,1106.8248291015625
77000,update,q_grad_norm_mean,153.6270568885803
77000,update,q_grad_norm_min,39.82566833496094
77000,update,q_loss,1.0271058082580566
77000,update,q_loss_cleanrl_logged,0.5135529041290283
77000,update,q_loss_cleanrl_logged_max,8.193512916564941
77000,update,q_loss_cleanrl_logged_mean,0.7068728000372648
77000,update,q_loss_cleanrl_logged_min,0.17510604858398438
77000,update,q_loss_max,16.387025833129883
77000,update,q_loss_mean,1.4137456000745297
77000,update,q_loss_min,0.35021209716796875
77000,update,q_param_norm,318.1020812988281
77000,update,q_param_norm_max,318.1020812988281
77000,update,q_param_norm_mean,317.4002144165039
77000,update,q_param_norm_min,316.62730407714844
77000,update,q_update_norm,0.02698691003024578
77000,update,q_update_norm_max,0.10732311010360718
77000,update,q_update_norm_mean,0.035081024661660194
77000,update,q_update_norm_min,0.017615024000406265
77000,update,q_update_norm_ratio,0.00011995326809288155
77000,update,q_update_norm_ratio_max,0.00047789871221287205
77000,update,q_update_norm_ratio_mean,0.00015628360538552384
77000,update,q_update_norm_ratio_min,7.860143755094646e-05
77000,update,target_q_mean,-24.6800537109375
77000,update,target_q_mean_max,-13.173498153686523
77000,update,target_q_mean_mean,-22.366363827705385
77000,update,target_q_mean_min,-33.39081573486328
77200,train_episode,collapse,0.0
77200,train_episode,length,200.0
77200,train_episode,return,-119.70218915857299
77200,train_episode,success,1.0
77400,train_episode,collapse,0.0
77400,train_episode,length,200.0
77400,train_episode,return,-124.46665077815484
77400,train_episode,success,1.0
77600,train_episode,collapse,0.0
77600,train_episode,length,200.0
77600,train_episode,return,-130.44716194070094
77600,train_episode,success,1.0
77800,train_episode,collapse,0.0
77800,train_episode,length,200.0
77800,train_episode,return,-129.75043251926257
77800,train_episode,success,1.0
78000,train_episode,collapse,0.0
78000,train_episode,length,200.0
78000,train_episode,return,-223.7218848220854
78000,train_episode,success,0.0
78000,update,actor_grad_norm,1.1342430114746094
78000,update,actor_grad_norm_max,3.556410789489746
78000,update,actor_grad_norm_mean,0.8627019997835159
78000,update,actor_grad_norm_min,0.13349485397338867
78000,update,actor_loss,22.192018508911133
78000,update,actor_loss_max,31.709749221801758
78000,update,actor_loss_mean,21.875641763687135
78000,update,actor_loss_min,12.393280982971191
78000,update,actor_param_norm,59.36868667602539
78000,update,actor_param_norm_max,59.36868667602539
78000,update,actor_param_norm_mean,59.19727837371826
78000,update,actor_param_norm_min,58.99916458129883
78000,update,actor_update_norm,0.012717505916953087
78000,update,actor_update_norm_max,0.0495489127933979
78000,update,actor_update_norm_mean,0.016884352404624225
78000,update,actor_update_norm_min,0.00860858615487814
78000,update,actor_update_norm_ratio,0.00021421232293788333
78000,update,actor_update_norm_ratio_max,0.0008364436458542689
78000,update,actor_update_norm_ratio_mean,0.00028523588975456636
78000,update,actor_update_norm_ratio_min,0.0001453822823706551
78000,update,alpha,0.0051240683533251286
78000,update,alpha_loss,0.0003653612220659852
78000,update,alpha_loss_max,0.002956276061013341
78000,update,alpha_loss_mean,0.00033891707675502404
78000,update,alpha_loss_min,-0.0025396968703716993
78000,update,alpha_max,0.006960277445614338
78000,update,alpha_mean,0.0056506574298255145
78000,update,alpha_min,0.0051240683533251286
78000,update,num_optimizer_updates,1000.0
78000,update,policy_entropy_estimate,-0.9287043213844299
78000,update,policy_entropy_estimate_max,-0.5322668552398682
78000,update,policy_entropy_estimate_mean,-0.9434979891777039
78000,update,policy_entropy_estimate_min,-1.4882878065109253
78000,update,policy_log_prob_mean,0.9287043213844299
78000,update,policy_log_prob_mean_max,1.4882878065109253
78000,update,policy_log_prob_mean_mean,0.9434979891777039
78000,update,policy_log_prob_mean_min,0.5322668552398682
78000,update,q1_loss,0.32610249519348145
78000,update,q1_loss_max,36.561222076416016
78000,update,q1_loss_mean,0.7171751745119691
78000,update,q1_loss_min,0.10177987068891525
78000,update,q1_mean,-22.16595458984375
78000,update,q1_mean_max,-12.86227798461914
78000,update,q1_mean_mean,-22.228346492767333
78000,update,q1_mean_min,-34.6083984375
78000,update,q2_loss,0.6494691371917725
78000,update,q2_loss_max,35.9205322265625
78000,update,q2_loss_mean,0.7442024150043726
78000,update,q2_loss_min,0.1290566325187683
78000,update,q2_mean,-22.838441848754883
78000,update,q2_mean_max,-12.603842735290527
78000,update,q2_mean_mean,-22.229125688552855
78000,update,q2_mean_min,-34.53862380981445
78000,update,q_grad_norm,170.93385314941406
78000,update,q_grad_norm_max,685.1236572265625
78000,update,q_grad_norm_mean,150.11845585250853
78000,update,q_grad_norm_min,42.128196716308594
78000,update,q_loss,0.9755716323852539
78000,update,q_loss_cleanrl_logged,0.48778581619262695
78000,update,q_loss_cleanrl_logged_max,36.240875244140625
78000,update,q_loss_cleanrl_logged_mean,0.7306887925565243
78000,update,q_loss_cleanrl_logged_min,0.16309985518455505
78000,update,q_loss_max,72.48175048828125
78000,update,q_loss_mean,1.4613775851130486
78000,update,q_loss_min,0.3261997103691101
78000,update,q_param_norm,319.60096740722656
78000,update,q_param_norm_max,319.60096740722656
78000,update,q_param_norm_mean,318.8204857940674
78000,update,q_param_norm_min,318.1029510498047
78000,update,q_update_norm,0.024221042171120644
78000,update,q_update_norm_max,0.11800646036863327
78000,update,q_update_norm_mean,0.03377250695507973
78000,update,q_update_norm_min,0.013537545688450336
78000,update,q_update_norm_ratio,0.00010715478186470035
78000,update,q_update_norm_ratio_max,0.0005240477877297236
78000,update,q_update_norm_ratio_mean,0.00014979844760591076
78000,update,q_update_norm_ratio_min,5.98992089478555e-05
78000,update,target_q_mean,-22.482343673706055
78000,update,target_q_mean_max,-12.786391258239746
78000,update,target_q_mean_mean,-22.228955680847168
78000,update,target_q_mean_min,-34.36267852783203
78200,train_episode,collapse,0.0
78200,train_episode,length,200.0
78200,train_episode,return,-121.72805530799981
78200,train_episode,success,1.0
78400,train_episode,collapse,0.0
78400,train_episode,length,200.0
78400,train_episode,return,-235.46696600457702
78400,train_episode,success,0.0
78600,train_episode,collapse,0.0
78600,train_episode,length,200.0
78600,train_episode,return,-117.19750444939643
78600,train_episode,success,1.0
78800,train_episode,collapse,0.0
78800,train_episode,length,200.0
78800,train_episode,return,-235.52781426079343
78800,train_episode,success,0.0
79000,train_episode,collapse,0.0
79000,train_episode,length,200.0
79000,train_episode,return,-126.64329192006858
79000,train_episode,success,1.0
79000,update,actor_grad_norm,1.641653060913086
79000,update,actor_grad_norm_max,5.336367607116699
79000,update,actor_grad_norm_mean,0.8466139993667603
79000,update,actor_grad_norm_min,0.15804113447666168
79000,update,actor_loss,25.929962158203125
79000,update,actor_loss_max,34.3836784362793
79000,update,actor_loss_mean,21.82725439453125
79000,update,actor_loss_min,13.310723304748535
79000,update,actor_param_norm,59.77836227416992
79000,update,actor_param_norm_max,59.779483795166016
79000,update,actor_param_norm_mean,59.56786477661133
79000,update,actor_param_norm_min,59.36868667602539
79000,update,actor_update_norm,0.01671852357685566
79000,update,actor_update_norm_max,0.047099992632865906
79000,update,actor_update_norm_mean,0.017650618452578783
79000,update,actor_update_norm_min,0.008453057147562504
79000,update,actor_update_norm_ratio,0.00027967591867260176
79000,update,actor_update_norm_ratio_max,0.0007889522528018648
79000,update,actor_update_norm_ratio_mean,0.00029628782009933106
79000,update,actor_update_norm_ratio_min,0.0001423109200490493
79000,update,alpha,0.004672329872846603
79000,update,alpha_loss,-0.0001231292844749987
79000,update,alpha_loss_max,0.003009038046002388
79000,update,alpha_loss_mean,9.293255736702121e-05
79000,update,alpha_loss_min,-0.002868108218535781
79000,update,alpha_max,0.005704164505004883
79000,update,alpha_mean,0.00508043177658692
79000,update,alpha_min,0.004433393012732267
79000,update,num_optimizer_updates,1000.0
79000,update,policy_entropy_estimate,-1.026362657546997
79000,update,policy_entropy_estimate_max,-0.44673365354537964
79000,update,policy_entropy_estimate_mean,-0.9815397414565087
79000,update,policy_entropy_estimate_min,-1.5506106615066528
79000,update,policy_log_prob_mean,1.026362657546997
79000,update,policy_log_prob_mean_max,1.5506106615066528
79000,update,policy_log_prob_mean_mean,0.9815397414565087
79000,update,policy_log_prob_mean_min,0.44673365354537964
79000,update,q1_loss,0.928505003452301
79000,update,q1_loss_max,13.21865463256836
79000,update,q1_loss_mean,0.6827528973072767
79000,update,q1_loss_min,0.14604425430297852
79000,update,q1_mean,-26.15115737915039
79000,update,q1_mean_max,-13.360610961914062
79000,update,q1_mean_mean,-22.095135004997253
79000,update,q1_mean_min,-35.24625015258789
79000,update,q2_loss,1.0580720901489258
79000,update,q2_loss_max,11.382746696472168
79000,update,q2_loss_mean,0.7119616819024086
79000,update,q2_loss_min,0.16278325021266937
79000,update,q2_mean,-26.7322940826416
79000,update,q2_mean_max,-13.388772010803223
79000,update,q2_mean_mean,-22.094894510269164
79000,update,q2_mean_min,-34.894142150878906
79000,update,q_grad_norm,241.38995361328125
79000,update,q_grad_norm_max,1216.822998046875
79000,update,q_grad_norm_mean,152.671480884552
79000,update,q_grad_norm_min,39.99900436401367
79000,update,q_loss,1.986577033996582
79000,update,q_loss_cleanrl_logged,0.993288516998291
79000,update,q_loss_cleanrl_logged_max,12.300701141357422
79000,update,q_loss_cleanrl_logged_mean,0.697357290238142
79000,update,q_loss_cleanrl_logged_min,0.1801607310771942
79000,update,q_loss_max,24.601402282714844
79000,update,q_loss_mean,1.394714580476284
79000,update,q_loss_min,0.3603214621543884
79000,update,q_param_norm,320.86541748046875
79000,update,q_param_norm_max,320.86541748046875
79000,update,q_param_norm_mean,320.2133520507812
79000,update,q_param_norm_min,319.60362243652344
79000,update,q_update_norm,0.04159678891301155
79000,update,q_update_norm_max,0.07544535398483276
79000,update,q_update_norm_mean,0.03497082049399614
79000,update,q_update_norm_min,0.016571328043937683
79000,update,q_update_norm_ratio,0.0001833005837932315
79000,update,q_update_norm_ratio_max,0.0003336377755003922
79000,update,q_update_norm_ratio_mean,0.0001544170773409755
79000,update,q_update_norm_ratio_min,7.331037358405727e-05
79000,update,target_q_mean,-26.43984031677246
79000,update,target_q_mean_max,-13.271224021911621
79000,update,target_q_mean_mean,-22.095308901786805
79000,update,target_q_mean_min,-34.960575103759766
79200,train_episode,collapse,0.0
79200,train_episode,length,200.0
79200,train_episode,return,-249.75160123230305
79200,train_episode,success,0.0
79400,train_episode,collapse,0.0
79400,train_episode,length,200.0
79400,train_episode,return,-230.06341693091602
79400,train_episode,success,0.0
79600,train_episode,collapse,0.0
79600,train_episode,length,200.0
79600,train_episode,return,-119.04648872994429
79600,train_episode,success,1.0
79800,train_episode,collapse,0.0
79800,train_episode,length,200.0
79800,train_episode,return,-116.06293129795323
79800,train_episode,success,1.0
80000,train_episode,collapse,0.0
80000,train_episode,length,200.0
80000,train_episode,return,-1.6113242813223632
80000,train_episode,success,1.0
80000,update,actor_grad_norm,0.5564883947372437
80000,update,actor_grad_norm_max,7.674098491668701
80000,update,actor_grad_norm_mean,0.8775382818877697
80000,update,actor_grad_norm_min,0.16231206059455872
80000,update,actor_loss,22.537805557250977
80000,update,actor_loss_max,31.140804290771484
80000,update,actor_loss_mean,21.991308387756348
80000,update,actor_loss_min,11.807332038879395
80000,update,actor_param_norm,60.12337112426758
80000,update,actor_param_norm_max,60.12337112426758
80000,update,actor_param_norm_mean,59.929829246520995
80000,update,actor_param_norm_min,59.77836227416992
80000,update,actor_update_norm,0.013519362546503544
80000,update,actor_update_norm_max,0.03738608583807945
80000,update,actor_update_norm_mean,0.01552405185624957
80000,update,actor_update_norm_min,0.007739227265119553
80000,update,actor_update_norm_ratio,0.00022486219497465143
80000,update,actor_update_norm_ratio_max,0.0006224295996744681
80000,update,actor_update_norm_ratio_mean,0.0002590168716618297
80000,update,actor_update_norm_ratio_min,0.000129345174221873
80000,update,alpha,0.003963571973145008
80000,update,alpha_loss,-0.00031728565227240324
80000,update,alpha_loss_max,0.0019509345293045044
80000,update,alpha_loss_mean,0.0001563760452045244
80000,update,alpha_loss_min,-0.002355291275307536
80000,update,alpha_max,0.0047482214868068695
80000,update,alpha_mean,0.00423059375397861
80000,update,alpha_min,0.003922634292393923
80000,update,num_optimizer_updates,1000.0
80000,update,policy_entropy_estimate,-1.0800237655639648
80000,update,policy_entropy_estimate_max,-0.5113214254379272
80000,update,policy_entropy_estimate_mean,-0.9643001857995986
80000,update,policy_entropy_estimate_min,-1.5959471464157104
80000,update,policy_log_prob_mean,1.0800237655639648
80000,update,policy_log_prob_mean_max,1.5959471464157104
80000,update,policy_log_prob_mean_mean,0.9643001857995986
80000,update,policy_log_prob_mean_min,0.5113214254379272
80000,update,q1_loss,0.30315524339675903
80000,update,q1_loss_max,3.419792652130127
80000,update,q1_loss_mean,0.5503273827284575
80000,update,q1_loss_min,0.1405269354581833
80000,update,q1_mean,-23.051441192626953
80000,update,q1_mean_max,-12.540916442871094
80000,update,q1_mean_mean,-22.09834064388275
80000,update,q1_mean_min,-31.97161293029785
80000,update,q2_loss,0.4371899962425232
80000,update,q2_loss_max,3.0658679008483887
80000,update,q2_loss_mean,0.5720440118312836
80000,update,q2_loss_min,0.10016985982656479
80000,update,q2_mean,-23.235794067382812
80000,update,q2_mean_max,-12.413469314575195
80000,update,q2_mean_mean,-22.098287262916564
80000,update,q2_mean_min,-32.26475143432617
80000,update,q_grad_norm,93.07070922851562
80000,update,q_grad_norm_max,497.9903564453125
80000,update,q_grad_norm_mean,134.289085811615
80000,update,q_grad_norm_min,42.87148666381836
80000,update,q_loss,0.7403452396392822
80000,update,q_loss_cleanrl_logged,0.3701726198196411
80000,update,q_loss_cleanrl_logged_max,2.13863468170166
80000,update,q_loss_cleanrl_logged_mean,0.5611856966912746
80000,update,q_loss_cleanrl_logged_min,0.13869160413742065
80000,update,q_loss_max,4.27726936340332
80000,update,q_loss_mean,1.1223713933825492
80000,update,q_loss_min,0.2773832082748413
80000,update,q_param_norm,322.449951171875
80000,update,q_param_norm_max,322.449951171875
80000,update,q_param_norm_mean,321.70178230285643
80000,update,q_param_norm_min,320.8661193847656
80000,update,q_update_norm,0.027188029140233994
80000,update,q_update_norm_max,0.06206401064991951
80000,update,q_update_norm_mean,0.03169031025841832
80000,update,q_update_norm_min,0.018108392134308815
80000,update,q_update_norm_ratio,0.00011921886172306195
80000,update,q_update_norm_ratio_max,0.0002722227064618314
80000,update,q_update_norm_ratio_mean,0.00013928074582102398
80000,update,q_update_norm_ratio_min,7.973229514851132e-05
80000,update,target_q_mean,-23.062347412109375
80000,update,target_q_mean_max,-12.528172492980957
80000,update,target_q_mean_mean,-22.0985936460495
80000,update,target_q_mean_min,-31.955007553100586
80000,replay,action_abs_max,2.0
80000,replay,action_abs_mean,0.7580571174621582
80000,replay,action_saturation_fraction,0.0753625
80000,replay,capacity,100000.0
80000,replay,done_fraction,0.0
80000,replay,fill_fraction,0.8
80000,replay,near_upright_any_transition_fraction,0.780425
80000,replay,near_upright_next_obs_fraction,0.78025
80000,replay,near_upright_obs_fraction,0.7761625
80000,replay,reward_max,-1.0757337349787122e-06
80000,replay,reward_mean,-1.211199164390564
80000,replay,reward_min,-16.252336502075195
80000,replay,reward_std,2.892946243286133
80000,replay,sample_count_max,803.0
80000,replay,sample_count_mean,240.0
80000,replay,size,80000.0
80000,replay,transition_age_max,79999.0
80000,replay,transition_age_mean,39999.5
80000,diagnostics,actor_layer0_activation_abs_max,3.634394645690918
80000,diagnostics,actor_layer0_activation_abs_mean,0.12983687222003937
80000,diagnostics,actor_layer0_dormant_fraction,0.0390625
80000,diagnostics,actor_layer0_effective_rank_fraction,0.05034099891781807
80000,diagnostics,actor_layer1_activation_abs_max,6.7998480796813965
80000,diagnostics,actor_layer1_activation_abs_mean,0.046022720634937286
80000,diagnostics,actor_layer1_dormant_fraction,0.41796875
80000,diagnostics,actor_layer1_effective_rank_fraction,0.1208997368812561
80000,diagnostics,actor_param_norm,60.12337112426758
80000,diagnostics,alpha,0.003963571973145008
80000,diagnostics,q1_layer0_activation_abs_max,7.085694313049316
80000,diagnostics,q1_layer0_activation_abs_mean,0.37964677810668945
80000,diagnostics,q1_layer0_dormant_fraction,0.046875
80000,diagnostics,q1_layer0_effective_rank_fraction,0.055590931326150894
80000,diagnostics,q1_layer1_activation_abs_max,46.3245735168457
80000,diagnostics,q1_layer1_activation_abs_mean,2.9888830184936523
80000,diagnostics,q1_layer1_dormant_fraction,0.41015625
80000,diagnostics,q1_layer1_effective_rank_fraction,0.062198519706726074
80000,diagnostics,q1_param_norm,164.4331817626953
80000,diagnostics,q2_layer0_activation_abs_max,6.272865295410156
80000,diagnostics,q2_layer0_activation_abs_mean,0.34162208437919617
80000,diagnostics,q2_layer0_dormant_fraction,0.03515625
80000,diagnostics,q2_layer0_effective_rank_fraction,0.05405505374073982
80000,diagnostics,q2_layer1_activation_abs_max,31.29167366027832
80000,diagnostics,q2_layer1_activation_abs_mean,2.9814956188201904
80000,diagnostics,q2_layer1_dormant_fraction,0.45703125
80000,diagnostics,q2_layer1_effective_rank_fraction,0.05913179740309715
80000,diagnostics,q2_param_norm,158.0167694091797
80000,eval,best_return,-0.28123710440025923
80000,eval,collapse_rate,0.0
80000,eval,failure_rate,0.6
80000,eval,fraction_return_ge_-100,0.2
80000,eval,fraction_return_ge_-150,0.4
80000,eval,fraction_return_ge_-200,0.4
80000,eval,fraction_return_ge_-250,0.8
80000,eval,max_not_near_upright_streak,69.0
80000,eval,mean_episode_length,200.0
80000,eval,mean_min_step_reward,-10.745570260431274
80000,eval,mean_return,-172.06589652391307
80000,eval,median_return,-226.16944384010185
80000,eval,near_upright_fraction,0.8320000000000001
80000,eval,num_collapses,0.0
80000,eval,num_eval_episodes,10.0
80000,eval,num_strict_successes,4.0
80000,eval,num_successes,4.0
80000,eval,return_failure_rate,0.6
80000,eval,return_p05,-271.49455030638023
80000,eval,return_p10,-257.58614337868556
80000,eval,return_p25,-242.8922000134002
80000,eval,return_p75,-120.00771668696247
80000,eval,return_p90,-0.2925951820448682
80000,eval,return_p95,-0.2869161432225637
80000,eval,return_reliability_nines_empirical,0.22184874961635637
80000,eval,return_reliability_nines_wilson95_low,0.07997081395541751
80000,eval,return_success_rate,0.4
80000,eval,stability_success_rate,0.5
80000,eval,std_return,99.85650465017639
80000,eval,streak_success_rate,0.9
80000,eval,strict_failure_rate,0.6
80000,eval,strict_reliability_nines_empirical,0.22184874961635637
80000,eval,strict_reliability_nines_wilson95_low,0.07997081395541751
80000,eval,strict_success_rate,0.4
80000,eval,strict_success_rate_wilson95_high,0.6873262302663417
80000,eval,strict_success_rate_wilson95_low,0.16818032970623614
80000,eval,success_rate,0.4
80000,eval,success_rate_wilson95_high,0.6873262302663417
80000,eval,success_rate_wilson95_low,0.16818032970623614
80000,eval,worst_episode_near_upright_fraction,0.655
80000,eval,worst_min_step_reward,-15.463883437069553
80000,eval,worst_return,-285.40295723407496
80200,train_episode,collapse,0.0
80200,train_episode,length,200.0
80200,train_episode,return,-221.24305931395443
80200,train_episode,success,0.0
80400,train_episode,collapse,0.0
80400,train_episode,length,200.0
80400,train_episode,return,-118.13669994570436
80400,train_episode,success,1.0
80600,train_episode,collapse,0.0
80600,train_episode,length,200.0
80600,train_episode,return,-119.39555065871676
80600,train_episode,success,1.0
80800,train_episode,collapse,0.0
80800,train_episode,length,200.0
80800,train_episode,return,-125.12517690207946
80800,train_episode,success,1.0
81000,train_episode,collapse,0.0
81000,train_episode,length,200.0
81000,train_episode,return,-126.76848742491669
81000,train_episode,success,1.0
81000,update,actor_grad_norm,0.8259888291358948
81000,update,actor_grad_norm_max,9.458977699279785
81000,update,actor_grad_norm_mean,0.8408323078304529
81000,update,actor_grad_norm_min,0.10710033029317856
81000,update,actor_loss,21.157413482666016
81000,update,actor_loss_max,31.728919982910156
81000,update,actor_loss_mean,21.71414377784729
81000,update,actor_loss_min,13.94933032989502
81000,update,actor_param_norm,60.51105499267578
81000,update,actor_param_norm_max,60.51139831542969
81000,update,actor_param_norm_mean,60.32240384292602
81000,update,actor_param_norm_min,60.12337112426758
81000,update,actor_update_norm,0.013941283337771893
81000,update,actor_update_norm_max,0.039924267679452896
81000,update,actor_update_norm_mean,0.01619009894691408
81000,update,actor_update_norm_min,0.009059159085154533
81000,update,actor_update_norm_ratio,0.0002303921040120895
81000,update,actor_update_norm_ratio_max,0.0006605203456120038
81000,update,actor_update_norm_ratio_mean,0.00026839352205428523
81000,update,actor_update_norm_ratio_min,0.00015017995566693715
81000,update,alpha,0.00618196465075016
81000,update,alpha_loss,0.00024023823789320886
81000,update,alpha_loss_max,0.0023270926903933287
81000,update,alpha_loss_mean,-0.00040910311343031935
81000,update,alpha_loss_min,-0.0038489848375320435
81000,update,alpha_max,0.0062097301706671715
81000,update,alpha_mean,0.004722795115783811
81000,update,alpha_min,0.003960447385907173
81000,update,num_optimizer_updates,1000.0
81000,update,policy_entropy_estimate,-0.9611474275588989
81000,update,policy_entropy_estimate_max,-0.5662862658500671
81000,update,policy_entropy_estimate_mean,-1.083949836730957
81000,update,policy_entropy_estimate_min,-1.6791895627975464
81000,update,policy_log_prob_mean,0.9611474275588989
81000,update,policy_log_prob_mean_max,1.6791895627975464
81000,update,policy_log_prob_mean_mean,1.083949836730957
81000,update,policy_log_prob_mean_min,0.5662862658500671
81000,update,q1_loss,0.3651270270347595
81000,update,q1_loss_max,3.7771618366241455
81000,update,q1_loss_mean,0.6369858410581947
81000,update,q1_loss_min,0.10621931403875351
81000,update,q1_mean,-22.136749267578125
81000,update,q1_mean_max,-11.83138370513916
81000,update,q1_mean_mean,-21.981497992515564
81000,update,q1_mean_min,-32.15093994140625
81000,update,q2_loss,0.3209843933582306
81000,update,q2_loss_max,4.369372367858887
81000,update,q2_loss_mean,0.6723380964994431
81000,update,q2_loss_min,0.15281915664672852
81000,update,q2_mean,-22.008508682250977
81000,update,q2_mean_max,-11.913546562194824
81000,update,q2_mean_mean,-21.981031540870667
81000,update,q2_mean_min,-32.083805084228516
81000,update,q_grad_norm,130.03211975097656
81000,update,q_grad_norm_max,593.30029296875
81000,update,q_grad_norm_mean,144.01172688674927
81000,update,q_grad_norm_min,38.13959503173828
81000,update,q_loss,0.6861114501953125
81000,update,q_loss_cleanrl_logged,0.34305572509765625
81000,update,q_loss_cleanrl_logged_max,3.7526907920837402
81000,update,q_loss_cleanrl_logged_mean,0.6546619682013989
81000,update,q_loss_cleanrl_logged_min,0.15415018796920776
81000,update,q_loss_max,7.5053815841674805
81000,update,q_loss_mean,1.3093239364027978
81000,update,q_loss_min,0.3083003759384155
81000,update,q_param_norm,323.8725280761719
81000,update,q_param_norm_max,323.8756408691406
81000,update,q_param_norm_mean,323.1960052490234
81000,update,q_param_norm_min,322.45135498046875
81000,update,q_update_norm,0.020880572497844696
81000,update,q_update_norm_max,0.09268360584974289
81000,update,q_update_norm_mean,0.034869924180209635
81000,update,q_update_norm_min,0.016379715874791145
81000,update,q_update_norm_ratio,9.115925324409834e-05
81000,update,q_update_norm_ratio_max,0.00040499250290845426
81000,update,q_update_norm_ratio_mean,0.00015256123248138137
81000,update,q_update_norm_ratio_min,7.166688394973512e-05
81000,update,target_q_mean,-21.99120330810547
81000,update,target_q_mean_max,-12.082425117492676
81000,update,target_q_mean_mean,-21.981583612442016
81000,update,target_q_mean_min,-31.98162841796875
81200,train_episode,collapse,0.0
81200,train_episode,length,200.0
81200,train_episode,return,-116.61609673336595
81200,train_episode,success,1.0
81400,train_episode,collapse,0.0
81400,train_episode,length,200.0
81400,train_episode,return,-289.1903996865864
81400,train_episode,success,0.0
81600,train_episode,collapse,0.0
81600,train_episode,length,200.0
81600,train_episode,return,-124.66088817954561
81600,train_episode,success,1.0
81800,train_episode,collapse,0.0
81800,train_episode,length,200.0
81800,train_episode,return,-5.759281012391527
81800,train_episode,success,1.0
82000,train_episode,collapse,0.0
82000,train_episode,length,200.0
82000,train_episode,return,-1.4811996084571635
82000,train_episode,success,1.0
82000,update,actor_grad_norm,1.1023937463760376
82000,update,actor_grad_norm_max,5.097136497497559
82000,update,actor_grad_norm_mean,0.8352953269183636
82000,update,actor_grad_norm_min,0.1541031301021576
82000,update,actor_loss,21.025304794311523
82000,update,actor_loss_max,31.690309524536133
82000,update,actor_loss_mean,21.668800472259523
82000,update,actor_loss_min,13.773324966430664
82000,update,actor_param_norm,60.91753387451172
82000,update,actor_param_norm_max,60.91753387451172
82000,update,actor_param_norm_mean,60.72599047088623
82000,update,actor_param_norm_min,60.511024475097656
82000,update,actor_update_norm,0.012659345753490925
82000,update,actor_update_norm_max,0.03734547644853592
82000,update,actor_update_norm_mean,0.01612824675999582
82000,update,actor_update_norm_min,0.007840974256396294
82000,update,actor_update_norm_ratio,0.0002078124873045573
82000,update,actor_update_norm_ratio_max,0.0006161505323325235
82000,update,actor_update_norm_ratio_mean,0.0002655923086697455
82000,update,actor_update_norm_ratio_min,0.00012904392927835285
82000,update,alpha,0.005076658446341753
82000,update,alpha_loss,-0.0012958354782313108
82000,update,alpha_loss_max,0.0027545662596821785
82000,update,alpha_loss_mean,0.00018455030705445097
82000,update,alpha_loss_min,-0.0037159097846597433
82000,update,alpha_max,0.006185815669596195
82000,update,alpha_mean,0.005346636934671551
82000,update,alpha_min,0.0047057922929525375
82000,update,num_optimizer_updates,1000.0
82000,update,policy_entropy_estimate,-1.2554876804351807
82000,update,policy_entropy_estimate_max,-0.5319944620132446
82000,update,policy_entropy_estimate_mean,-0.9675268971920014
82000,update,policy_entropy_estimate_min,-1.6101977825164795
82000,update,policy_log_prob_mean,1.2554876804351807
82000,update,policy_log_prob_mean_max,1.6101977825164795
82000,update,policy_log_prob_mean_mean,0.9675268971920014
82000,update,policy_log_prob_mean_min,0.5319944620132446
82000,update,q1_loss,1.0917357206344604
82000,update,q1_loss_max,5.725887775421143
82000,update,q1_loss_mean,0.7066500910669565
82000,update,q1_loss_min,0.1268564611673355
82000,update,q1_mean,-22.297269821166992
82000,update,q1_mean_max,-11.877218246459961
82000,update,q1_mean_mean,-21.842809450149534
82000,update,q1_mean_min,-32.16870880126953
82000,update,q2_loss,1.4041553735733032
82000,update,q2_loss_max,5.913309574127197
82000,update,q2_loss_mean,0.7257253832370043
82000,update,q2_loss_min,0.1248282790184021
82000,update,q2_mean,-22.182531356811523
82000,update,q2_mean_max,-12.197807312011719
82000,update,q2_mean_mean,-21.842772389411927
82000,update,q2_mean_min,-32.48833465576172
82000,update,q_grad_norm,396.3459167480469
82000,update,q_grad_norm_max,687.6546020507812
82000,update,q_grad_norm_mean,155.2917617225647
82000,update,q_grad_norm_min,35.87834930419922
82000,update,q_loss,2.4958910942077637
82000,update,q_loss_cleanrl_logged,1.2479455471038818
82000,update,q_loss_cleanrl_logged_max,5.312405109405518
82000,update,q_loss_cleanrl_logged_mean,0.716187736839056
82000,update,q_loss_cleanrl_logged_min,0.1258423626422882
82000,update,q_loss_max,10.624810218811035
82000,update,q_loss_mean,1.432375473678112
82000,update,q_loss_min,0.2516847252845764
82000,update,q_param_norm,325.3614196777344
82000,update,q_param_norm_max,325.3614196777344
82000,update,q_param_norm_mean,324.6266039733887
82000,update,q_param_norm_min,323.8749237060547
82000,update,q_update_norm,0.039490073919296265
82000,update,q_update_norm_max,0.10333527624607086
82000,update,q_update_norm_mean,0.03575416188500822
82000,update,q_update_norm_min,0.017326533794403076
82000,update,q_update_norm_ratio,0.00017161558113142138
82000,update,q_update_norm_ratio_max,0.00045102678210183397
82000,update,q_update_norm_ratio_mean,0.00015573736456533037
82000,update,q_update_norm_ratio_min,7.543727883502925e-05
82000,update,target_q_mean,-22.41796875
82000,update,target_q_mean_max,-11.949112892150879
82000,update,target_q_mean_mean,-21.84319940662384
82000,update,target_q_mean_min,-32.29896926879883
82200,train_episode,collapse,0.0
82200,train_episode,length,200.0
82200,train_episode,return,-129.8016578424216
82200,train_episode,success,1.0
82400,train_episode,collapse,0.0
82400,train_episode,length,200.0
82400,train_episode,return,-118.7532304165745
82400,train_episode,success,1.0
82600,train_episode,collapse,0.0
82600,train_episode,length,200.0
82600,train_episode,return,-124.95048246835123
82600,train_episode,success,1.0
82800,train_episode,collapse,0.0
82800,train_episode,length,200.0
82800,train_episode,return,-216.66025694326453
82800,train_episode,success,0.0
83000,train_episode,collapse,0.0
83000,train_episode,length,200.0
83000,train_episode,return,-226.52727626647928
83000,train_episode,success,0.0
83000,update,actor_grad_norm,0.19887743890285492
83000,update,actor_grad_norm_max,8.146112442016602
83000,update,actor_grad_norm_mean,0.7816982111930847
83000,update,actor_grad_norm_min,0.17437592148780823
83000,update,actor_loss,21.31790542602539
83000,update,actor_loss_max,33.646461486816406
83000,update,actor_loss_mean,21.292663928985597
83000,update,actor_loss_min,13.336713790893555
83000,update,actor_param_norm,61.28823471069336
83000,update,actor_param_norm_max,61.28823471069336
83000,update,actor_param_norm_mean,61.09785551071167
83000,update,actor_param_norm_min,60.91753387451172
83000,update,actor_update_norm,0.0151376873254776
83000,update,actor_update_norm_max,0.038413986563682556
83000,update,actor_update_norm_mean,0.016373777965083717
83000,update,actor_update_norm_min,0.008344242349267006
83000,update,actor_update_norm_ratio,0.0002469933936762409
83000,update,actor_update_norm_ratio_max,0.0006283062033531599
83000,update,actor_update_norm_ratio_mean,0.00026801556774695923
83000,update,actor_update_norm_ratio_min,0.0001366167167206644
83000,update,alpha,0.005101906135678291
83000,update,alpha_loss,-0.0003396965330466628
83000,update,alpha_loss_max,0.0022783989552408457
83000,update,alpha_loss_mean,3.4330982161918653e-06
83000,update,alpha_loss_min,-0.0032116989605128765
83000,update,alpha_max,0.005525252781808376
83000,update,alpha_mean,0.005271833422128111
83000,update,alpha_min,0.005076658446341753
83000,update,num_optimizer_updates,1000.0
83000,update,policy_entropy_estimate,-1.0665780305862427
83000,update,policy_entropy_estimate_max,-0.587220311164856
83000,update,policy_entropy_estimate_mean,-0.9996027570962905
83000,update,policy_entropy_estimate_min,-1.6016385555267334
83000,update,policy_log_prob_mean,1.0665780305862427
83000,update,policy_log_prob_mean_max,1.6016385555267334
83000,update,policy_log_prob_mean_mean,0.9996027570962905
83000,update,policy_log_prob_mean_min,0.587220311164856
83000,update,q1_loss,0.986689031124115
83000,update,q1_loss_max,5.6822686195373535
83000,update,q1_loss_mean,0.6201321211457252
83000,update,q1_loss_min,0.11542391777038574
83000,update,q1_mean,-21.72357177734375
83000,update,q1_mean_max,-13.189934730529785
83000,update,q1_mean_mean,-21.64179027080536
83000,update,q1_mean_min,-33.949951171875
83000,update,q2_loss,0.8047063946723938
83000,update,q2_loss_max,5.945425033569336
83000,update,q2_loss_mean,0.6424041916728019
83000,update,q2_loss_min,0.15066975355148315
83000,update,q2_mean,-21.74230194091797
83000,update,q2_mean_max,-12.895157814025879
83000,update,q2_mean_mean,-21.64156390094757
83000,update,q2_mean_min,-34.21681594848633
83000,update,q_grad_norm,143.76174926757812
83000,update,q_grad_norm_max,872.387939453125
83000,update,q_grad_norm_mean,138.2879900588989
83000,update,q_grad_norm_min,39.60158157348633
83000,update,q_loss,1.7913954257965088
83000,update,q_loss_cleanrl_logged,0.8956977128982544
83000,update,q_loss_cleanrl_logged_max,5.579428195953369
83000,update,q_loss_cleanrl_logged_mean,0.6312681569457054
83000,update,q_loss_cleanrl_logged_min,0.1538224220275879
83000,update,q_loss_max,11.158856391906738
83000,update,q_loss_mean,1.2625363138914107
83000,update,q_loss_min,0.3076448440551758
83000,update,q_param_norm,326.7936553955078
83000,update,q_param_norm_max,326.79466247558594
83000,update,q_param_norm_mean,326.05142262268066
83000,update,q_param_norm_min,325.36268615722656
83000,update,q_update_norm,0.03491533547639847
83000,update,q_update_norm_max,0.10518589615821838
83000,update,q_update_norm_mean,0.03239861417375505
83000,update,q_update_norm_min,0.01660262793302536
83000,update,q_update_norm_ratio,0.00015106967489688698
83000,update,q_update_norm_ratio_max,0.0004566318551452092
83000,update,q_update_norm_ratio_mean,0.0001405065031393485
83000,update,q_update_norm_ratio_min,7.201602572890366e-05
83000,update,target_q_mean,-21.72753143310547
83000,update,target_q_mean_max,-13.329283714294434
83000,update,target_q_mean_mean,-21.641833322525024
83000,update,target_q_mean_min,-34.04628372192383
83200,train_episode,collapse,0.0
83200,train_episode,length,200.0
83200,train_episode,return,-114.15577910076925
83200,train_episode,success,1.0
83400,train_episode,collapse,0.0
83400,train_episode,length,200.0
83400,train_episode,return,-113.85070502226107
83400,train_episode,success,1.0
83600,train_episode,collapse,0.0
83600,train_episode,length,200.0
83600,train_episode,return,-119.34316642347875
83600,train_episode,success,1.0
83800,train_episode,collapse,0.0
83800,train_episode,length,200.0
83800,train_episode,return,-325.18020731537155
83800,train_episode,success,0.0
84000,train_episode,collapse,0.0
84000,train_episode,length,200.0
84000,train_episode,return,-118.68740689803862
84000,train_episode,success,1.0
84000,update,actor_grad_norm,0.39340174198150635
84000,update,actor_grad_norm_max,6.259799957275391
84000,update,actor_grad_norm_mean,0.7501721926927567
84000,update,actor_grad_norm_min,0.15484191477298737
84000,update,actor_loss,17.68503761291504
84000,update,actor_loss_max,32.069393157958984
84000,update,actor_loss_mean,21.049737075805663
84000,update,actor_loss_min,12.435523986816406
84000,update,actor_param_norm,61.650978088378906
84000,update,actor_param_norm_max,61.651615142822266
84000,update,actor_param_norm_mean,61.476275356292724
84000,update,actor_param_norm_min,61.28823471069336
84000,update,actor_update_norm,0.013520032167434692
84000,update,actor_update_norm_max,0.052886076271533966
84000,update,actor_update_norm_mean,0.015371402394026517
84000,update,actor_update_norm_min,0.008635184727609158
84000,update,actor_update_norm_ratio,0.00021929919037022704
84000,update,actor_update_norm_ratio_max,0.0008612843925075575
84000,update,actor_update_norm_ratio_mean,0.00025005508447410545
84000,update,actor_update_norm_ratio_min,0.00014075195311528455
84000,update,alpha,0.005819440819323063
84000,update,alpha_loss,0.0014855448389425874
84000,update,alpha_loss_max,0.0034471426624804735
84000,update,alpha_loss_mean,-0.00010164763431384926
84000,update,alpha_loss_min,-0.0030285168904811144
84000,update,alpha_max,0.005819440819323063
84000,update,alpha_mean,0.0054259052593261005
84000,update,alpha_min,0.005063388496637344
84000,update,num_optimizer_updates,1000.0
84000,update,policy_entropy_estimate,-0.744713306427002
84000,update,policy_entropy_estimate_max,-0.34278011322021484
84000,update,policy_entropy_estimate_mean,-1.0191342598199844
84000,update,policy_entropy_estimate_min,-1.5471856594085693
84000,update,policy_log_prob_mean,0.744713306427002
84000,update,policy_log_prob_mean_max,1.5471856594085693
84000,update,policy_log_prob_mean_mean,1.0191342598199844
84000,update,policy_log_prob_mean_min,0.34278011322021484
84000,update,q1_loss,0.45034369826316833
84000,update,q1_loss_max,2.816732883453369
84000,update,q1_loss_mean,0.5652759600281715
84000,update,q1_loss_min,0.13443948328495026
84000,update,q1_mean,-17.51825523376465
84000,update,q1_mean_max,-12.634416580200195
84000,update,q1_mean_mean,-21.39876138496399
84000,update,q1_mean_min,-32.82997512817383
84000,update,q2_loss,0.4823913276195526
84000,update,q2_loss_max,4.352268695831299
84000,update,q2_loss_mean,0.6148317619860172
84000,update,q2_loss_min,0.11013831198215485
84000,update,q2_mean,-18.001195907592773
84000,update,q2_mean_max,-12.381468772888184
84000,update,q2_mean_mean,-21.39919383430481
84000,update,q2_mean_min,-32.7868537902832
84000,update,q_grad_norm,152.02664184570312
84000,update,q_grad_norm_max,817.7606811523438
84000,update,q_grad_norm_mean,139.74126877593994
84000,update,q_grad_norm_min,33.49846649169922
84000,update,q_loss,0.932735025882721
84000,update,q_loss_cleanrl_logged,0.4663675129413605
84000,update,q_loss_cleanrl_logged_max,3.5369505882263184
84000,update,q_loss_cleanrl_logged_mean,0.5900538608431816
84000,update,q_loss_cleanrl_logged_min,0.13458910584449768
84000,update,q_loss_max,7.073901176452637
84000,update,q_loss_mean,1.1801077216863631
84000,update,q_loss_min,0.26917821168899536
84000,update,q_param_norm,328.17608642578125
84000,update,q_param_norm_max,328.17608642578125
84000,update,q_param_norm_mean,327.4828533477783
84000,update,q_param_norm_min,326.79383850097656
84000,update,q_update_norm,0.036017291247844696
84000,update,q_update_norm_max,0.06336987763643265
84000,update,q_update_norm_mean,0.03399433857575059
84000,update,q_update_norm_min,0.017124829813838005
84000,update,q_update_norm_ratio,0.00015518252189508294
84000,update,q_update_norm_ratio_max,0.0002733778614785526
84000,update,q_update_norm_ratio_mean,0.00014677398733101054
84000,update,q_update_norm_ratio_min,7.402422656159514e-05
84000,update,target_q_mean,-17.723875045776367
84000,update,target_q_mean_max,-12.489073753356934
84000,update,target_q_mean_mean,-21.399255732536314
84000,update,target_q_mean_min,-32.91728210449219
84200,train_episode,collapse,0.0
84200,train_episode,length,200.0
84200,train_episode,return,-0.4801393488810292
84200,train_episode,success,1.0
84400,train_episode,collapse,0.0
84400,train_episode,length,200.0
84400,train_episode,return,-118.77345574138346
84400,train_episode,success,1.0
84600,train_episode,collapse,0.0
84600,train_episode,length,200.0
84600,train_episode,return,-246.27349898768725
84600,train_episode,success,0.0
84800,train_episode,collapse,0.0
84800,train_episode,length,200.0
84800,train_episode,return,-220.79314061726203
84800,train_episode,success,0.0
85000,train_episode,collapse,0.0
85000,train_episode,length,200.0
85000,train_episode,return,-0.48879654178453946
85000,train_episode,success,1.0
85000,update,actor_grad_norm,0.47118517756462097
85000,update,actor_grad_norm_max,2.1695001125335693
85000,update,actor_grad_norm_mean,0.7584621140658856
85000,update,actor_grad_norm_min,0.1461421549320221
85000,update,actor_loss,21.541120529174805
85000,update,actor_loss_max,30.789480209350586
85000,update,actor_loss_mean,21.112174249649048
85000,update,actor_loss_min,12.447050094604492
85000,update,actor_param_norm,62.03245544433594
85000,update,actor_param_norm_max,62.03245544433594
85000,update,actor_param_norm_mean,61.826177085876466
85000,update,actor_param_norm_min,61.650978088378906
85000,update,actor_update_norm,0.014691786840558052
85000,update,actor_update_norm_max,0.029605383053421974
85000,update,actor_update_norm_mean,0.015498115099966526
85000,update,actor_update_norm_min,0.007982083596289158
85000,update,actor_update_norm_ratio,0.00023684026565490204
85000,update,actor_update_norm_ratio_max,0.00047961922119447526
85000,update,actor_update_norm_ratio_mean,0.0002506499483508361
85000,update,actor_update_norm_ratio_min,0.00012923276910670086
85000,update,alpha,0.005336464382708073
85000,update,alpha_loss,0.00019848591182380915
85000,update,alpha_loss_max,0.0024867509491741657
85000,update,alpha_loss_mean,7.07695479504764e-05
85000,update,alpha_loss_min,-0.002623756416141987
85000,update,alpha_max,0.006159540265798569
85000,update,alpha_mean,0.005627039803192019
85000,update,alpha_min,0.005259776022285223
85000,update,num_optimizer_updates,1000.0
85000,update,policy_entropy_estimate,-0.9627980589866638
85000,update,policy_entropy_estimate_max,-0.5748540163040161
85000,update,policy_entropy_estimate_mean,-0.9876665104627609
85000,update,policy_entropy_estimate_min,-1.4333959817886353
85000,update,policy_log_prob_mean,0.9627980589866638
85000,update,policy_log_prob_mean_max,1.4333959817886353
85000,update,policy_log_prob_mean_mean,0.9876665104627609
85000,update,policy_log_prob_mean_min,0.5748540163040161
85000,update,q1_loss,0.6878613233566284
85000,update,q1_loss_max,3.244086742401123
85000,update,q1_loss_mean,0.635444201901555
85000,update,q1_loss_min,0.09843593835830688
85000,update,q1_mean,-22.202484130859375
85000,update,q1_mean_max,-12.350846290588379
85000,update,q1_mean_mean,-21.426999963760377
85000,update,q1_mean_min,-32.22673416137695
85000,update,q2_loss,0.38278472423553467
85000,update,q2_loss_max,3.3759899139404297
85000,update,q2_loss_mean,0.6507226171940566
85000,update,q2_loss_min,0.07723420858383179
85000,update,q2_mean,-22.410696029663086
85000,update,q2_mean_max,-12.363723754882812
85000,update,q2_mean_mean,-21.426705676078797
85000,update,q2_mean_min,-32.39916229248047
85000,update,q_grad_norm,152.46170043945312
85000,update,q_grad_norm_max,628.0331420898438
85000,update,q_grad_norm_mean,144.11898754119872
85000,update,q_grad_norm_min,43.46211242675781
85000,update,q_loss,1.070646047592163
85000,update,q_loss_cleanrl_logged,0.5353230237960815
85000,update,q_loss_cleanrl_logged_max,3.164792537689209
85000,update,q_loss_cleanrl_logged_mean,0.6430834090411663
85000,update,q_loss_cleanrl_logged_min,0.1442076563835144
85000,update,q_loss_max,6.329585075378418
85000,update,q_loss_mean,1.2861668180823327
85000,update,q_loss_min,0.2884153127670288
85000,update,q_param_norm,329.6637420654297
85000,update,q_param_norm_max,329.6637420654297
85000,update,q_param_norm_mean,328.96643022155763
85000,update,q_param_norm_min,328.1637420654297
85000,update,q_update_norm,0.034578002989292145
85000,update,q_update_norm_max,0.06482382863759995
85000,update,q_update_norm_mean,0.035420722590759394
85000,update,q_update_norm_min,0.018798021599650383
85000,update,q_update_norm_ratio,0.00014831036071837102
85000,update,q_update_norm_ratio_max,0.0002783692124016782
85000,update,q_update_norm_ratio_mean,0.0001522428141929345
85000,update,q_update_norm_ratio_min,8.083497341023445e-05
85000,update,target_q_mean,-22.38048553466797
85000,update,target_q_mean_max,-12.185651779174805
85000,update,target_q_mean_mean,-21.427178047180174
85000,update,target_q_mean_min,-32.32693099975586
85000,replay,action_abs_max,2.0
85000,replay,action_abs_mean,0.7435510754585266
85000,replay,action_saturation_fraction,0.07531764705882353
85000,replay,capacity,100000.0
85000,replay,done_fraction,0.0
85000,replay,fill_fraction,0.85
85000,replay,near_upright_any_transition_fraction,0.7852470588235294
85000,replay,near_upright_next_obs_fraction,0.7850823529411765
85000,replay,near_upright_obs_fraction,0.7809647058823529
85000,replay,reward_max,-1.0757337349787122e-06
85000,replay,reward_mean,-1.1804592609405518
85000,replay,reward_min,-16.252336502075195
85000,replay,reward_std,2.862379550933838
85000,replay,sample_count_max,818.0
85000,replay,sample_count_mean,240.94117647058823
85000,replay,size,85000.0
85000,replay,transition_age_max,84999.0
85000,replay,transition_age_mean,42499.5
85000,diagnostics,actor_layer0_activation_abs_max,3.687992811203003
85000,diagnostics,actor_layer0_activation_abs_mean,0.1245688945055008
85000,diagnostics,actor_layer0_dormant_fraction,0.046875
85000,diagnostics,actor_layer0_effective_rank_fraction,0.04700278118252754
85000,diagnostics,actor_layer1_activation_abs_max,7.823629856109619
85000,diagnostics,actor_layer1_activation_abs_mean,0.04027856886386871
85000,diagnostics,actor_layer1_dormant_fraction,0.421875
85000,diagnostics,actor_layer1_effective_rank_fraction,0.10579033195972443
85000,diagnostics,actor_param_norm,62.03245544433594
85000,diagnostics,alpha,0.005336464382708073
85000,diagnostics,q1_layer0_activation_abs_max,7.345037937164307
85000,diagnostics,q1_layer0_activation_abs_mean,0.37743520736694336
85000,diagnostics,q1_layer0_dormant_fraction,0.04296875
85000,diagnostics,q1_layer0_effective_rank_fraction,0.05114192143082619
85000,diagnostics,q1_layer1_activation_abs_max,49.33761978149414
85000,diagnostics,q1_layer1_activation_abs_mean,3.0601038932800293
85000,diagnostics,q1_layer1_dormant_fraction,0.41796875
85000,diagnostics,q1_layer1_effective_rank_fraction,0.060074228793382645
85000,diagnostics,q1_param_norm,167.9596710205078
85000,diagnostics,q2_layer0_activation_abs_max,6.939198970794678
85000,diagnostics,q2_layer0_activation_abs_mean,0.3413026034832001
85000,diagnostics,q2_layer0_dormant_fraction,0.04296875
85000,diagnostics,q2_layer0_effective_rank_fraction,0.04943116009235382
85000,diagnostics,q2_layer1_activation_abs_max,31.011465072631836
85000,diagnostics,q2_layer1_activation_abs_mean,3.067448377609253
85000,diagnostics,q2_layer1_dormant_fraction,0.4765625
85000,diagnostics,q2_layer1_effective_rank_fraction,0.05765289068222046
85000,diagnostics,q2_param_norm,161.70407104492188
85000,eval,best_return,-0.287605036553541
85000,eval,collapse_rate,0.0
85000,eval,failure_rate,0.6
85000,eval,fraction_return_ge_-100,0.2
85000,eval,fraction_return_ge_-150,0.4
85000,eval,fraction_return_ge_-200,0.4
85000,eval,fraction_return_ge_-250,0.8
85000,eval,max_not_near_upright_streak,69.0
85000,eval,mean_episode_length,200.0
85000,eval,mean_min_step_reward,-10.661617628851536
85000,eval,mean_return,-176.51685953305613
85000,eval,median_return,-226.18543899789427
85000,eval,near_upright_fraction,0.8320000000000001
85000,eval,num_collapses,0.0
85000,eval,num_eval_episodes,10.0
85000,eval,num_strict_successes,4.0
85000,eval,num_successes,4.0
85000,eval,return_failure_rate,0.6
85000,eval,return_p05,-292.06093216395664
85000,eval,return_p10,-288.1660011204448
85000,eval,return_p25,-243.16501634041964
85000,eval,return_p75,-120.2759556912421
85000,eval,return_p90,-0.30251219972286353
85000,eval,return_p95,-0.2950586181382023
85000,eval,return_reliability_nines_empirical,0.22184874961635637
85000,eval,return_reliability_nines_wilson95_low,0.07997081395541751
85000,eval,return_success_rate,0.4
85000,eval,stability_success_rate,0.6
85000,eval,std_return,104.16868061227578
85000,eval,streak_success_rate,0.9
85000,eval,strict_failure_rate,0.6
85000,eval,strict_reliability_nines_empirical,0.22184874961635637
85000,eval,strict_reliability_nines_wilson95_low,0.07997081395541751
85000,eval,strict_success_rate,0.4
85000,eval,strict_success_rate_wilson95_high,0.6873262302663417
85000,eval,strict_success_rate_wilson95_low,0.16818032970623614
85000,eval,success_rate,0.4
85000,eval,success_rate_wilson95_high,0.6873262302663417
85000,eval,success_rate_wilson95_low,0.16818032970623614
85000,eval,worst_episode_near_upright_fraction,0.655
85000,eval,worst_min_step_reward,-16.00208644221904
85000,eval,worst_return,-295.95586320746844
85200,train_episode,collapse,0.0
85200,train_episode,length,200.0
85200,train_episode,return,-307.17505814136763
85200,train_episode,success,0.0
85400,train_episode,collapse,0.0
85400,train_episode,length,200.0
85400,train_episode,return,-117.75358247322295
85400,train_episode,success,1.0
85600,train_episode,collapse,0.0
85600,train_episode,length,200.0
85600,train_episode,return,-257.63949049055174
85600,train_episode,success,0.0
85800,train_episode,collapse,0.0
85800,train_episode,length,200.0
85800,train_episode,return,-124.12970333629913
85800,train_episode,success,1.0
86000,train_episode,collapse,0.0
86000,train_episode,length,200.0
86000,train_episode,return,-126.56821326214607
86000,train_episode,success,1.0
86000,update,actor_grad_norm,0.839959442615509
86000,update,actor_grad_norm_max,6.531811714172363
86000,update,actor_grad_norm_mean,0.7665254698693752
86000,update,actor_grad_norm_min,0.12866608798503876
86000,update,actor_loss,25.097679138183594
86000,update,actor_loss_max,30.603164672851562
86000,update,actor_loss_mean,20.747370655059814
86000,update,actor_loss_min,11.879646301269531
86000,update,actor_param_norm,62.36231231689453
86000,update,actor_param_norm_max,62.36231231689453
86000,update,actor_param_norm_mean,62.20171886444092
86000,update,actor_param_norm_min,62.03245544433594
86000,update,actor_update_norm,0.015628449618816376
86000,update,actor_update_norm_max,0.05228394269943237
86000,update,actor_update_norm_mean,0.015713106364011766
86000,update,actor_update_norm_min,0.007838661782443523
86000,update,actor_update_norm_ratio,0.00025060959727344825
86000,update,actor_update_norm_ratio_max,0.0008413455931127374
86000,update,actor_update_norm_ratio_mean,0.0002526298941582182
86000,update,actor_update_norm_ratio_min,0.0001258475794438975
86000,update,alpha,0.005162796936929226
86000,update,alpha_loss,-0.0009087765356525779
86000,update,alpha_loss_max,0.002947096945717931
86000,update,alpha_loss_mean,4.786348617926706e-05
86000,update,alpha_loss_min,-0.0031209466978907585
86000,update,alpha_max,0.006077998783439398
86000,update,alpha_mean,0.005611730352044105
86000,update,alpha_min,0.005097402725368738
86000,update,num_optimizer_updates,1000.0
86000,update,policy_entropy_estimate,-1.1760822534561157
86000,update,policy_entropy_estimate_max,-0.5016142725944519
86000,update,policy_entropy_estimate_mean,-0.9917388925552368
86000,update,policy_entropy_estimate_min,-1.547785758972168
86000,update,policy_log_prob_mean,1.1760822534561157
86000,update,policy_log_prob_mean_max,1.547785758972168
86000,update,policy_log_prob_mean_mean,0.9917388925552368
86000,update,policy_log_prob_mean_min,0.5016142725944519
86000,update,q1_loss,0.5431142449378967
86000,update,q1_loss_max,9.173628807067871
86000,update,q1_loss_mean,0.6192313781380654
86000,update,q1_loss_min,0.10608470439910889
86000,update,q1_mean,-25.124406814575195
86000,update,q1_mean_max,-11.691407203674316
86000,update,q1_mean_mean,-21.12852926826477
86000,update,q1_mean_min,-32.049957275390625
86000,update,q2_loss,0.7715196013450623
86000,update,q2_loss_max,11.6932954788208
86000,update,q2_loss_mean,0.6729132922142744
86000,update,q2_loss_min,0.10440337657928467
86000,update,q2_mean,-25.163368225097656
86000,update,q2_mean_max,-11.473928451538086
86000,update,q2_mean_mean,-21.12838484764099
86000,update,q2_mean_min,-32.21900177001953
86000,update,q_grad_norm,186.59242248535156
86000,update,q_grad_norm_max,828.1978149414062
86000,update,q_grad_norm_mean,144.73970783996583
86000,update,q_grad_norm_min,41.780879974365234
86000,update,q_loss,1.314633846282959
86000,update,q_loss_cleanrl_logged,0.6573169231414795
86000,update,q_loss_cleanrl_logged_max,9.152079582214355
86000,update,q_loss_cleanrl_logged_mean,0.6460723351389169
86000,update,q_loss_cleanrl_logged_min,0.1452426016330719
86000,update,q_loss_max,18.30415916442871
86000,update,q_loss_mean,1.2921446702778339
86000,update,q_loss_min,0.2904852032661438
86000,update,q_param_norm,330.96270751953125
86000,update,q_param_norm_max,330.96270751953125
86000,update,q_param_norm_mean,330.295478805542
86000,update,q_param_norm_min,329.6657257080078
86000,update,q_update_norm,0.025518452748656273
86000,update,q_update_norm_max,0.0915832370519638
86000,update,q_update_norm_mean,0.03454028846882284
86000,update,q_update_norm_min,0.016994532197713852
86000,update,q_update_norm_ratio,0.00010902320166553631
86000,update,q_update_norm_ratio_max,0.00039200376351350246
86000,update,q_update_norm_ratio_mean,0.00014786242624924777
86000,update,q_update_norm_ratio_min,7.2619789468791e-05
86000,update,target_q_mean,-25.333974838256836
86000,update,target_q_mean_max,-11.893423080444336
86000,update,target_q_mean_mean,-21.128870289802553
86000,update,target_q_mean_min,-32.07500457763672
86200,train_episode,collapse,0.0
86200,train_episode,length,200.0
86200,train_episode,return,-117.12115757511685
86200,train_episode,success,1.0
86400,train_episode,collapse,0.0
86400,train_episode,length,200.0
86400,train_episode,return,-0.5478051369806967
86400,train_episode,success,1.0
86600,train_episode,collapse,0.0
86600,train_episode,length,200.0
86600,train_episode,return,-216.9746582459267
86600,train_episode,success,0.0
86800,train_episode,collapse,0.0
86800,train_episode,length,200.0
86800,train_episode,return,-131.75306491457866
86800,train_episode,success,1.0
87000,train_episode,collapse,0.0
87000,train_episode,length,200.0
87000,train_episode,return,-0.8827050590868388
87000,train_episode,success,1.0
87000,update,actor_grad_norm,1.343414545059204
87000,update,actor_grad_norm_max,3.2809600830078125
87000,update,actor_grad_norm_mean,0.7455266890823841
87000,update,actor_grad_norm_min,0.16964004933834076
87000,update,actor_loss,17.427099227905273
87000,update,actor_loss_max,31.40896987915039
87000,update,actor_loss_mean,21.009312454223632
87000,update,actor_loss_min,12.180407524108887
87000,update,actor_param_norm,62.708866119384766
87000,update,actor_param_norm_max,62.708866119384766
87000,update,actor_param_norm_mean,62.54811353683472
87000,update,actor_param_norm_min,62.36231231689453
87000,update,actor_update_norm,0.018514376133680344
87000,update,actor_update_norm_max,0.03706069663167
87000,update,actor_update_norm_mean,0.01590367687307298
87000,update,actor_update_norm_min,0.008737495169043541
87000,update,actor_update_norm_ratio,0.0002952437519165865
87000,update,actor_update_norm_ratio_max,0.000593269011761673
87000,update,actor_update_norm_ratio_mean,0.0002542750544688184
87000,update,actor_update_norm_ratio_min,0.00013935564154135004
87000,update,alpha,0.0036006246227771044
87000,update,alpha_loss,0.0006063751643523574
87000,update,alpha_loss_max,0.0028157257474958897
87000,update,alpha_loss_mean,0.000359905034500116
87000,update,alpha_loss_min,-0.0026226576883345842
87000,update,alpha_max,0.005641888361424208
87000,update,alpha_mean,0.004947094092378393
87000,update,alpha_min,0.0036006246227771044
87000,update,num_optimizer_updates,1000.0
87000,update,policy_entropy_estimate,-0.8317042589187622
87000,update,policy_entropy_estimate_max,-0.4229432940483093
87000,update,policy_entropy_estimate_mean,-0.9166416294574737
87000,update,policy_entropy_estimate_min,-1.4784977436065674
87000,update,policy_log_prob_mean,0.8317042589187622
87000,update,policy_log_prob_mean_max,1.4784977436065674
87000,update,policy_log_prob_mean_mean,0.9166416294574737
87000,update,policy_log_prob_mean_min,0.4229432940483093
87000,update,q1_loss,1.8883745670318604
87000,update,q1_loss_max,3.311689853668213
87000,update,q1_loss_mean,0.5459133069962263
87000,update,q1_loss_min,0.08985882997512817
87000,update,q1_mean,-17.70721435546875
87000,update,q1_mean_max,-11.958844184875488
87000,update,q1_mean_mean,-21.290731568336486
87000,update,q1_mean_min,-31.587589263916016
87000,update,q2_loss,0.3329514265060425
87000,update,q2_loss_max,2.6883668899536133
87000,update,q2_loss_mean,0.6027459364309907
87000,update,q2_loss_min,0.1196921095252037
87000,update,q2_mean,-17.426437377929688
87000,update,q2_mean_max,-11.877411842346191
87000,update,q2_mean_mean,-21.290419494628907
87000,update,q2_mean_min,-31.904281616210938
87000,update,q_grad_norm,223.6329803466797
87000,update,q_grad_norm_max,538.3274536132812
87000,update,q_grad_norm_mean,135.55813598251342
87000,update,q_grad_norm_min,35.75128173828125
87000,update,q_loss,2.2213258743286133
87000,update,q_loss_cleanrl_logged,1.1106629371643066
87000,update,q_loss_cleanrl_logged_max,2.827737331390381
87000,update,q_loss_cleanrl_logged_mean,0.5743296219855547
87000,update,q_loss_cleanrl_logged_min,0.1598893404006958
87000,update,q_loss_max,5.655474662780762
87000,update,q_loss_mean,1.1486592439711094
87000,update,q_loss_min,0.3197786808013916
87000,update,q_param_norm,332.5155792236328
87000,update,q_param_norm_max,332.52349853515625
87000,update,q_param_norm_mean,331.74334562683106
87000,update,q_param_norm_min,330.9657897949219
87000,update,q_update_norm,0.03850233927369118
87000,update,q_update_norm_max,0.07602271437644958
87000,update,q_update_norm_mean,0.033692209353670476
87000,update,q_update_norm_min,0.01767643541097641
87000,update,q_update_norm_ratio,0.00016372642657728724
87000,update,q_update_norm_ratio_max,0.0003233103179930304
87000,update,q_update_norm_ratio_mean,0.00014359275558184525
87000,update,q_update_norm_ratio_min,7.535908217633386e-05
87000,update,target_q_mean,-17.490589141845703
87000,update,target_q_mean_max,-12.029102325439453
87000,update,target_q_mean_mean,-21.290791981697083
87000,update,target_q_mean_min,-32.010074615478516
87200,train_episode,collapse,0.0
87200,train_episode,length,200.0
87200,train_episode,return,-115.6110736404826
87200,train_episode,success,1.0
87400,train_episode,collapse,0.0
87400,train_episode,length,200.0
87400,train_episode,return,-114.28968861546804
87400,train_episode,success,1.0
87600,train_episode,collapse,0.0
87600,train_episode,length,200.0
87600,train_episode,return,-123.02545891101936
87600,train_episode,success,1.0
87800,train_episode,collapse,0.0
87800,train_episode,length,200.0
87800,train_episode,return,-217.12301772557745
87800,train_episode,success,0.0
88000,train_episode,collapse,0.0
88000,train_episode,length,200.0
88000,train_episode,return,-0.7951988943423216
88000,train_episode,success,1.0
88000,update,actor_grad_norm,0.732103705406189
88000,update,actor_grad_norm_max,4.875323295593262
88000,update,actor_grad_norm_mean,0.7445046720206737
88000,update,actor_grad_norm_min,0.13383574783802032
88000,update,actor_loss,19.172393798828125
88000,update,actor_loss_max,29.130088806152344
88000,update,actor_loss_mean,20.98889775466919
88000,update,actor_loss_min,12.548194885253906
88000,update,actor_param_norm,63.04635238647461
88000,update,actor_param_norm_max,63.04635238647461
88000,update,actor_param_norm_mean,62.868777282714845
88000,update,actor_param_norm_min,62.686866760253906
88000,update,actor_update_norm,0.01666969060897827
88000,update,actor_update_norm_max,0.03789340332150459
88000,update,actor_update_norm_mean,0.01698207014426589
88000,update,actor_update_norm_min,0.008317464031279087
88000,update,actor_update_norm_ratio,0.00026440678368626623
88000,update,actor_update_norm_ratio_max,0.000604459602444125
88000,update,actor_update_norm_ratio_mean,0.00027013221727083036
88000,update,actor_update_norm_ratio_min,0.0001323367748164005
88000,update,alpha,0.004909715615212917
88000,update,alpha_loss,-0.0010434513678774238
88000,update,alpha_loss_max,0.0016689944313839078
88000,update,alpha_loss_mean,-0.000289422572881449
88000,update,alpha_loss_min,-0.002907319227233529
88000,update,alpha_max,0.004909715615212917
88000,update,alpha_mean,0.003908238705946133
88000,update,alpha_min,0.003561045741662383
88000,update,num_optimizer_updates,1000.0
88000,update,policy_entropy_estimate,-1.2127375602722168
88000,update,policy_entropy_estimate_max,-0.566081166267395
88000,update,policy_entropy_estimate_mean,-1.0697658128738403
88000,update,policy_entropy_estimate_min,-1.7192676067352295
88000,update,policy_log_prob_mean,1.2127375602722168
88000,update,policy_log_prob_mean_max,1.7192676067352295
88000,update,policy_log_prob_mean_mean,1.0697658128738403
88000,update,policy_log_prob_mean_min,0.566081166267395
88000,update,q1_loss,0.35105186700820923
88000,update,q1_loss_max,9.787007331848145
88000,update,q1_loss_mean,0.7202467897459864
88000,update,q1_loss_min,0.10616765916347504
88000,update,q1_mean,-19.149019241333008
88000,update,q1_mean_max,-12.595741271972656
88000,update,q1_mean_mean,-21.050061985969542
88000,update,q1_mean_min,-32.36339569091797
88000,update,q2_loss,0.42289507389068604
88000,update,q2_loss_max,8.380413055419922
88000,update,q2_loss_mean,0.699046503201127
88000,update,q2_loss_min,0.09246291220188141
88000,update,q2_mean,-19.17306900024414
88000,update,q2_mean_max,-12.634198188781738
88000,update,q2_mean_mean,-21.049821014404298
88000,update,q2_mean_min,-32.16196823120117
88000,update,q_grad_norm,105.51721954345703
88000,update,q_grad_norm_max,1180.14794921875
88000,update,q_grad_norm_mean,145.53984701538087
88000,update,q_grad_norm_min,29.344539642333984
88000,update,q_loss,0.7739469408988953
88000,update,q_loss_cleanrl_logged,0.38697347044944763
88000,update,q_loss_cleanrl_logged_max,9.083709716796875
88000,update,q_loss_cleanrl_logged_mean,0.7096466465443373
88000,update,q_loss_cleanrl_logged_min,0.16425520181655884
88000,update,q_loss_max,18.16741943359375
88000,update,q_loss_mean,1.4192932930886746
88000,update,q_loss_min,0.3285104036331177
88000,update,q_param_norm,333.58921813964844
88000,update,q_param_norm_max,333.58921813964844
88000,update,q_param_norm_mean,333.02487609863283
88000,update,q_param_norm_min,332.51783752441406
88000,update,q_update_norm,0.029731227084994316
88000,update,q_update_norm_max,0.08737026154994965
88000,update,q_update_norm_mean,0.035073210941627624
88000,update,q_update_norm_min,0.0157319325953722
88000,update,q_update_norm_ratio,0.0001260213306898153
88000,update,q_update_norm_ratio_max,0.0003714123757220325
88000,update,q_update_norm_ratio_mean,0.0001489238030906277
88000,update,q_update_norm_ratio_min,6.680775898241956e-05
88000,update,target_q_mean,-19.226398468017578
88000,update,target_q_mean_max,-12.764334678649902
88000,update,target_q_mean_mean,-21.05030757713318
88000,update,target_q_mean_min,-32.230796813964844
88200,train_episode,collapse,0.0
88200,train_episode,length,200.0
88200,train_episode,return,-117.6454425535861
88200,train_episode,success,1.0
88400,train_episode,collapse,0.0
88400,train_episode,length,200.0
88400,train_episode,return,-119.69390571633873
88400,train_episode,success,1.0
88600,train_episode,collapse,0.0
88600,train_episode,length,200.0
88600,train_episode,return,-128.7563587315269
88600,train_episode,success,1.0
88800,train_episode,collapse,0.0
88800,train_episode,length,200.0
88800,train_episode,return,-0.802959842798277
88800,train_episode,success,1.0
89000,train_episode,collapse,0.0
89000,train_episode,length,200.0
89000,train_episode,return,-126.82532752972512
89000,train_episode,success,1.0
89000,update,actor_grad_norm,0.2583026885986328
89000,update,actor_grad_norm_max,5.890063285827637
89000,update,actor_grad_norm_mean,0.8329713027477265
89000,update,actor_grad_norm_min,0.14119824767112732
89000,update,actor_loss,20.85811424255371
89000,update,actor_loss_max,33.13649368286133
89000,update,actor_loss_mean,20.71767649269104
89000,update,actor_loss_min,12.864965438842773
89000,update,actor_param_norm,63.40060043334961
89000,update,actor_param_norm_max,63.40060043334961
89000,update,actor_param_norm_mean,63.241712493896486
89000,update,actor_param_norm_min,63.04635238647461
89000,update,actor_update_norm,0.011601438745856285
89000,update,actor_update_norm_max,0.053307149559259415
89000,update,actor_update_norm_mean,0.016713073089718818
89000,update,actor_update_norm_min,0.008625426329672337
89000,update,actor_update_norm_ratio,0.00018298701954436812
89000,update,actor_update_norm_ratio_max,0.0008430781552401055
89000,update,actor_update_norm_ratio_mean,0.0002642907408988921
89000,update,actor_update_norm_ratio_min,0.00013622925565037026
89000,update,alpha,0.006240008864551783
89000,update,alpha_loss,0.0007986337295733392
89000,update,alpha_loss_max,0.004069715738296509
89000,update,alpha_loss_mean,-0.00018748472398146988
89000,update,alpha_loss_min,-0.004860401153564453
89000,update,alpha_max,0.007787149399518967
89000,update,alpha_mean,0.006612191126216203
89000,update,alpha_min,0.004909715615212917
89000,update,num_optimizer_updates,1000.0
89000,update,policy_entropy_estimate,-0.8720374703407288
89000,update,policy_entropy_estimate_max,-0.44769710302352905
89000,update,policy_entropy_estimate_mean,-1.0363797866106033
89000,update,policy_entropy_estimate_min,-1.6801519393920898
89000,update,policy_log_prob_mean,0.8720374703407288
89000,update,policy_log_prob_mean_max,1.6801519393920898
89000,update,policy_log_prob_mean_mean,1.0363797866106033
89000,update,policy_log_prob_mean_min,0.44769710302352905
89000,update,q1_loss,0.5204870104789734
89000,update,q1_loss_max,3.465205669403076
89000,update,q1_loss_mean,0.6222402118816972
89000,update,q1_loss_min,0.08343053609132767
89000,update,q1_mean,-21.08151626586914
89000,update,q1_mean_max,-11.97770881652832
89000,update,q1_mean_mean,-20.791564423561095
89000,update,q1_mean_min,-33.31450653076172
89000,update,q2_loss,0.6651641130447388
89000,update,q2_loss_max,4.3415679931640625
89000,update,q2_loss_mean,0.6451586127653718
89000,update,q2_loss_min,0.11018513143062592
89000,update,q2_mean,-20.999427795410156
89000,update,q2_mean_max,-11.911014556884766
89000,update,q2_mean_mean,-20.791327850341798
89000,update,q2_mean_min,-33.652530670166016
89000,update,q_grad_norm,129.39244079589844
89000,update,q_grad_norm_max,784.726318359375
89000,update,q_grad_norm_mean,145.11578828048707
89000,update,q_grad_norm_min,41.447566986083984
89000,update,q_loss,1.1856510639190674
89000,update,q_loss_cleanrl_logged,0.5928255319595337
89000,update,q_loss_cleanrl_logged_max,3.870651960372925
89000,update,q_loss_cleanrl_logged_mean,0.6336994127333164
89000,update,q_loss_cleanrl_logged_min,0.13151726126670837
89000,update,q_loss_max,7.74130392074585
89000,update,q_loss_mean,1.2673988254666329
89000,update,q_loss_min,0.26303452253341675
89000,update,q_param_norm,334.9304962158203
89000,update,q_param_norm_max,334.9304962158203
89000,update,q_param_norm_mean,334.24322868347167
89000,update,q_param_norm_min,333.5895690917969
89000,update,q_update_norm,0.03386687859892845
89000,update,q_update_norm_max,0.09419262409210205
89000,update,q_update_norm_mean,0.034347960758954285
89000,update,q_update_norm_min,0.018794609233736992
89000,update,q_update_norm_ratio,0.00014297531540792064
89000,update,q_update_norm_ratio_max,0.00039895736167174363
89000,update,q_update_norm_ratio_mean,0.0001453098599689635
89000,update,q_update_norm_ratio_min,7.940658559502857e-05
89000,update,target_q_mean,-20.978450775146484
89000,update,target_q_mean_max,-11.942761421203613
89000,update,target_q_mean_mean,-20.791444854736326
89000,update,target_q_mean_min,-33.42882537841797
89200,train_episode,collapse,0.0
89200,train_episode,length,200.0
89200,train_episode,return,-0.6111787414903234
89200,train_episode,success,1.0
89400,train_episode,collapse,0.0
89400,train_episode,length,200.0
89400,train_episode,return,-129.54892901625354
89400,train_episode,success,1.0
89600,train_episode,collapse,0.0
89600,train_episode,length,200.0
89600,train_episode,return,-1.768486646652205
89600,train_episode,success,1.0
89800,train_episode,collapse,0.0
89800,train_episode,length,200.0
89800,train_episode,return,-117.16822714736502
89800,train_episode,success,1.0
90000,train_episode,collapse,0.0
90000,train_episode,length,200.0
90000,train_episode,return,-128.0606043578073
90000,train_episode,success,1.0
90000,update,actor_grad_norm,0.6068260073661804
90000,update,actor_grad_norm_max,8.945755004882812
90000,update,actor_grad_norm_mean,0.7288938767015934
90000,update,actor_grad_norm_min,0.14094306528568268
90000,update,actor_loss,25.67462158203125
90000,update,actor_loss_max,31.877792358398438
90000,update,actor_loss_mean,20.651475595474242
90000,update,actor_loss_min,11.946027755737305
90000,update,actor_param_norm,63.670623779296875
90000,update,actor_param_norm_max,63.670623779296875
90000,update,actor_param_norm_mean,63.53113431930542
90000,update,actor_param_norm_min,63.40060043334961
90000,update,actor_update_norm,0.019856790080666542
90000,update,actor_update_norm_max,0.044702865183353424
90000,update,actor_update_norm_mean,0.015400960427708924
90000,update,actor_update_norm_min,0.007629029918462038
90000,update,actor_update_norm_ratio,0.0003118684926117585
90000,update,actor_update_norm_ratio_max,0.0007028352919705906
90000,update,actor_update_norm_ratio_mean,0.00024239694233038167
90000,update,actor_update_norm_ratio_min,0.0001202600711616044
90000,update,alpha,0.006658256985247135
90000,update,alpha_loss,-8.678258745931089e-05
90000,update,alpha_loss_max,0.0025872800033539534
90000,update,alpha_loss_mean,-5.835677357390523e-05
90000,update,alpha_loss_min,-0.002605702728033066
90000,update,alpha_max,0.0069050779566168785
90000,update,alpha_mean,0.00634871376818046
90000,update,alpha_min,0.005919534247368574
90000,update,num_optimizer_updates,1000.0
90000,update,policy_entropy_estimate,-1.0130274295806885
90000,update,policy_entropy_estimate_max,-0.6249122619628906
90000,update,policy_entropy_estimate_mean,-1.0092494647502899
90000,update,policy_entropy_estimate_min,-1.4153451919555664
90000,update,policy_log_prob_mean,1.0130274295806885
90000,update,policy_log_prob_mean_max,1.4153451919555664
90000,update,policy_log_prob_mean_mean,1.0092494647502899
90000,update,policy_log_prob_mean_min,0.6249122619628906
90000,update,q1_loss,0.9517704844474792
90000,update,q1_loss_max,4.713335990905762
90000,update,q1_loss_mean,0.5841626138165593
90000,update,q1_loss_min,0.11946621537208557
90000,update,q1_mean,-25.719234466552734
90000,update,q1_mean_max,-12.062363624572754
90000,update,q1_mean_mean,-20.76859238910675
90000,update,q1_mean_min,-31.83285140991211
90000,update,q2_loss,0.3454588055610657
90000,update,q2_loss_max,5.4081645011901855
90000,update,q2_loss_mean,0.5931495808809996
90000,update,q2_loss_min,0.13074424862861633
90000,update,q2_mean,-25.97370719909668
90000,update,q2_mean_max,-11.685090065002441
90000,update,q2_mean_mean,-20.768623827934267
90000,update,q2_mean_min,-31.931236267089844
90000,update,q_grad_norm,104.78605651855469
90000,update,q_grad_norm_max,607.0901489257812
90000,update,q_grad_norm_mean,135.869107503891
90000,update,q_grad_norm_min,30.063962936401367
90000,update,q_loss,1.297229290008545
90000,update,q_loss_cleanrl_logged,0.6486146450042725
90000,update,q_loss_cleanrl_logged_max,4.436120510101318
90000,update,q_loss_cleanrl_logged_mean,0.5886560981273651
90000,update,q_loss_cleanrl_logged_min,0.13943740725517273
90000,update,q_loss_max,8.872241020202637
90000,update,q_loss_mean,1.1773121962547302
90000,update,q_loss_min,0.27887481451034546
90000,update,q_param_norm,336.2265930175781
90000,update,q_param_norm_max,336.2265930175781
90000,update,q_param_norm_mean,335.5751663513184
90000,update,q_param_norm_min,334.9301300048828
90000,update,q_update_norm,0.024903152137994766
90000,update,q_update_norm_max,0.07366425544023514
90000,update,q_update_norm_mean,0.0333560735732317
90000,update,q_update_norm_min,0.017631743103265762
90000,update,q_update_norm_ratio,0.00010472894075028182
90000,update,q_update_norm_ratio_max,0.0003106744274147915
90000,update,q_update_norm_ratio_mean,0.0001405482783140382
90000,update,q_update_norm_ratio_min,7.441335810371834e-05
90000,update,target_q_mean,-26.04521942138672
90000,update,target_q_mean_max,-11.665849685668945
90000,update,target_q_mean_mean,-20.769065306663514
90000,update,target_q_mean_min,-31.893999099731445
90000,replay,action_abs_max,2.0
90000,replay,action_abs_mean,0.7314091920852661
90000,replay,action_saturation_fraction,0.07456666666666667
90000,replay,capacity,100000.0
90000,replay,done_fraction,0.0
90000,replay,fill_fraction,0.9
90000,replay,near_upright_any_transition_fraction,0.7896444444444445
90000,replay,near_upright_next_obs_fraction,0.7894777777777777
90000,replay,near_upright_obs_fraction,0.7853888888888889
90000,replay,reward_max,-1.0757337349787122e-06
90000,replay,reward_mean,-1.1464589834213257
90000,replay,reward_min,-16.252336502075195
90000,replay,reward_std,2.8282663822174072
90000,replay,sample_count_max,833.0
90000,replay,sample_count_mean,241.77777777777777
90000,replay,size,90000.0
90000,replay,transition_age_max,89999.0
90000,replay,transition_age_mean,44999.5
90000,diagnostics,actor_layer0_activation_abs_max,3.732966423034668
90000,diagnostics,actor_layer0_activation_abs_mean,0.11720695346593857
90000,diagnostics,actor_layer0_dormant_fraction,0.05859375
90000,diagnostics,actor_layer0_effective_rank_fraction,0.054727088660001755
90000,diagnostics,actor_layer1_activation_abs_max,7.502816677093506
90000,diagnostics,actor_layer1_activation_abs_mean,0.0439288355410099
90000,diagnostics,actor_layer1_dormant_fraction,0.453125
90000,diagnostics,actor_layer1_effective_rank_fraction,0.12132750451564789
90000,diagnostics,actor_param_norm,63.670623779296875
90000,diagnostics,alpha,0.006658256985247135
90000,diagnostics,q1_layer0_activation_abs_max,6.956299304962158
90000,diagnostics,q1_layer0_activation_abs_mean,0.3689623177051544
90000,diagnostics,q1_layer0_dormant_fraction,0.046875
90000,diagnostics,q1_layer0_effective_rank_fraction,0.05857864022254944
90000,diagnostics,q1_layer1_activation_abs_max,51.97092819213867
90000,diagnostics,q1_layer1_activation_abs_mean,3.1026077270507812
90000,diagnostics,q1_layer1_dormant_fraction,0.41796875
90000,diagnostics,q1_layer1_effective_rank_fraction,0.06301086395978928
90000,diagnostics,q1_param_norm,171.23927307128906
90000,diagnostics,q2_layer0_activation_abs_max,6.80952787399292
90000,diagnostics,q2_layer0_activation_abs_mean,0.3316906690597534
90000,diagnostics,q2_layer0_dormant_fraction,0.046875
90000,diagnostics,q2_layer0_effective_rank_fraction,0.056805502623319626
90000,diagnostics,q2_layer1_activation_abs_max,26.839126586914062
90000,diagnostics,q2_layer1_activation_abs_mean,3.127871513366699
90000,diagnostics,q2_layer1_dormant_fraction,0.46875
90000,diagnostics,q2_layer1_effective_rank_fraction,0.057538628578186035
90000,diagnostics,q2_param_norm,164.98731994628906
90000,eval,best_return,-0.6256372675278528
90000,eval,collapse_rate,0.0
90000,eval,failure_rate,0.6
90000,eval,fraction_return_ge_-100,0.2
90000,eval,fraction_return_ge_-150,0.4
90000,eval,fraction_return_ge_-200,0.4
90000,eval,fraction_return_ge_-250,0.8
90000,eval,max_not_near_upright_streak,69.0
90000,eval,mean_episode_length,200.0
90000,eval,mean_min_step_reward,-10.590383403212076
90000,eval,mean_return,-177.04378497691363
90000,eval,median_return,-225.59239506014552
90000,eval,near_upright_fraction,0.8295000000000001
90000,eval,num_collapses,0.0
90000,eval,num_eval_episodes,10.0
90000,eval,num_strict_successes,4.0
90000,eval,num_successes,4.0
90000,eval,return_failure_rate,0.6
90000,eval,return_p05,-294.7953638047094
90000,eval,return_p10,-290.2035538249183
90000,eval,return_p25,-242.93603017580335
90000,eval,return_p75,-120.5255220605246
90000,eval,return_p90,-0.6531726494114477
90000,eval,return_p95,-0.6394049584696503
90000,eval,return_reliability_nines_empirical,0.22184874961635637
90000,eval,return_reliability_nines_wilson95_low,0.07997081395541751
90000,eval,return_success_rate,0.4
90000,eval,stability_success_rate,0.5
90000,eval,std_return,104.52995906268893
90000,eval,streak_success_rate,0.9
90000,eval,strict_failure_rate,0.6
90000,eval,strict_reliability_nines_empirical,0.22184874961635637
90000,eval,strict_reliability_nines_wilson95_low,0.07997081395541751
90000,eval,strict_success_rate,0.4
90000,eval,strict_success_rate_wilson95_high,0.6873262302663417
90000,eval,strict_success_rate_wilson95_low,0.16818032970623614
90000,eval,success_rate,0.4
90000,eval,success_rate_wilson95_high,0.6873262302663417
90000,eval,success_rate_wilson95_low,0.16818032970623614
90000,eval,worst_episode_near_upright_fraction,0.655
90000,eval,worst_min_step_reward,-15.069510721655648
90000,eval,worst_return,-299.3871737845004
90200,train_episode,collapse,0.0
90200,train_episode,length,200.0
90200,train_episode,return,-228.98052666369762
90200,train_episode,success,0.0
90400,train_episode,collapse,0.0
90400,train_episode,length,200.0
90400,train_episode,return,-231.18819813854165
90400,train_episode,success,0.0
90600,train_episode,collapse,0.0
90600,train_episode,length,200.0
90600,train_episode,return,-116.04356849765809
90600,train_episode,success,1.0
90800,train_episode,collapse,0.0
90800,train_episode,length,200.0
90800,train_episode,return,-1.0806816279782423
90800,train_episode,success,1.0
91000,train_episode,collapse,0.0
91000,train_episode,length,200.0
91000,train_episode,return,-124.83885331991159
91000,train_episode,success,1.0
91000,update,actor_grad_norm,0.619717538356781
91000,update,actor_grad_norm_max,19.544404983520508
91000,update,actor_grad_norm_mean,0.7775831499099731
91000,update,actor_grad_norm_min,0.13751401007175446
91000,update,actor_loss,19.447111129760742
91000,update,actor_loss_max,31.411712646484375
91000,update,actor_loss_mean,20.48050835609436
91000,update,actor_loss_min,12.060691833496094
91000,update,actor_param_norm,64.02983856201172
91000,update,actor_param_norm_max,64.02983856201172
91000,update,actor_param_norm_mean,63.871602859497074
91000,update,actor_param_norm_min,63.67029571533203
91000,update,actor_update_norm,0.014737392775714397
91000,update,actor_update_norm_max,0.04013568162918091
91000,update,actor_update_norm_mean,0.016150066616013647
91000,update,actor_update_norm_min,0.008343297988176346
91000,update,actor_update_norm_ratio,0.00023016634545316772
91000,update,actor_update_norm_ratio_max,0.000629959971755969
91000,update,actor_update_norm_ratio_mean,0.00025286088630553606
91000,update,actor_update_norm_ratio_min,0.00013057679448385867
91000,update,alpha,0.005277037154883146
91000,update,alpha_loss,0.0008249346283264458
91000,update,alpha_loss_max,0.00379003188572824
91000,update,alpha_loss_mean,0.00029233904233115027
91000,update,alpha_loss_min,-0.004538111388683319
91000,update,alpha_max,0.007278461009263992
91000,update,alpha_mean,0.006372963257599622
91000,update,alpha_min,0.005241233855485916
91000,update,num_optimizer_updates,1000.0
91000,update,policy_entropy_estimate,-0.8437308669090271
91000,update,policy_entropy_estimate_max,-0.42492493987083435
91000,update,policy_entropy_estimate_mean,-0.9514955540299416
91000,update,policy_entropy_estimate_min,-1.6402912139892578
91000,update,policy_log_prob_mean,0.8437308669090271
91000,update,policy_log_prob_mean_max,1.6402912139892578
91000,update,policy_log_prob_mean_mean,0.9514955540299416
91000,update,policy_log_prob_mean_min,0.42492493987083435
91000,update,q1_loss,0.25774645805358887
91000,update,q1_loss_max,4.621572494506836
91000,update,q1_loss_mean,0.6481468435525894
91000,update,q1_loss_min,0.1230834573507309
91000,update,q1_mean,-19.4222354888916
91000,update,q1_mean_max,-12.079570770263672
91000,update,q1_mean_mean,-20.599138621330262
91000,update,q1_mean_min,-32.87855911254883
91000,update,q2_loss,0.23956440389156342
91000,update,q2_loss_max,5.931282043457031
91000,update,q2_loss_mean,0.7114859958291053
91000,update,q2_loss_min,0.08415452390909195
91000,update,q2_mean,-19.537864685058594
91000,update,q2_mean_max,-12.093031883239746
91000,update,q2_mean_mean,-20.599170921325683
91000,update,q2_mean_min,-33.12847900390625
91000,update,q_grad_norm,84.77019500732422
91000,update,q_grad_norm_max,890.0177001953125
91000,update,q_grad_norm_mean,150.02776579284668
91000,update,q_grad_norm_min,28.024131774902344
91000,update,q_loss,0.4973108768463135
91000,update,q_loss_cleanrl_logged,0.24865543842315674
91000,update,q_loss_cleanrl_logged_max,4.162380218505859
91000,update,q_loss_cleanrl_logged_mean,0.6798164199143648
91000,update,q_loss_cleanrl_logged_min,0.15923351049423218
91000,update,q_loss_max,8.324760437011719
91000,update,q_loss_mean,1.3596328398287296
91000,update,q_loss_min,0.31846702098846436
91000,update,q_param_norm,337.4972839355469
91000,update,q_param_norm_max,337.49737548828125
91000,update,q_param_norm_mean,336.8883054046631
91000,update,q_param_norm_min,336.23219299316406
91000,update,q_update_norm,0.03482648730278015
91000,update,q_update_norm_max,0.09571165591478348
91000,update,q_update_norm_mean,0.03695484976842999
91000,update,q_update_norm_min,0.01917855814099312
91000,update,q_update_norm_ratio,0.00014590859826012212
91000,update,q_update_norm_ratio_max,0.00040160964281960737
91000,update,q_update_norm_ratio_mean,0.00015509474341274953
91000,update,q_update_norm_ratio_min,8.03503610358686e-05
91000,update,target_q_mean,-19.531654357910156
91000,update,target_q_mean_max,-12.035820960998535
91000,update,target_q_mean_mean,-20.599507599830627
91000,update,target_q_mean_min,-33.022796630859375
91200,train_episode,collapse,0.0
91200,train_episode,length,200.0
91200,train_episode,return,-233.31377746402225
91200,train_episode,success,0.0
91400,train_episode,collapse,0.0
91400,train_episode,length,200.0
91400,train_episode,return,-228.9725816453796
91400,train_episode,success,0.0
91600,train_episode,collapse,0.0
91600,train_episode,length,200.0
91600,train_episode,return,-131.80889849134815
91600,train_episode,success,1.0
91800,train_episode,collapse,0.0
91800,train_episode,length,200.0
91800,train_episode,return,-123.01306997414898
91800,train_episode,success,1.0
92000,train_episode,collapse,0.0
92000,train_episode,length,200.0
92000,train_episode,return,-4.183109986102344
92000,train_episode,success,1.0
92000,update,actor_grad_norm,0.6238115429878235
92000,update,actor_grad_norm_max,5.257150173187256
92000,update,actor_grad_norm_mean,0.6265620360076427
92000,update,actor_grad_norm_min,0.1196880042552948
92000,update,actor_loss,16.898311614990234
92000,update,actor_loss_max,31.74235725402832
92000,update,actor_loss_mean,20.328641664505003
92000,update,actor_loss_min,12.142107009887695
92000,update,actor_param_norm,64.31314849853516
92000,update,actor_param_norm_max,64.31952667236328
92000,update,actor_param_norm_mean,64.15544842529297
92000,update,actor_param_norm_min,64.02983856201172
92000,update,actor_update_norm,0.011129125021398067
92000,update,actor_update_norm_max,0.040466248989105225
92000,update,actor_update_norm_mean,0.014623007024638354
92000,update,actor_update_norm_min,0.007381565403193235
92000,update,actor_update_norm_ratio,0.0001730458539347745
92000,update,actor_update_norm_ratio_max,0.0006307029336647937
92000,update,actor_update_norm_ratio_mean,0.0002279126896871026
92000,update,actor_update_norm_ratio_min,0.00011519979536190856
92000,update,alpha,0.006149427033960819
92000,update,alpha_loss,0.00046629842836409807
92000,update,alpha_loss_max,0.002369188005104661
92000,update,alpha_loss_mean,-0.0001599925322952913
92000,update,alpha_loss_min,-0.003320695599541068
92000,update,alpha_max,0.006149427033960819
92000,update,alpha_mean,0.005236579328309745
92000,update,alpha_min,0.004720265511423349
92000,update,num_optimizer_updates,1000.0
92000,update,policy_entropy_estimate,-0.924166738986969
92000,update,policy_entropy_estimate_max,-0.5399543046951294
92000,update,policy_entropy_estimate_mean,-1.0282635021209716
92000,update,policy_entropy_estimate_min,-1.585364818572998
92000,update,policy_log_prob_mean,0.924166738986969
92000,update,policy_log_prob_mean_max,1.585364818572998
92000,update,policy_log_prob_mean_mean,1.0282635021209716
92000,update,policy_log_prob_mean_min,0.5399543046951294
92000,update,q1_loss,0.25618740916252136
92000,update,q1_loss_max,7.132757663726807
92000,update,q1_loss_mean,0.5774326793700456
92000,update,q1_loss_min,0.09392663091421127
92000,update,q1_mean,-16.4523983001709
92000,update,q1_mean_max,-12.3263521194458
92000,update,q1_mean_mean,-20.5368371591568
92000,update,q1_mean_min,-32.52939224243164
92000,update,q2_loss,0.7654647827148438
92000,update,q2_loss_max,6.584238052368164
92000,update,q2_loss_mean,0.5564019505307078
92000,update,q2_loss_min,0.08890453726053238
92000,update,q2_mean,-16.585857391357422
92000,update,q2_mean_max,-12.179264068603516
92000,update,q2_mean_mean,-20.536662446975708
92000,update,q2_mean_min,-32.29212951660156
92000,update,q_grad_norm,159.99221801757812
92000,update,q_grad_norm_max,840.1685791015625
92000,update,q_grad_norm_mean,132.18054177856445
92000,update,q_grad_norm_min,26.330440521240234
92000,update,q_loss,1.0216522216796875
92000,update,q_loss_cleanrl_logged,0.5108261108398438
92000,update,q_loss_cleanrl_logged_max,6.75069522857666
92000,update,q_loss_cleanrl_logged_mean,0.5669173149242998
92000,update,q_loss_cleanrl_logged_min,0.10316187888383865
92000,update,q_loss_max,13.50139045715332
92000,update,q_loss_mean,1.1338346298485995
92000,update,q_loss_min,0.2063237577676773
92000,update,q_param_norm,338.79425048828125
92000,update,q_param_norm_max,338.79425048828125
92000,update,q_param_norm_mean,338.1126656036377
92000,update,q_param_norm_min,337.49916076660156
92000,update,q_update_norm,0.02732176147401333
92000,update,q_update_norm_max,0.08888310939073563
92000,update,q_update_norm_mean,0.03241699494700879
92000,update,q_update_norm_min,0.014548656530678272
92000,update,q_update_norm_ratio,0.00011402843363212432
92000,update,q_update_norm_ratio_max,0.0003712715267859573
92000,update,q_update_norm_ratio_mean,0.0001355572351595593
92000,update,q_update_norm_ratio_min,6.0843665125306814e-05
92000,update,target_q_mean,-16.516704559326172
92000,update,target_q_mean_max,-12.222932815551758
92000,update,target_q_mean_mean,-20.537071939468383
92000,update,target_q_mean_min,-32.16053771972656
92200,train_episode,collapse,0.0
92200,train_episode,length,200.0
92200,train_episode,return,-120.87864669415353
92200,train_episode,success,1.0
92400,train_episode,collapse,0.0
92400,train_episode,length,200.0
92400,train_episode,return,-0.4830996008506035
92400,train_episode,success,1.0
92600,train_episode,collapse,0.0
92600,train_episode,length,200.0
92600,train_episode,return,-221.3138066568905
92600,train_episode,success,0.0
92800,train_episode,collapse,0.0
92800,train_episode,length,200.0
92800,train_episode,return,-114.60232359785435
92800,train_episode,success,1.0
93000,train_episode,collapse,0.0
93000,train_episode,length,200.0
93000,train_episode,return,-128.8061955753216
93000,train_episode,success,1.0
93000,update,actor_grad_norm,0.8439031839370728
93000,update,actor_grad_norm_max,4.8536577224731445
93000,update,actor_grad_norm_mean,0.6443628213107586
93000,update,actor_grad_norm_min,0.12747880816459656
93000,update,actor_loss,22.259977340698242
93000,update,actor_loss_max,30.4299373626709
93000,update,actor_loss_mean,20.27696603012085
93000,update,actor_loss_min,11.977950096130371
93000,update,actor_param_norm,64.6788101196289
93000,update,actor_param_norm_max,64.6794204711914
93000,update,actor_param_norm_mean,64.49027099609376
93000,update,actor_param_norm_min,64.31314849853516
93000,update,actor_update_norm,0.012732296250760555
93000,update,actor_update_norm_max,0.03617537394165993
93000,update,actor_update_norm_mean,0.016413625029847025
93000,update,actor_update_norm_min,0.008674106560647488
93000,update,actor_update_norm_ratio,0.00019685402703288488
93000,update,actor_update_norm_ratio_max,0.0005611059400248757
93000,update,actor_update_norm_ratio_mean,0.00025450482886173875
93000,update,actor_update_norm_ratio_min,0.00013412605260308913
93000,update,alpha,0.007157228887081146
93000,update,alpha_loss,-0.00035107825533486903
93000,update,alpha_loss_max,0.0029952703043818474
93000,update,alpha_loss_mean,-0.00015557182280463166
93000,update,alpha_loss_min,-0.0038434695452451706
93000,update,alpha_max,0.0076728761196136475
93000,update,alpha_mean,0.006795050206594169
93000,update,alpha_min,0.0060614291578531265
93000,update,num_optimizer_updates,1000.0
93000,update,policy_entropy_estimate,-1.0490487813949585
93000,update,policy_entropy_estimate_max,-0.5877520442008972
93000,update,policy_entropy_estimate_mean,-1.024053240776062
93000,update,policy_entropy_estimate_min,-1.5111839771270752
93000,update,policy_log_prob_mean,1.0490487813949585
93000,update,policy_log_prob_mean_max,1.5111839771270752
93000,update,policy_log_prob_mean_mean,1.024053240776062
93000,update,policy_log_prob_mean_min,0.5877520442008972
93000,update,q1_loss,1.4049832820892334
93000,update,q1_loss_max,6.7468953132629395
93000,update,q1_loss_mean,0.5503773987591266
93000,update,q1_loss_min,0.09753482788801193
93000,update,q1_mean,-22.515432357788086
93000,update,q1_mean_max,-12.605114936828613
93000,update,q1_mean_mean,-20.48172214412689
93000,update,q1_mean_min,-30.70060157775879
93000,update,q2_loss,0.6580925583839417
93000,update,q2_loss_max,4.314741611480713
93000,update,q2_loss_mean,0.5843017068952322
93000,update,q2_loss_min,0.08894369751214981
93000,update,q2_mean,-22.5683536529541
93000,update,q2_mean_max,-12.502431869506836
93000,update,q2_mean_mean,-20.481502171516418
93000,update,q2_mean_min,-30.695297241210938
93000,update,q_grad_norm,193.374267578125
93000,update,q_grad_norm_max,703.4197998046875
93000,update,q_grad_norm_mean,133.5060962677002
93000,update,q_grad_norm_min,33.304603576660156
93000,update,q_loss,2.0630757808685303
93000,update,q_loss_cleanrl_logged,1.0315378904342651
93000,update,q_loss_cleanrl_logged_max,5.530818462371826
93000,update,q_loss_cleanrl_logged_mean,0.5673395514637232
93000,update,q_loss_cleanrl_logged_min,0.11917304992675781
93000,update,q_loss_max,11.061636924743652
93000,update,q_loss_mean,1.1346791029274463
93000,update,q_loss_min,0.23834609985351562
93000,update,q_param_norm,339.92022705078125
93000,update,q_param_norm_max,339.92022705078125
93000,update,q_param_norm_mean,339.36999130249023
93000,update,q_param_norm_min,338.7948303222656
93000,update,q_update_norm,0.044288892298936844
93000,update,q_update_norm_max,0.06844178587198257
93000,update,q_update_norm_mean,0.03409288812614977
93000,update,q_update_norm_min,0.01810784824192524
93000,update,q_update_norm_ratio,0.0001842294212457991
93000,update,q_update_norm_ratio_max,0.0002849024579838985
93000,update,q_update_norm_ratio_mean,0.00014203415293976472
93000,update,q_update_norm_ratio_min,7.554687624088151e-05
93000,update,target_q_mean,-22.727567672729492
93000,update,target_q_mean_max,-12.34207534790039
93000,update,target_q_mean_mean,-20.48185238838196
93000,update,target_q_mean_min,-30.519607543945312
93200,train_episode,collapse,0.0
93200,train_episode,length,200.0
93200,train_episode,return,-119.15329665396803
93200,train_episode,success,1.0
93400,train_episode,collapse,0.0
93400,train_episode,length,200.0
93400,train_episode,return,-1.290078260166406
93400,train_episode,success,1.0
93600,train_episode,collapse,0.0
93600,train_episode,length,200.0
93600,train_episode,return,-123.50074537103349
93600,train_episode,success,1.0
93800,train_episode,collapse,0.0
93800,train_episode,length,200.0
93800,train_episode,return,-116.47409409683307
93800,train_episode,success,1.0
94000,train_episode,collapse,0.0
94000,train_episode,length,200.0
94000,train_episode,return,-119.87729964784478
94000,train_episode,success,1.0
94000,update,actor_grad_norm,0.542583167552948
94000,update,actor_grad_norm_max,8.513678550720215
94000,update,actor_grad_norm_mean,0.681502642005682
94000,update,actor_grad_norm_min,0.14914065599441528
94000,update,actor_loss,24.123254776000977
94000,update,actor_loss_max,30.72930335998535
94000,update,actor_loss_mean,20.017666522979738
94000,update,actor_loss_min,11.068534851074219
94000,update,actor_param_norm,64.98038482666016
94000,update,actor_param_norm_max,64.98038482666016
94000,update,actor_param_norm_mean,64.84012655639648
94000,update,actor_param_norm_min,64.67861938476562
94000,update,actor_update_norm,0.024578088894486427
94000,update,actor_update_norm_max,0.03613855689764023
94000,update,actor_update_norm_mean,0.01523922355286777
94000,update,actor_update_norm_min,0.008112390525639057
94000,update,actor_update_norm_ratio,0.00037824000740842485
94000,update,actor_update_norm_ratio_max,0.0005561814128598973
94000,update,actor_update_norm_ratio_mean,0.00023501883954317788
94000,update,actor_update_norm_ratio_min,0.00012502555945429383
94000,update,alpha,0.007336900569498539
94000,update,alpha_loss,-0.00335932825691998
94000,update,alpha_loss_max,0.0026691441889852285
94000,update,alpha_loss_mean,-5.795272328396095e-05
94000,update,alpha_loss_min,-0.003771479008719325
94000,update,alpha_max,0.007516826968640089
94000,update,alpha_mean,0.0072857165178284045
94000,update,alpha_min,0.006990478374063969
94000,update,num_optimizer_updates,1000.0
94000,update,policy_entropy_estimate,-1.458448886871338
94000,update,policy_entropy_estimate_max,-0.6330738067626953
94000,update,policy_entropy_estimate_mean,-1.0082127599716186
94000,update,policy_entropy_estimate_min,-1.5139110088348389
94000,update,policy_log_prob_mean,1.458448886871338
94000,update,policy_log_prob_mean_max,1.5139110088348389
94000,update,policy_log_prob_mean_mean,1.0082127599716186
94000,update,policy_log_prob_mean_min,0.6330738067626953
94000,update,q1_loss,0.4487454891204834
94000,update,q1_loss_max,3.0977587699890137
94000,update,q1_loss_mean,0.543099587187171
94000,update,q1_loss_min,0.13087286055088043
94000,update,q1_mean,-24.572050094604492
94000,update,q1_mean_max,-10.803818702697754
94000,update,q1_mean_mean,-20.18925550365448
94000,update,q1_mean_min,-31.000246047973633
94000,update,q2_loss,0.2441323846578598
94000,update,q2_loss_max,4.389341831207275
94000,update,q2_loss_mean,0.5914988363906741
94000,update,q2_loss_min,0.10415852814912796
94000,update,q2_mean,-24.63015365600586
94000,update,q2_mean_max,-11.25912094116211
94000,update,q2_mean_mean,-20.188940705299377
94000,update,q2_mean_min,-30.82815170288086
94000,update,q_grad_norm,76.80204772949219
94000,update,q_grad_norm_max,454.1048278808594
94000,update,q_grad_norm_mean,128.66316738510133
94000,update,q_grad_norm_min,32.664947509765625
94000,update,q_loss,0.6928778886795044
94000,update,q_loss_cleanrl_logged,0.3464389443397522
94000,update,q_loss_cleanrl_logged_max,3.7435503005981445
94000,update,q_loss_cleanrl_logged_mean,0.5672992128282786
94000,update,q_loss_cleanrl_logged_min,0.14053303003311157
94000,update,q_loss_max,7.487100601196289
94000,update,q_loss_mean,1.134598425656557
94000,update,q_loss_min,0.28106606006622314
94000,update,q_param_norm,341.32391357421875
94000,update,q_param_norm_max,341.32391357421875
94000,update,q_param_norm_mean,340.5866862182617
94000,update,q_param_norm_min,339.921875
94000,update,q_update_norm,0.03367840126156807
94000,update,q_update_norm_max,0.08936049044132233
94000,update,q_update_norm_mean,0.034114471497014166
94000,update,q_update_norm_min,0.018009500578045845
94000,update,q_update_norm_ratio,0.00013951695125470728
94000,update,q_update_norm_ratio_max,0.00037118538143952385
94000,update,q_update_norm_ratio_mean,0.00014162560956904247
94000,update,q_update_norm_ratio_min,7.49064046400105e-05
94000,update,target_q_mean,-24.63966941833496
94000,update,target_q_mean_max,-11.12744140625
94000,update,target_q_mean_mean,-20.189183588027955
94000,update,target_q_mean_min,-31.030336380004883
94200,train_episode,collapse,0.0
94200,train_episode,length,200.0
94200,train_episode,return,-119.73504120631993
94200,train_episode,success,1.0
94400,train_episode,collapse,0.0
94400,train_episode,length,200.0
94400,train_episode,return,-218.63945745490952
94400,train_episode,success,0.0
94600,train_episode,collapse,0.0
94600,train_episode,length,200.0
94600,train_episode,return,-223.54226577115503
94600,train_episode,success,0.0
94800,train_episode,collapse,0.0
94800,train_episode,length,200.0
94800,train_episode,return,-128.7999207464376
94800,train_episode,success,1.0
95000,train_episode,collapse,0.0
95000,train_episode,length,200.0
95000,train_episode,return,-127.10542804422901
95000,train_episode,success,1.0
95000,update,actor_grad_norm,0.8870790600776672
95000,update,actor_grad_norm_max,23.60610008239746
95000,update,actor_grad_norm_mean,0.7246053868532181
95000,update,actor_grad_norm_min,0.13613048195838928
95000,update,actor_loss,18.892362594604492
95000,update,actor_loss_max,30.586040496826172
95000,update,actor_loss_mean,20.139653282165526
95000,update,actor_loss_min,12.417332649230957
95000,update,actor_param_norm,65.34172058105469
95000,update,actor_param_norm_max,65.34172058105469
95000,update,actor_param_norm_mean,65.15338124847412
95000,update,actor_param_norm_min,64.98038482666016
95000,update,actor_update_norm,0.0138845881447196
95000,update,actor_update_norm_max,0.05479494482278824
95000,update,actor_update_norm_mean,0.016096734952181578
95000,update,actor_update_norm_min,0.0074767498299479485
95000,update,actor_update_norm_ratio,0.0002124928205768983
95000,update,actor_update_norm_ratio_max,0.0008401710606659782
95000,update,actor_update_norm_ratio_mean,0.00024704644296335844
95000,update,actor_update_norm_ratio_min,0.00011478223112010477
95000,update,alpha,0.005530962720513344
95000,update,alpha_loss,-0.0016521397046744823
95000,update,alpha_loss_max,0.0032499858643859625
95000,update,alpha_loss_mean,0.0003428234158709529
95000,update,alpha_loss_min,-0.003898540511727333
95000,update,alpha_max,0.007951509207487106
95000,update,alpha_mean,0.0065945732118561865
95000,update,alpha_min,0.005515418481081724
95000,update,num_optimizer_updates,1000.0
95000,update,policy_entropy_estimate,-1.2988842725753784
95000,update,policy_entropy_estimate_max,-0.4596046507358551
95000,update,policy_entropy_estimate_mean,-0.9473257547020912
95000,update,policy_entropy_estimate_min,-1.530545949935913
95000,update,policy_log_prob_mean,1.2988842725753784
95000,update,policy_log_prob_mean_max,1.530545949935913
95000,update,policy_log_prob_mean_mean,0.9473257547020912
95000,update,policy_log_prob_mean_min,0.4596046507358551
95000,update,q1_loss,0.7752386331558228
95000,update,q1_loss_max,12.409184455871582
95000,update,q1_loss_mean,0.553420247361064
95000,update,q1_loss_min,0.10783837735652924
95000,update,q1_mean,-18.922719955444336
95000,update,q1_mean_max,-9.500714302062988
95000,update,q1_mean_mean,-20.168716695785523
95000,update,q1_mean_min,-32.0097541809082
95000,update,q2_loss,0.36089783906936646
95000,update,q2_loss_max,18.271526336669922
95000,update,q2_loss_mean,0.6259542473703623
95000,update,q2_loss_min,0.12108287215232849
95000,update,q2_mean,-18.81258773803711
95000,update,q2_mean_max,-9.5160551071167
95000,update,q2_mean_mean,-20.16842469215393
95000,update,q2_mean_min,-31.6635684967041
95000,update,q_grad_norm,112.77545166015625
95000,update,q_grad_norm_max,672.785400390625
95000,update,q_grad_norm_mean,133.04459409713746
95000,update,q_grad_norm_min,38.58969497680664
95000,update,q_loss,1.136136531829834
95000,update,q_loss_cleanrl_logged,0.568068265914917
95000,update,q_loss_cleanrl_logged_max,15.340354919433594
95000,update,q_loss_cleanrl_logged_mean,0.5896872466802597
95000,update,q_loss_cleanrl_logged_min,0.13361801207065582
95000,update,q_loss_max,30.680709838867188
95000,update,q_loss_mean,1.1793744933605195
95000,update,q_loss_min,0.26723602414131165
95000,update,q_param_norm,342.4425506591797
95000,update,q_param_norm_max,342.4660949707031
95000,update,q_param_norm_mean,341.8507360229492
95000,update,q_param_norm_min,341.3026885986328
95000,update,q_update_norm,0.026628894731402397
95000,update,q_update_norm_max,0.07942748069763184
95000,update,q_update_norm_mean,0.034380605321377516
95000,update,q_update_norm_min,0.015015821903944016
95000,update,q_update_norm_ratio,0.00010995132288438045
95000,update,q_update_norm_ratio_max,0.00032813470881520786
95000,update,q_update_norm_ratio_mean,0.0001422041338908643
95000,update,q_update_norm_ratio_min,6.20629228681775e-05
95000,update,target_q_mean,-18.934429168701172
95000,update,target_q_mean_max,-9.413228988647461
95000,update,target_q_mean_mean,-20.168864449501037
95000,update,target_q_mean_min,-31.85463523864746
95000,replay,action_abs_max,2.0
95000,replay,action_abs_mean,0.7208430767059326
95000,replay,action_saturation_fraction,0.07431578947368421
95000,replay,capacity,100000.0
95000,replay,done_fraction,0.0
95000,replay,fill_fraction,0.95
95000,replay,near_upright_any_transition_fraction,0.7930736842105263
95000,replay,near_upright_next_obs_fraction,0.7929157894736842
95000,replay,near_upright_obs_fraction,0.7888
95000,replay,reward_max,-1.0757337349787122e-06
95000,replay,reward_mean,-1.1209361553192139
95000,replay,reward_min,-16.252336502075195
95000,replay,reward_std,2.8023838996887207
95000,replay,sample_count_max,851.0
95000,replay,sample_count_mean,242.52631578947367
95000,replay,size,95000.0
95000,replay,transition_age_max,94999.0
95000,replay,transition_age_mean,47499.5
95000,diagnostics,actor_layer0_activation_abs_max,3.9113447666168213
95000,diagnostics,actor_layer0_activation_abs_mean,0.10754570364952087
95000,diagnostics,actor_layer0_dormant_fraction,0.0859375
95000,diagnostics,actor_layer0_effective_rank_fraction,0.05376727879047394
95000,diagnostics,actor_layer1_activation_abs_max,6.785715579986572
95000,diagnostics,actor_layer1_activation_abs_mean,0.03895740583539009
95000,diagnostics,actor_layer1_dormant_fraction,0.43359375
95000,diagnostics,actor_layer1_effective_rank_fraction,0.11478931456804276
95000,diagnostics,actor_param_norm,65.34172058105469
95000,diagnostics,alpha,0.005530962720513344
95000,diagnostics,q1_layer0_activation_abs_max,7.263602256774902
95000,diagnostics,q1_layer0_activation_abs_mean,0.3535340428352356
95000,diagnostics,q1_layer0_dormant_fraction,0.0625
95000,diagnostics,q1_layer0_effective_rank_fraction,0.056271180510520935
95000,diagnostics,q1_layer1_activation_abs_max,54.14824295043945
95000,diagnostics,q1_layer1_activation_abs_mean,3.1567564010620117
95000,diagnostics,q1_layer1_dormant_fraction,0.4140625
95000,diagnostics,q1_layer1_effective_rank_fraction,0.06063222885131836
95000,diagnostics,q1_param_norm,174.49127197265625
95000,diagnostics,q2_layer0_activation_abs_max,6.9126362800598145
95000,diagnostics,q2_layer0_activation_abs_mean,0.31834709644317627
95000,diagnostics,q2_layer0_dormant_fraction,0.06640625
95000,diagnostics,q2_layer0_effective_rank_fraction,0.05463706701993942
95000,diagnostics,q2_layer1_activation_abs_max,26.02878761291504
95000,diagnostics,q2_layer1_activation_abs_mean,3.2398478984832764
95000,diagnostics,q2_layer1_dormant_fraction,0.47265625
95000,diagnostics,q2_layer1_effective_rank_fraction,0.0562460720539093
95000,diagnostics,q2_param_norm,167.95127868652344
95000,eval,best_return,-0.3048188231172089
95000,eval,collapse_rate,0.0
95000,eval,failure_rate,0.6
95000,eval,fraction_return_ge_-100,0.2
95000,eval,fraction_return_ge_-150,0.4
95000,eval,fraction_return_ge_-200,0.4
95000,eval,fraction_return_ge_-250,0.8
95000,eval,max_not_near_upright_streak,71.0
95000,eval,mean_episode_length,200.0
95000,eval,mean_min_step_reward,-10.483718773872736
95000,eval,mean_return,-175.13718591954606
95000,eval,median_return,-223.84814163563195
95000,eval,near_upright_fraction,0.8274999999999999
95000,eval,num_collapses,0.0
95000,eval,num_eval_episodes,10.0
95000,eval,num_strict_successes,4.0
95000,eval,num_successes,4.0
95000,eval,return_failure_rate,0.6
95000,eval,return_p05,-286.4914737322416
95000,eval,return_p10,-283.95626462993084
95000,eval,return_p25,-243.32433376209232
95000,eval,return_p75,-120.72425597055482
95000,eval,return_p90,-0.3197275358288721
95000,eval,return_p95,-0.3122731794730405
95000,eval,return_reliability_nines_empirical,0.22184874961635637
95000,eval,return_reliability_nines_wilson95_low,0.07997081395541751
95000,eval,return_success_rate,0.4
95000,eval,stability_success_rate,0.6
95000,eval,std_return,102.68932577862141
95000,eval,streak_success_rate,0.9
95000,eval,strict_failure_rate,0.6
95000,eval,strict_reliability_nines_empirical,0.22184874961635637
95000,eval,strict_reliability_nines_wilson95_low,0.07997081395541751
95000,eval,strict_success_rate,0.4
95000,eval,strict_success_rate_wilson95_high,0.6873262302663417
95000,eval,strict_success_rate_wilson95_low,0.16818032970623614
95000,eval,success_rate,0.4
95000,eval,success_rate_wilson95_high,0.6873262302663417
95000,eval,success_rate_wilson95_low,0.16818032970623614
95000,eval,worst_episode_near_upright_fraction,0.645
95000,eval,worst_min_step_reward,-14.53515061872675
95000,eval,worst_return,-289.02668283455245
95200,train_episode,collapse,0.0
95200,train_episode,length,200.0
95200,train_episode,return,-119.1731941929635
95200,train_episode,success,1.0
95400,train_episode,collapse,0.0
95400,train_episode,length,200.0
95400,train_episode,return,-121.12120545244376
95400,train_episode,success,1.0
95600,train_episode,collapse,0.0
95600,train_episode,length,200.0
95600,train_episode,return,-0.38987701276318404
95600,train_episode,success,1.0
95800,train_episode,collapse,0.0
95800,train_episode,length,200.0
95800,train_episode,return,-124.16407329984726
95800,train_episode,success,1.0
96000,train_episode,collapse,0.0
96000,train_episode,length,200.0
96000,train_episode,return,-239.0793692604383
96000,train_episode,success,0.0
96000,update,actor_grad_norm,0.5086719393730164
96000,update,actor_grad_norm_max,10.169193267822266
96000,update,actor_grad_norm_mean,0.6953078582733869
96000,update,actor_grad_norm_min,0.10585548728704453
96000,update,actor_loss,25.346452713012695
96000,update,actor_loss_max,28.61095428466797
96000,update,actor_loss_mean,19.85271508216858
96000,update,actor_loss_min,12.919896125793457
96000,update,actor_param_norm,65.68023681640625
96000,update,actor_param_norm_max,65.68023681640625
96000,update,actor_param_norm_mean,65.51618280029297
96000,update,actor_param_norm_min,65.34114074707031
96000,update,actor_update_norm,0.015950297936797142
96000,update,actor_update_norm_max,0.03577607125043869
96000,update,actor_update_norm_mean,0.016437395459041
96000,update,actor_update_norm_min,0.008471965789794922
96000,update,actor_update_norm_ratio,0.00024284859941988207
96000,update,actor_update_norm_ratio_max,0.0005463557951733132
96000,update,actor_update_norm_ratio_mean,0.00025087795600176066
96000,update,actor_update_norm_ratio_min,0.00012920665210270791
96000,update,alpha,0.007554675452411175
96000,update,alpha_loss,-0.0032263374887406826
96000,update,alpha_loss_max,0.004414802882820368
96000,update,alpha_loss_mean,-0.0003437564820123953
96000,update,alpha_loss_min,-0.0032263374887406826
96000,update,alpha_max,0.008047203533351421
96000,update,alpha_mean,0.00693988418392837
96000,update,alpha_min,0.005530962720513344
96000,update,num_optimizer_updates,1000.0
96000,update,policy_entropy_estimate,-1.4272780418395996
96000,update,policy_entropy_estimate_max,-0.42528653144836426
96000,update,policy_entropy_estimate_mean,-1.0536944693922996
96000,update,policy_entropy_estimate_min,-1.5214684009552002
96000,update,policy_log_prob_mean,1.4272780418395996
96000,update,policy_log_prob_mean_max,1.5214684009552002
96000,update,policy_log_prob_mean_mean,1.0536944693922996
96000,update,policy_log_prob_mean_min,0.42528653144836426
96000,update,q1_loss,0.7909265756607056
96000,update,q1_loss_max,6.616429805755615
96000,update,q1_loss_mean,0.6381082778796554
96000,update,q1_loss_min,0.1211327537894249
96000,update,q1_mean,-25.6065673828125
96000,update,q1_mean_max,-12.371310234069824
96000,update,q1_mean_mean,-19.98050720691681
96000,update,q1_mean_min,-30.04071807861328
96000,update,q2_loss,1.208656668663025
96000,update,q2_loss_max,5.7655181884765625
96000,update,q2_loss_mean,0.6236940755620599
96000,update,q2_loss_min,0.07594822347164154
96000,update,q2_mean,-25.683910369873047
96000,update,q2_mean_max,-12.828651428222656
96000,update,q2_mean_mean,-19.98033856868744
96000,update,q2_mean_min,-30.32619857788086
96000,update,q_grad_norm,145.24710083007812
96000,update,q_grad_norm_max,755.7557983398438
96000,update,q_grad_norm_mean,140.58014959716797
96000,update,q_grad_norm_min,33.90415573120117
96000,update,q_loss,1.9995832443237305
96000,update,q_loss_cleanrl_logged,0.9997916221618652
96000,update,q_loss_cleanrl_logged_max,6.190974235534668
96000,update,q_loss_cleanrl_logged_mean,0.6309011772572994
96000,update,q_loss_cleanrl_logged_min,0.12755706906318665
96000,update,q_loss_max,12.381948471069336
96000,update,q_loss_mean,1.2618023545145989
96000,update,q_loss_min,0.2551141381263733
96000,update,q_param_norm,343.5058288574219
96000,update,q_param_norm_max,343.5058288574219
96000,update,q_param_norm_mean,342.9975986785889
96000,update,q_param_norm_min,342.4418029785156
96000,update,q_update_norm,0.028304990381002426
96000,update,q_update_norm_max,0.08650755882263184
96000,update,q_update_norm_mean,0.03685085602849722
96000,update,q_update_norm_min,0.019627271220088005
96000,update,q_update_norm_ratio,0.000116511123420941
96000,update,q_update_norm_ratio_max,0.00035663655955415265
96000,update,q_update_norm_ratio_mean,0.0001519142783373222
96000,update,q_update_norm_ratio_min,8.090457431834938e-05
96000,update,target_q_mean,-25.717952728271484
96000,update,target_q_mean_max,-12.795266151428223
96000,update,target_q_mean_mean,-19.980595026969908
96000,update,target_q_mean_min,-30.313077926635742
96200,train_episode,collapse,0.0
96200,train_episode,length,200.0
96200,train_episode,return,-117.06364396326418
96200,train_episode,success,1.0
96400,train_episode,collapse,0.0
96400,train_episode,length,200.0
96400,train_episode,return,-116.8135440567075
96400,train_episode,success,1.0
96600,train_episode,collapse,0.0
96600,train_episode,length,200.0
96600,train_episode,return,-226.62007490558148
96600,train_episode,success,0.0
96800,train_episode,collapse,0.0
96800,train_episode,length,200.0
96800,train_episode,return,-120.66235887473745
96800,train_episode,success,1.0
97000,train_episode,collapse,0.0
97000,train_episode,length,200.0
97000,train_episode,return,-120.06344677722798
97000,train_episode,success,1.0
97000,update,actor_grad_norm,0.43719542026519775
97000,update,actor_grad_norm_max,17.919628143310547
97000,update,actor_grad_norm_mean,0.70213336455822
97000,update,actor_grad_norm_min,0.14844031631946564
97000,update,actor_loss,18.341108322143555
97000,update,actor_loss_max,29.743141174316406
97000,update,actor_loss_mean,19.62544686126709
97000,update,actor_loss_min,11.189614295959473
97000,update,actor_param_norm,66.07557678222656
97000,update,actor_param_norm_max,66.07557678222656
97000,update,actor_param_norm_mean,65.85985557556153
97000,update,actor_param_norm_min,65.68023681640625
97000,update,actor_update_norm,0.013369366526603699
97000,update,actor_update_norm_max,0.04058574140071869
97000,update,actor_update_norm_mean,0.016055678572505713
97000,update,actor_update_norm_min,0.007839295081794262
97000,update,actor_update_norm_ratio,0.00020233549369305686
97000,update,actor_update_norm_ratio_max,0.0006171789581289955
97000,update,actor_update_norm_ratio_mean,0.0002438175607522582
97000,update,actor_update_norm_ratio_min,0.00011879742634743745
97000,update,alpha,0.005906800739467144
97000,update,alpha_loss,-0.0007221474079415202
97000,update,alpha_loss_max,0.004577019717544317
97000,update,alpha_loss_mean,0.0003777560783637455
97000,update,alpha_loss_min,-0.0026283019687980413
97000,update,alpha_max,0.007575944531708956
97000,update,alpha_mean,0.0057712138965725895
97000,update,alpha_min,0.005281084682792425
97000,update,num_optimizer_updates,1000.0
97000,update,policy_entropy_estimate,-1.1223154067993164
97000,update,policy_entropy_estimate_max,-0.32215920090675354
97000,update,policy_entropy_estimate_mean,-0.9438662768602372
97000,update,policy_entropy_estimate_min,-1.4869461059570312
97000,update,policy_log_prob_mean,1.1223154067993164
97000,update,policy_log_prob_mean_max,1.4869461059570312
97000,update,policy_log_prob_mean_mean,0.9438662768602372
97000,update,policy_log_prob_mean_min,0.32215920090675354
97000,update,q1_loss,0.3726291060447693
97000,update,q1_loss_max,3.6025390625
97000,update,q1_loss_mean,0.525233994320035
97000,update,q1_loss_min,0.11685100942850113
97000,update,q1_mean,-18.372947692871094
97000,update,q1_mean_max,-10.461708068847656
97000,update,q1_mean_mean,-19.81926386451721
97000,update,q1_mean_min,-29.826318740844727
97000,update,q2_loss,0.3673306703567505
97000,update,q2_loss_max,3.6006996631622314
97000,update,q2_loss_mean,0.5596436497941614
97000,update,q2_loss_min,0.1133643239736557
97000,update,q2_mean,-18.43077278137207
97000,update,q2_mean_max,-10.420686721801758
97000,update,q2_mean_mean,-19.819261680603027
97000,update,q2_mean_min,-29.951873779296875
97000,update,q_grad_norm,66.77143859863281
97000,update,q_grad_norm_max,599.4619140625
97000,update,q_grad_norm_mean,127.11094079589844
97000,update,q_grad_norm_min,37.26937484741211
97000,update,q_loss,0.7399597764015198
97000,update,q_loss_cleanrl_logged,0.3699798882007599
97000,update,q_loss_cleanrl_logged_max,3.5350680351257324
97000,update,q_loss_cleanrl_logged_mean,0.5424388215690851
97000,update,q_loss_cleanrl_logged_min,0.13562455773353577
97000,update,q_loss_max,7.070136070251465
97000,update,q_loss_mean,1.0848776431381701
97000,update,q_loss_min,0.27124911546707153
97000,update,q_param_norm,344.7326202392578
97000,update,q_param_norm_max,344.7326202392578
97000,update,q_param_norm_mean,344.0489690856934
97000,update,q_param_norm_min,343.50390625
97000,update,q_update_norm,0.032847095280885696
97000,update,q_update_norm_max,0.06876691430807114
97000,update,q_update_norm_mean,0.03378542420081794
97000,update,q_update_norm_min,0.01838625781238079
97000,update,q_update_norm_ratio,0.00013472792151953308
97000,update,q_update_norm_ratio_max,0.00028274500203767433
97000,update,q_update_norm_ratio_mean,0.00013884024274176844
97000,update,q_update_norm_ratio_min,7.554218704087467e-05
97000,update,target_q_mean,-18.478328704833984
97000,update,target_q_mean_max,-10.715229988098145
97000,update,target_q_mean_mean,-19.81954347419739
97000,update,target_q_mean_min,-29.915098190307617
97200,train_episode,collapse,0.0
97200,train_episode,length,200.0
97200,train_episode,return,-126.81594334846588
97200,train_episode,success,1.0
97400,train_episode,collapse,0.0
97400,train_episode,length,200.0
97400,train_episode,return,-129.28747559846306
97400,train_episode,success,1.0
97600,train_episode,collapse,0.0
97600,train_episode,length,200.0
97600,train_episode,return,-119.51141358058233
97600,train_episode,success,1.0
97800,train_episode,collapse,0.0
97800,train_episode,length,200.0
97800,train_episode,return,-122.1232791404592
97800,train_episode,success,1.0
98000,train_episode,collapse,0.0
98000,train_episode,length,200.0
98000,train_episode,return,-120.59571059854515
98000,train_episode,success,1.0
98000,update,actor_grad_norm,2.4215571880340576
98000,update,actor_grad_norm_max,5.4756646156311035
98000,update,actor_grad_norm_mean,0.6933440556228161
98000,update,actor_grad_norm_min,0.13978950679302216
98000,update,actor_loss,16.222640991210938
98000,update,actor_loss_max,29.515439987182617
98000,update,actor_loss_mean,19.37778014564514
98000,update,actor_loss_min,11.231986045837402
98000,update,actor_param_norm,66.38353729248047
98000,update,actor_param_norm_max,66.38353729248047
98000,update,actor_param_norm_mean,66.2278229598999
98000,update,actor_param_norm_min,66.07557678222656
98000,update,actor_update_norm,0.029078008607029915
98000,update,actor_update_norm_max,0.0522351935505867
98000,update,actor_update_norm_mean,0.016141273329034447
98000,update,actor_update_norm_min,0.009226561523973942
98000,update,actor_update_norm_ratio,0.0004380406380249936
98000,update,actor_update_norm_ratio_max,0.0007870793743508373
98000,update,actor_update_norm_ratio_mean,0.00024371158995237588
98000,update,actor_update_norm_ratio_min,0.00013962425225229458
98000,update,alpha,0.00545949162915349
98000,update,alpha_loss,-0.00244651990942657
98000,update,alpha_loss_max,0.004036055877804756
98000,update,alpha_loss_mean,7.395005860962556e-05
98000,update,alpha_loss_min,-0.0029975315555930138
98000,update,alpha_max,0.006899459753185511
98000,update,alpha_mean,0.006115176849532873
98000,update,alpha_min,0.00535855395719409
98000,update,num_optimizer_updates,1000.0
98000,update,policy_entropy_estimate,-1.448699712753296
98000,update,policy_entropy_estimate_max,-0.38334619998931885
98000,update,policy_entropy_estimate_mean,-0.9872044702768326
98000,update,policy_entropy_estimate_min,-1.448699712753296
98000,update,policy_log_prob_mean,1.448699712753296
98000,update,policy_log_prob_mean_max,1.448699712753296
98000,update,policy_log_prob_mean_mean,0.9872044702768326
98000,update,policy_log_prob_mean_min,0.38334619998931885
98000,update,q1_loss,0.38596630096435547
98000,update,q1_loss_max,8.727734565734863
98000,update,q1_loss_mean,0.6191818603426218
98000,update,q1_loss_min,0.09906558692455292
98000,update,q1_mean,-16.445823669433594
98000,update,q1_mean_max,-11.305156707763672
98000,update,q1_mean_mean,-19.614739804267884
98000,update,q1_mean_min,-29.28826332092285
98000,update,q2_loss,0.37125682830810547
98000,update,q2_loss_max,10.550004959106445
98000,update,q2_loss_mean,0.6341186699420214
98000,update,q2_loss_min,0.12151644378900528
98000,update,q2_mean,-16.349550247192383
98000,update,q2_mean_max,-11.199305534362793
98000,update,q2_mean_mean,-19.614596680641174
98000,update,q2_mean_min,-29.69475555419922
98000,update,q_grad_norm,126.17822265625
98000,update,q_grad_norm_max,850.2040405273438
98000,update,q_grad_norm_mean,136.53862171554564
98000,update,q_grad_norm_min,37.9095344543457
98000,update,q_loss,0.7572231292724609
98000,update,q_loss_cleanrl_logged,0.37861156463623047
98000,update,q_loss_cleanrl_logged_max,9.638870239257812
98000,update,q_loss_cleanrl_logged_mean,0.6266502641737461
98000,update,q_loss_cleanrl_logged_min,0.1574137955904007
98000,update,q_loss_max,19.277740478515625
98000,update,q_loss_mean,1.2533005283474923
98000,update,q_loss_min,0.3148275911808014
98000,update,q_param_norm,346.0047149658203
98000,update,q_param_norm_max,346.0047149658203
98000,update,q_param_norm_mean,345.42614042663575
98000,update,q_param_norm_min,344.73651123046875
98000,update,q_update_norm,0.038021378219127655
98000,update,q_update_norm_max,0.08302129805088043
98000,update,q_update_norm_mean,0.03670840321481228
98000,update,q_update_norm_min,0.020424742251634598
98000,update,q_update_norm_ratio,0.00015537649011688676
98000,update,q_update_norm_ratio_max,0.0003394003214710876
98000,update,q_update_norm_ratio_mean,0.0001502608430344723
98000,update,q_update_norm_ratio_min,8.350442082094206e-05
98000,update,target_q_mean,-16.644527435302734
98000,update,target_q_mean_max,-11.19698429107666
98000,update,target_q_mean_mean,-19.615046737670898
98000,update,target_q_mean_min,-29.514678955078125
98200,train_episode,collapse,0.0
98200,train_episode,length,200.0
98200,train_episode,return,-218.2277204963947
98200,train_episode,success,0.0
98400,train_episode,collapse,0.0
98400,train_episode,length,200.0
98400,train_episode,return,-234.638113418968
98400,train_episode,success,0.0
98600,train_episode,collapse,0.0
98600,train_episode,length,200.0
98600,train_episode,return,-120.39607365756399
98600,train_episode,success,1.0
98800,train_episode,collapse,0.0
98800,train_episode,length,200.0
98800,train_episode,return,-117.04306167673126
98800,train_episode,success,1.0
99000,train_episode,collapse,0.0
99000,train_episode,length,200.0
99000,train_episode,return,-120.015084084554
99000,train_episode,success,1.0
99000,update,actor_grad_norm,0.4818079471588135
99000,update,actor_grad_norm_max,2.5822815895080566
99000,update,actor_grad_norm_mean,0.6568492727577686
99000,update,actor_grad_norm_min,0.1654089242219925
99000,update,actor_loss,13.033127784729004
99000,update,actor_loss_max,29.60984992980957
99000,update,actor_loss_mean,19.68711971282959
99000,update,actor_loss_min,11.288971900939941
99000,update,actor_param_norm,66.73275756835938
99000,update,actor_param_norm_max,66.73275756835938
99000,update,actor_param_norm_mean,66.57333374786377
99000,update,actor_param_norm_min,66.38353729248047
99000,update,actor_update_norm,0.013038087636232376
99000,update,actor_update_norm_max,0.04155523702502251
99000,update,actor_update_norm_mean,0.015310715820640326
99000,update,actor_update_norm_min,0.008028674870729446
99000,update,actor_update_norm_ratio,0.0001953794112734711
99000,update,actor_update_norm_ratio_max,0.0006233892192050721
99000,update,actor_update_norm_ratio_mean,0.00022999621215396342
99000,update,actor_update_norm_ratio_min,0.00012049166875508807
99000,update,alpha,0.004199760500341654
99000,update,alpha_loss,0.0011740917107090354
99000,update,alpha_loss_max,0.003113068640232086
99000,update,alpha_loss_mean,0.0003764949573669583
99000,update,alpha_loss_min,-0.004183431621640921
99000,update,alpha_max,0.006593349855393171
99000,update,alpha_mean,0.005241003398783505
99000,update,alpha_min,0.004173043183982372
99000,update,num_optimizer_updates,1000.0
99000,update,policy_entropy_estimate,-0.7204903364181519
99000,update,policy_entropy_estimate_max,-0.4166993498802185
99000,update,policy_entropy_estimate_mean,-0.9237201466560364
99000,update,policy_entropy_estimate_min,-1.7159534692764282
99000,update,policy_log_prob_mean,0.7204903364181519
99000,update,policy_log_prob_mean_max,1.7159534692764282
99000,update,policy_log_prob_mean_mean,0.9237201466560364
99000,update,policy_log_prob_mean_min,0.4166993498802185
99000,update,q1_loss,0.1363382488489151
99000,update,q1_loss_max,2.737800359725952
99000,update,q1_loss_mean,0.5321895876452327
99000,update,q1_loss_min,0.11754588037729263
99000,update,q1_mean,-12.9448823928833
99000,update,q1_mean_max,-9.014891624450684
99000,update,q1_mean_mean,-19.85620363330841
99000,update,q1_mean_min,-29.9306640625
99000,update,q2_loss,0.17948457598686218
99000,update,q2_loss_max,5.020780086517334
99000,update,q2_loss_mean,0.5947736446410418
99000,update,q2_loss_min,0.10695811361074448
99000,update,q2_mean,-12.781179428100586
99000,update,q2_mean_max,-9.103248596191406
99000,update,q2_mean_mean,-19.855857608795166
99000,update,q2_mean_min,-29.961872100830078
99000,update,q_grad_norm,52.057647705078125
99000,update,q_grad_norm_max,738.5043334960938
99000,update,q_grad_norm_mean,131.40960147857666
99000,update,q_grad_norm_min,32.44326400756836
99000,update,q_loss,0.3158228397369385
99000,update,q_loss_cleanrl_logged,0.15791141986846924
99000,update,q_loss_cleanrl_logged_max,2.96469783782959
99000,update,q_loss_cleanrl_logged_mean,0.563481617167592
99000,update,q_loss_cleanrl_logged_min,0.1473064422607422
99000,update,q_loss_max,5.92939567565918
99000,update,q_loss_mean,1.126963234335184
99000,update,q_loss_min,0.2946128845214844
99000,update,q_param_norm,347.30348205566406
99000,update,q_param_norm_max,347.31727600097656
99000,update,q_param_norm_mean,346.63151303100585
99000,update,q_param_norm_min,346.00701904296875
99000,update,q_update_norm,0.025698639452457428
99000,update,q_update_norm_max,0.08134474605321884
99000,update,q_update_norm_mean,0.03399269166588783
99000,update,q_update_norm_min,0.01676155999302864
99000,update,q_update_norm_ratio,0.00010462577711507092
99000,update,q_update_norm_ratio_max,0.0003323818668420922
99000,update,q_update_norm_ratio_mean,0.000138670373794129
99000,update,q_update_norm_ratio_min,6.831022512715756e-05
99000,update,target_q_mean,-12.887118339538574
99000,update,target_q_mean_max,-9.098626136779785
99000,update,target_q_mean_mean,-19.856301941871642
99000,update,target_q_mean_min,-29.91864013671875
99200,train_episode,collapse,0.0
99200,train_episode,length,200.0
99200,train_episode,return,-122.97953758214862
99200,train_episode,success,1.0
99400,train_episode,collapse,0.0
99400,train_episode,length,200.0
99400,train_episode,return,-1.755355287617861
99400,train_episode,success,1.0
99600,train_episode,collapse,0.0
99600,train_episode,length,200.0
99600,train_episode,return,-126.86808338691473
99600,train_episode,success,1.0
99800,train_episode,collapse,0.0
99800,train_episode,length,200.0
99800,train_episode,return,-225.03791478420686
99800,train_episode,success,0.0
100000,train_episode,collapse,0.0
100000,train_episode,length,200.0
100000,train_episode,return,-117.55069075908057
100000,train_episode,success,1.0
100000,update,actor_grad_norm,1.2313858270645142
100000,update,actor_grad_norm_max,6.768767833709717
100000,update,actor_grad_norm_mean,0.6883127592802047
100000,update,actor_grad_norm_min,0.17740434408187866
100000,update,actor_loss,18.643922805786133
100000,update,actor_loss_max,30.010446548461914
100000,update,actor_loss_mean,19.112422632217406
100000,update,actor_loss_min,12.225751876831055
100000,update,actor_param_norm,67.14743041992188
100000,update,actor_param_norm_max,67.15184783935547
100000,update,actor_param_norm_mean,66.93887174987793
100000,update,actor_param_norm_min,66.73275756835938
100000,update,actor_update_norm,0.02002814970910549
100000,update,actor_update_norm_max,0.047548871487379074
100000,update,actor_update_norm_mean,0.016329379640519618
100000,update,actor_update_norm_min,0.009189818054437637
100000,update,actor_update_norm_ratio,0.00029827320711396746
100000,update,actor_update_norm_ratio_max,0.0007080873487347633
100000,update,actor_update_norm_ratio_mean,0.00024390754275811983
100000,update,actor_update_norm_ratio_min,0.00013734288109759225
100000,update,alpha,0.005601090379059315
100000,update,alpha_loss,-0.0010808510705828667
100000,update,alpha_loss_max,0.0030650936532765627
100000,update,alpha_loss_mean,-0.00034391217192751355
100000,update,alpha_loss_min,-0.0031809043139219284
100000,update,alpha_max,0.006830078084021807
100000,update,alpha_mean,0.005607626758050174
100000,update,alpha_min,0.0041554998606443405
100000,update,num_optimizer_updates,1000.0
100000,update,policy_entropy_estimate,-1.1930513381958008
100000,update,policy_entropy_estimate_max,-0.5035969018936157
100000,update,policy_entropy_estimate_mean,-1.0722489026784896
100000,update,policy_entropy_estimate_min,-1.6107133626937866
100000,update,policy_log_prob_mean,1.1930513381958008
100000,update,policy_log_prob_mean_max,1.6107133626937866
100000,update,policy_log_prob_mean_mean,1.0722489026784896
100000,update,policy_log_prob_mean_min,0.5035969018936157
100000,update,q1_loss,0.3196336328983307
100000,update,q1_loss_max,7.349236488342285
100000,update,q1_loss_mean,0.5746417126730085
100000,update,q1_loss_min,0.0911007970571518
100000,update,q1_mean,-18.922632217407227
100000,update,q1_mean_max,-11.620116233825684
100000,update,q1_mean_mean,-19.380769143104555
100000,update,q1_mean_min,-30.021728515625
100000,update,q2_loss,0.45372605323791504
100000,update,q2_loss_max,9.48106861114502
100000,update,q2_loss_mean,0.5830265200436116
100000,update,q2_loss_min,0.11033277958631516
100000,update,q2_mean,-18.95729637145996
100000,update,q2_mean_max,-11.788474082946777
100000,update,q2_mean_mean,-19.380776677131653
100000,update,q2_mean_min,-29.940277099609375
100000,update,q_grad_norm,115.0988998413086
100000,update,q_grad_norm_max,1121.328125
100000,update,q_grad_norm_mean,131.284089263916
100000,update,q_grad_norm_min,28.199932098388672
100000,update,q_loss,0.7733596563339233
100000,update,q_loss_cleanrl_logged,0.38667982816696167
100000,update,q_loss_cleanrl_logged_max,8.415152549743652
100000,update,q_loss_cleanrl_logged_mean,0.5788341172337532
100000,update,q_loss_cleanrl_logged_min,0.14031802117824554
100000,update,q_loss_max,16.830305099487305
100000,update,q_loss_mean,1.1576682344675064
100000,update,q_loss_min,0.2806360423564911
100000,update,q_param_norm,348.49647521972656
100000,update,q_param_norm_max,348.49647521972656
100000,update,q_param_norm_mean,347.8843959350586
100000,update,q_param_norm_min,347.3041687011719
100000,update,q_update_norm,0.027825908735394478
100000,update,q_update_norm_max,0.10355490446090698
100000,update,q_update_norm_mean,0.0356686833743006
100000,update,q_update_norm_min,0.017784779891371727
100000,update,q_update_norm_ratio,0.000112900245908172
100000,update,q_update_norm_ratio_max,0.00042081282295007984
100000,update,q_update_norm_ratio_mean,0.00014497421517197063
100000,update,q_update_norm_ratio_min,7.217640874447922e-05
100000,update,target_q_mean,-18.805240631103516
100000,update,target_q_mean_max,-11.982466697692871
100000,update,target_q_mean_mean,-19.381018480300902
100000,update,target_q_mean_min,-30.217416763305664
100000,replay,action_abs_max,2.0
100000,replay,action_abs_mean,0.7112723588943481
100000,replay,action_saturation_fraction,0.0735
100000,replay,capacity,100000.0
100000,replay,done_fraction,0.0
100000,replay,fill_fraction,1.0
100000,replay,near_upright_any_transition_fraction,0.79621
100000,replay,near_upright_next_obs_fraction,0.79606
100000,replay,near_upright_obs_fraction,0.79191
100000,replay,reward_max,-1.0757337349787122e-06
100000,replay,reward_mean,-1.0981693267822266
100000,replay,reward_min,-16.252336502075195
100000,replay,reward_std,2.7793915271759033
100000,replay,sample_count_max,863.0
100000,replay,sample_count_mean,243.2
100000,replay,size,100000.0
100000,replay,transition_age_max,99999.0
100000,replay,transition_age_mean,49999.5
100000,diagnostics,actor_layer0_activation_abs_max,4.072894096374512
100000,diagnostics,actor_layer0_activation_abs_mean,0.11616041511297226
100000,diagnostics,actor_layer0_dormant_fraction,0.0625
100000,diagnostics,actor_layer0_effective_rank_fraction,0.05333780497312546
100000,diagnostics,actor_layer1_activation_abs_max,7.312768936157227
100000,diagnostics,actor_layer1_activation_abs_mean,0.043061450123786926
100000,diagnostics,actor_layer1_dormant_fraction,0.41015625
100000,diagnostics,actor_layer1_effective_rank_fraction,0.12230774760246277
100000,diagnostics,actor_param_norm,67.14743041992188
100000,diagnostics,alpha,0.005601090379059315
100000,diagnostics,q1_layer0_activation_abs_max,7.774651527404785
100000,diagnostics,q1_layer0_activation_abs_mean,0.36246180534362793
100000,diagnostics,q1_layer0_dormant_fraction,0.0390625
100000,diagnostics,q1_layer0_effective_rank_fraction,0.05634067952632904
100000,diagnostics,q1_layer1_activation_abs_max,52.3453369140625
100000,diagnostics,q1_layer1_activation_abs_mean,3.231365919113159
100000,diagnostics,q1_layer1_dormant_fraction,0.421875
100000,diagnostics,q1_layer1_effective_rank_fraction,0.06106248125433922
100000,diagnostics,q1_param_norm,177.50962829589844
100000,diagnostics,q2_layer0_activation_abs_max,6.536847114562988
100000,diagnostics,q2_layer0_activation_abs_mean,0.3266792297363281
100000,diagnostics,q2_layer0_dormant_fraction,0.0546875
100000,diagnostics,q2_layer0_effective_rank_fraction,0.05515376850962639
100000,diagnostics,q2_layer1_activation_abs_max,30.201526641845703
100000,diagnostics,q2_layer1_activation_abs_mean,3.297370195388794
100000,diagnostics,q2_layer1_dormant_fraction,0.46484375
100000,diagnostics,q2_layer1_effective_rank_fraction,0.05806410685181618
100000,diagnostics,q2_param_norm,170.98684692382812
100000,eval,best_return,-0.3687819575383239
100000,eval,collapse_rate,0.0
100000,eval,failure_rate,0.6
100000,eval,fraction_return_ge_-100,0.2
100000,eval,fraction_return_ge_-150,0.4
100000,eval,fraction_return_ge_-200,0.4
100000,eval,fraction_return_ge_-250,0.8
100000,eval,max_not_near_upright_streak,69.0
100000,eval,mean_episode_length,200.0
100000,eval,mean_min_step_reward,-10.448884584095342
100000,eval,mean_return,-171.8971283567208
100000,eval,median_return,-225.03324888577828
100000,eval,near_upright_fraction,0.8285
100000,eval,num_collapses,0.0
100000,eval,num_eval_episodes,10.0
100000,eval,num_strict_successes,4.0
100000,eval,num_successes,4.0
100000,eval,return_failure_rate,0.6
100000,eval,return_p05,-270.07936166375003
100000,eval,return_p10,-257.2874672383124
100000,eval,return_p25,-243.1763993471959
100000,eval,return_p75,-120.90580604516705
100000,eval,return_p90,-0.3914889024212593
100000,eval,return_p95,-0.3801354299797916
100000,eval,return_reliability_nines_empirical,0.22184874961635637
100000,eval,return_reliability_nines_wilson95_low,0.07997081395541751
100000,eval,return_success_rate,0.4
100000,eval,stability_success_rate,0.5
100000,eval,std_return,99.3350562282718
100000,eval,streak_success_rate,0.9
100000,eval,strict_failure_rate,0.6
100000,eval,strict_reliability_nines_empirical,0.22184874961635637
100000,eval,strict_reliability_nines_wilson95_low,0.07997081395541751
100000,eval,strict_success_rate,0.4
100000,eval,strict_success_rate_wilson95_high,0.6873262302663417
100000,eval,strict_success_rate_wilson95_low,0.16818032970623614
100000,eval,success_rate,0.4
100000,eval,success_rate_wilson95_high,0.6873262302663417
100000,eval,success_rate_wilson95_low,0.16818032970623614
100000,eval,worst_episode_near_upright_fraction,0.655
100000,eval,worst_min_step_reward,-14.890919758577741
100000,eval,worst_return,-282.87125608918774
